solid OpenSCAD_Model
  facet normal 0 0 -1
    outer loop
      vertex 23.802010101267765 -5.797989898732233 0
      vertex 23.757512886940358 -5.739999999999999 0
      vertex 24.197989898732235 -5.797989898732233 0
    endloop
  endfacet
  facet normal 0 0 -1
    outer loop
      vertex 23.802010101267765 -5.797989898732233 0
      vertex 24.14 -5.842487113059643 0
      vertex 23.86 -5.842487113059643 0
    endloop
  endfacet
  facet normal 0 0 -1
    outer loop
      vertex 23.86 -5.842487113059643 0
      vertex 24.072469332628707 -5.870459231360939 0
      vertex 23.927530667371293 -5.870459231360939 0
    endloop
  endfacet
  facet normal 0 0 -1
    outer loop
      vertex 23.927530667371293 -5.870459231360939 0
      vertex 24.072469332628707 -5.870459231360939 0
      vertex 24 -5.88 0
    endloop
  endfacet
  facet normal 0 0 -1
    outer loop
      vertex 23.86 -5.842487113059643 0
      vertex 24.14 -5.842487113059643 0
      vertex 24.072469332628707 -5.870459231360939 0
    endloop
  endfacet
  facet normal 0 0 -1
    outer loop
      vertex 23.802010101267765 -5.797989898732233 0
      vertex 24.197989898732235 -5.797989898732233 0
      vertex 24.14 -5.842487113059643 0
    endloop
  endfacet
  facet normal 0 0 -1
    outer loop
      vertex 23.729540768639062 -5.6724693326287055 0
      vertex 24.242487113059642 -5.739999999999999 0
      vertex 23.757512886940358 -5.739999999999999 0
    endloop
  endfacet
  facet normal 0 0 -1
    outer loop
      vertex 23.72 -5.6 0
      vertex 23.729540768639062 -5.527530667371294 0
      vertex 24.28 -5.6 0
    endloop
  endfacet
  facet normal 0 0 -1
    outer loop
      vertex 23.729540768639062 -5.6724693326287055 0
      vertex 23.72 -5.6 0
      vertex 24.270459231360938 -5.6724693326287055 0
    endloop
  endfacet
  facet normal 0 0 -1
    outer loop
      vertex 23.757512886940358 -5.739999999999999 0
      vertex 24.242487113059642 -5.739999999999999 0
      vertex 24.197989898732235 -5.797989898732233 0
    endloop
  endfacet
  facet normal 0 0 -1
    outer loop
      vertex 23.757512886940358 -5.46 0
      vertex 24.270459231360938 -5.527530667371294 0
      vertex 23.729540768639062 -5.527530667371294 0
    endloop
  endfacet
  facet normal 0 0 -1
    outer loop
      vertex 23.802010101267765 -5.402010101267766 0
      vertex 23.86 -5.3575128869403565 0
      vertex 24.197989898732235 -5.402010101267766 0
    endloop
  endfacet
  facet normal 0 0 -1
    outer loop
      vertex 23.757512886940358 -5.46 0
      vertex 23.802010101267765 -5.402010101267766 0
      vertex 24.242487113059642 -5.46 0
    endloop
  endfacet
  facet normal 0 0 -1
    outer loop
      vertex 23.86 -5.3575128869403565 0
      vertex 24.14 -5.3575128869403565 0
      vertex 24.197989898732235 -5.402010101267766 0
    endloop
  endfacet
  facet normal 0 0 -1
    outer loop
      vertex 23.729540768639062 -5.6724693326287055 0
      vertex 24.270459231360938 -5.6724693326287055 0
      vertex 24.242487113059642 -5.739999999999999 0
    endloop
  endfacet
  facet normal 0 0 -1
    outer loop
      vertex 23.72 -5.6 0
      vertex 24.28 -5.6 0
      vertex 24.270459231360938 -5.6724693326287055 0
    endloop
  endfacet
  facet normal 0 0 -1
    outer loop
      vertex 23.757512886940358 -5.46 0
      vertex 24.242487113059642 -5.46 0
      vertex 24.270459231360938 -5.527530667371294 0
    endloop
  endfacet
  facet normal 0 0 -1
    outer loop
      vertex 23.729540768639062 -5.527530667371294 0
      vertex 24.270459231360938 -5.527530667371294 0
      vertex 24.28 -5.6 0
    endloop
  endfacet
  facet normal 0 0 -1
    outer loop
      vertex 23.802010101267765 -5.402010101267766 0
      vertex 24.197989898732235 -5.402010101267766 0
      vertex 24.242487113059642 -5.46 0
    endloop
  endfacet
  facet normal 0 0 -1
    outer loop
      vertex 23.86 -5.3575128869403565 0
      vertex 23.927530667371293 -5.329540768639061 0
      vertex 24.14 -5.3575128869403565 0
    endloop
  endfacet
  facet normal 0 0 -1
    outer loop
      vertex 23.927530667371293 -5.329540768639061 0
      vertex 24 -5.319999999999999 0
      vertex 24.072469332628707 -5.329540768639061 0
    endloop
  endfacet
  facet normal 0 0 -1
    outer loop
      vertex 24.14 -5.3575128869403565 0
      vertex 23.927530667371293 -5.329540768639061 0
      vertex 24.072469332628707 -5.329540768639061 0
    endloop
  endfacet
  facet normal -0.6087614290087155 -0.7933533402912389 0
    outer loop
      vertex 23.802010101267765 -5.797989898732233 0
      vertex 23.86 -5.842487113059643 0
      vertex 23.802010101267765 -5.797989898732233 7.386612204649416
    endloop
  endfacet
  facet normal -0.9238795325112876 -0.3826834323650875 0
    outer loop
      vertex 23.729540768639062 -5.6724693326287055 0
      vertex 23.757512886940358 -5.739999999999999 0
      vertex 23.757512886940358 -5.739999999999999 7.380909525217808
    endloop
  endfacet
  facet normal -0.9914448613738067 0.13052619222007938 0
    outer loop
      vertex 23.72 -5.6 0
      vertex 23.72 -5.6 7.380909525217808
      vertex 23.729540768639062 -5.527530667371294 0
    endloop
  endfacet
  facet normal -0.9914448613738067 -0.13052619222007938 0
    outer loop
      vertex 23.729540768639062 -5.6724693326287055 0
      vertex 23.72 -5.6 7.380909525217808
      vertex 23.72 -5.6 0
    endloop
  endfacet
  facet normal -0.7933533402912522 -0.6087614290086985 0
    outer loop
      vertex 23.802010101267765 -5.797989898732233 0
      vertex 23.757512886940358 -5.739999999999999 7.380909525217808
      vertex 23.757512886940358 -5.739999999999999 0
    endloop
  endfacet
  facet normal -0.9238795325112876 0.3826834323650875 0
    outer loop
      vertex 23.757512886940358 -5.46 0
      vertex 23.729540768639062 -5.527530667371294 0
      vertex 23.757512886940358 -5.46 7.380909525217808
    endloop
  endfacet
  facet normal -0.6087614290087155 0.793353340291239 0
    outer loop
      vertex 23.802010101267765 -5.402010101267766 0
      vertex 23.86 -5.3575128869403565 7.380909525217808
      vertex 23.86 -5.3575128869403565 0
    endloop
  endfacet
  facet normal -0.7933533402912522 0.6087614290086985 0
    outer loop
      vertex 23.757512886940358 -5.46 0
      vertex 23.757512886940358 -5.46 7.380909525217808
      vertex 23.802010101267765 -5.402010101267766 0
    endloop
  endfacet
  facet normal -0.13052619222005393 -0.99144486137381 0
    outer loop
      vertex 23.927530667371293 -5.870459231360939 0
      vertex 24 -5.88 0
      vertex 23.927530667371293 -5.870459231360939 7.386612204649415
    endloop
  endfacet
  facet normal -0.3826834323650875 -0.9238795325112876 0
    outer loop
      vertex 23.86 -5.842487113059643 0
      vertex 23.927530667371293 -5.870459231360939 0
      vertex 23.86 -5.842487113059643 7.380909525217808
    endloop
  endfacet
  facet normal 0.13052619222005393 -0.99144486137381 0
    outer loop
      vertex 24 -5.88 0
      vertex 24.072469332628707 -5.870459231360939 0
      vertex 24 -5.88 7.380909525217808
    endloop
  endfacet
  facet normal 0.6087614290087155 -0.793353340291239 0
    outer loop
      vertex 24.14 -5.842487113059643 0
      vertex 24.197989898732235 -5.797989898732233 0
      vertex 24.14 -5.842487113059643 7.380909525217808
    endloop
  endfacet
  facet normal 0.3826834323650875 -0.9238795325112876 0
    outer loop
      vertex 24.072469332628707 -5.870459231360939 0
      vertex 24.14 -5.842487113059643 0
      vertex 24.072469332628707 -5.870459231360939 7.386612204649415
    endloop
  endfacet
  facet normal 0.9238795325112876 -0.3826834323650875 0
    outer loop
      vertex 24.270459231360938 -5.6724693326287055 0
      vertex 24.242487113059642 -5.739999999999999 7.380909525217808
      vertex 24.242487113059642 -5.739999999999999 0
    endloop
  endfacet
  facet normal 0.7933533402912522 -0.6087614290086985 0
    outer loop
      vertex 24.197989898732235 -5.797989898732233 0
      vertex 24.242487113059642 -5.739999999999999 0
      vertex 24.242487113059642 -5.739999999999999 7.380909525217808
    endloop
  endfacet
  facet normal 0.9914448613738067 0.13052619222007938 0
    outer loop
      vertex 24.28 -5.6 0
      vertex 24.270459231360938 -5.527530667371294 0
      vertex 24.28 -5.6 7.380909525217808
    endloop
  endfacet
  facet normal 0.9914448613738067 -0.13052619222007938 0
    outer loop
      vertex 24.270459231360938 -5.6724693326287055 0
      vertex 24.28 -5.6 0
      vertex 24.28 -5.6 7.380909525217808
    endloop
  endfacet
  facet normal 0.9238795325112876 0.3826834323650875 0
    outer loop
      vertex 24.242487113059642 -5.46 0
      vertex 24.242487113059642 -5.46 7.380909525217808
      vertex 24.270459231360938 -5.527530667371294 0
    endloop
  endfacet
  facet normal 0.6087614290087155 0.7933533402912389 0
    outer loop
      vertex 24.14 -5.3575128869403565 0
      vertex 24.197989898732235 -5.402010101267766 7.386612204649416
      vertex 24.197989898732235 -5.402010101267766 0
    endloop
  endfacet
  facet normal 0.7933533402912522 0.6087614290086985 0
    outer loop
      vertex 24.242487113059642 -5.46 0
      vertex 24.197989898732235 -5.402010101267766 0
      vertex 24.242487113059642 -5.46 7.380909525217808
    endloop
  endfacet
  facet normal -0.3826834323650875 0.9238795325112876 0
    outer loop
      vertex 23.86 -5.3575128869403565 0
      vertex 23.927530667371293 -5.329540768639061 7.386612204649415
      vertex 23.927530667371293 -5.329540768639061 0
    endloop
  endfacet
  facet normal -0.13052619222005393 0.99144486137381 0
    outer loop
      vertex 23.927530667371293 -5.329540768639061 0
      vertex 24 -5.319999999999999 7.380909525217808
      vertex 24 -5.319999999999999 0
    endloop
  endfacet
  facet normal 0.13052619222005393 0.99144486137381 0
    outer loop
      vertex 24 -5.319999999999999 0
      vertex 24.072469332628707 -5.329540768639061 7.386612204649415
      vertex 24.072469332628707 -5.329540768639061 0
    endloop
  endfacet
  facet normal 0.3826834323650875 0.9238795325112876 0
    outer loop
      vertex 24.14 -5.3575128869403565 0
      vertex 24.072469332628707 -5.329540768639061 0
      vertex 24.14 -5.3575128869403565 7.380909525217808
    endloop
  endfacet
  facet normal -0.7933533402912522 -0.6087614290086986 0
    outer loop
      vertex 23.802010101267765 -5.797989898732233 0
      vertex 23.802010101267765 -5.797989898732233 7.386612204649416
      vertex 23.757512886940358 -5.739999999999999 7.380909525217808
    endloop
  endfacet
  facet normal -0.6087614290087155 -0.793353340291239 0
    outer loop
      vertex 23.86 -5.842487113059643 0
      vertex 23.86 -5.842487113059643 7.380909525217808
      vertex 23.802010101267765 -5.797989898732233 7.386612204649416
    endloop
  endfacet
  facet normal -0.9238795325112877 -0.38268343236508756 0
    outer loop
      vertex 23.729540768639062 -5.6724693326287055 0
      vertex 23.757512886940358 -5.739999999999999 7.380909525217808
      vertex 23.729540768639062 -5.6724693326287055 7.386612204649416
    endloop
  endfacet
  facet normal -0.9914448613738067 -0.13052619222007938 0
    outer loop
      vertex 23.729540768639062 -5.6724693326287055 0
      vertex 23.729540768639062 -5.6724693326287055 7.386612204649416
      vertex 23.72 -5.6 7.380909525217808
    endloop
  endfacet
  facet normal -0.9238795325112877 0.38268343236508756 0
    outer loop
      vertex 23.729540768639062 -5.527530667371294 0
      vertex 23.729540768639062 -5.527530667371294 7.386612204649416
      vertex 23.757512886940358 -5.46 7.380909525217808
    endloop
  endfacet
  facet normal -0.9914448613738067 0.13052619222007938 0
    outer loop
      vertex 23.729540768639062 -5.527530667371294 0
      vertex 23.72 -5.6 7.380909525217808
      vertex 23.729540768639062 -5.527530667371294 7.386612204649416
    endloop
  endfacet
  facet normal -0.6087614290087155 0.7933533402912389 0
    outer loop
      vertex 23.802010101267765 -5.402010101267766 0
      vertex 23.802010101267765 -5.402010101267766 7.386612204649416
      vertex 23.86 -5.3575128869403565 7.380909525217808
    endloop
  endfacet
  facet normal -0.7933533402912522 0.6087614290086986 0
    outer loop
      vertex 23.802010101267765 -5.402010101267766 0
      vertex 23.757512886940358 -5.46 7.380909525217808
      vertex 23.802010101267765 -5.402010101267766 7.386612204649416
    endloop
  endfacet
  facet normal -0.3826834323650875 -0.9238795325112876 0
    outer loop
      vertex 23.927530667371293 -5.870459231360939 0
      vertex 23.927530667371293 -5.870459231360939 7.386612204649415
      vertex 23.86 -5.842487113059643 7.380909525217808
    endloop
  endfacet
  facet normal -0.13052619222005393 -0.99144486137381 0
    outer loop
      vertex 24 -5.88 0
      vertex 24 -5.88 7.380909525217808
      vertex 23.927530667371293 -5.870459231360939 7.386612204649415
    endloop
  endfacet
  facet normal 0.13052619222005393 -0.99144486137381 0
    outer loop
      vertex 24.072469332628707 -5.870459231360939 0
      vertex 24.072469332628707 -5.870459231360939 7.386612204649415
      vertex 24 -5.88 7.380909525217808
    endloop
  endfacet
  facet normal 0.3826834323650875 -0.9238795325112876 0
    outer loop
      vertex 24.14 -5.842487113059643 0
      vertex 24.14 -5.842487113059643 7.380909525217808
      vertex 24.072469332628707 -5.870459231360939 7.386612204649415
    endloop
  endfacet
  facet normal 0.7933533402912522 -0.6087614290086986 0
    outer loop
      vertex 24.197989898732235 -5.797989898732233 0
      vertex 24.242487113059642 -5.739999999999999 7.380909525217808
      vertex 24.197989898732235 -5.797989898732233 7.386612204649416
    endloop
  endfacet
  facet normal 0.6087614290087155 -0.7933533402912389 0
    outer loop
      vertex 24.197989898732235 -5.797989898732233 0
      vertex 24.197989898732235 -5.797989898732233 7.386612204649416
      vertex 24.14 -5.842487113059643 7.380909525217808
    endloop
  endfacet
  facet normal 0.9238795325112877 -0.38268343236508756 0
    outer loop
      vertex 24.270459231360938 -5.6724693326287055 0
      vertex 24.270459231360938 -5.6724693326287055 7.386612204649416
      vertex 24.242487113059642 -5.739999999999999 7.380909525217808
    endloop
  endfacet
  facet normal 0.9914448613738067 -0.13052619222007938 0
    outer loop
      vertex 24.270459231360938 -5.6724693326287055 0
      vertex 24.28 -5.6 7.380909525217808
      vertex 24.270459231360938 -5.6724693326287055 7.386612204649416
    endloop
  endfacet
  facet normal 0.6087614290087155 0.793353340291239 0
    outer loop
      vertex 24.14 -5.3575128869403565 0
      vertex 24.14 -5.3575128869403565 7.380909525217808
      vertex 24.197989898732235 -5.402010101267766 7.386612204649416
    endloop
  endfacet
  facet normal 0.9238795325112877 0.38268343236508756 0
    outer loop
      vertex 24.270459231360938 -5.527530667371294 0
      vertex 24.242487113059642 -5.46 7.380909525217808
      vertex 24.270459231360938 -5.527530667371294 7.386612204649416
    endloop
  endfacet
  facet normal 0.9914448613738067 0.13052619222007938 0
    outer loop
      vertex 24.270459231360938 -5.527530667371294 0
      vertex 24.270459231360938 -5.527530667371294 7.386612204649416
      vertex 24.28 -5.6 7.380909525217808
    endloop
  endfacet
  facet normal 0.7933533402912522 0.6087614290086986 0
    outer loop
      vertex 24.197989898732235 -5.402010101267766 0
      vertex 24.197989898732235 -5.402010101267766 7.386612204649416
      vertex 24.242487113059642 -5.46 7.380909525217808
    endloop
  endfacet
  facet normal -0.13052619222005393 0.99144486137381 0
    outer loop
      vertex 23.927530667371293 -5.329540768639061 0
      vertex 23.927530667371293 -5.329540768639061 7.386612204649415
      vertex 24 -5.319999999999999 7.380909525217808
    endloop
  endfacet
  facet normal -0.3826834323650875 0.9238795325112876 0
    outer loop
      vertex 23.86 -5.3575128869403565 0
      vertex 23.86 -5.3575128869403565 7.380909525217808
      vertex 23.927530667371293 -5.329540768639061 7.386612204649415
    endloop
  endfacet
  facet normal 0.13052619222005393 0.99144486137381 0
    outer loop
      vertex 24 -5.319999999999999 0
      vertex 24 -5.319999999999999 7.380909525217808
      vertex 24.072469332628707 -5.329540768639061 7.386612204649415
    endloop
  endfacet
  facet normal 0.3826834323650875 0.9238795325112876 0
    outer loop
      vertex 24.072469332628707 -5.329540768639061 0
      vertex 24.072469332628707 -5.329540768639061 7.386612204649415
      vertex 24.14 -5.3575128869403565 7.380909525217808
    endloop
  endfacet
  facet normal 0 0 -1
    outer loop
      vertex -5.88 -24 0
      vertex -5.870459231360939 -23.927530667371293 0
      vertex -5.870459231360939 -24.072469332628707 0
    endloop
  endfacet
  facet normal 0 0 -1
    outer loop
      vertex -5.842487113059643 -24.14 0
      vertex -5.870459231360939 -24.072469332628707 0
      vertex -5.842487113059643 -23.86 0
    endloop
  endfacet
  facet normal 0 0 -1
    outer loop
      vertex -5.797989898732233 -24.197989898732235 0
      vertex -5.842487113059643 -24.14 0
      vertex -5.797989898732233 -23.802010101267765 0
    endloop
  endfacet
  facet normal 0 0 -1
    outer loop
      vertex -5.797989898732233 -24.197989898732235 0
      vertex -5.797989898732233 -23.802010101267765 0
      vertex -5.739999999999999 -23.757512886940358 0
    endloop
  endfacet
  facet normal 0 0 -1
    outer loop
      vertex -5.842487113059643 -24.14 0
      vertex -5.842487113059643 -23.86 0
      vertex -5.797989898732233 -23.802010101267765 0
    endloop
  endfacet
  facet normal 0 0 -1
    outer loop
      vertex -5.870459231360939 -24.072469332628707 0
      vertex -5.870459231360939 -23.927530667371293 0
      vertex -5.842487113059643 -23.86 0
    endloop
  endfacet
  facet normal 0 0 -1
    outer loop
      vertex -5.6724693326287055 -24.270459231360938 0
      vertex -5.739999999999999 -24.242487113059642 0
      vertex -5.6724693326287055 -23.729540768639062 0
    endloop
  endfacet
  facet normal 0 0 -1
    outer loop
      vertex -5.6724693326287055 -24.270459231360938 0
      vertex -5.6 -23.72 0
      vertex -5.6 -24.28 0
    endloop
  endfacet
  facet normal 0 0 -1
    outer loop
      vertex -5.797989898732233 -24.197989898732235 0
      vertex -5.739999999999999 -23.757512886940358 0
      vertex -5.739999999999999 -24.242487113059642 0
    endloop
  endfacet
  facet normal 0 0 -1
    outer loop
      vertex -5.739999999999999 -24.242487113059642 0
      vertex -5.739999999999999 -23.757512886940358 0
      vertex -5.6724693326287055 -23.729540768639062 0
    endloop
  endfacet
  facet normal 0 0 -1
    outer loop
      vertex -5.6 -24.28 0
      vertex -5.6 -23.72 0
      vertex -5.527530667371294 -23.729540768639062 0
    endloop
  endfacet
  facet normal 0 0 -1
    outer loop
      vertex -5.6724693326287055 -24.270459231360938 0
      vertex -5.6724693326287055 -23.729540768639062 0
      vertex -5.6 -23.72 0
    endloop
  endfacet
  facet normal 0 0 -1
    outer loop
      vertex -5.46 -24.242487113059642 0
      vertex -5.527530667371294 -24.270459231360938 0
      vertex -5.46 -23.757512886940358 0
    endloop
  endfacet
  facet normal 0 0 -1
    outer loop
      vertex -5.6 -24.28 0
      vertex -5.527530667371294 -23.729540768639062 0
      vertex -5.527530667371294 -24.270459231360938 0
    endloop
  endfacet
  facet normal 0 0 -1
    outer loop
      vertex -5.46 -24.242487113059642 0
      vertex -5.402010101267766 -23.802010101267765 0
      vertex -5.402010101267766 -24.197989898732235 0
    endloop
  endfacet
  facet normal 0 0 -1
    outer loop
      vertex -5.527530667371294 -24.270459231360938 0
      vertex -5.527530667371294 -23.729540768639062 0
      vertex -5.46 -23.757512886940358 0
    endloop
  endfacet
  facet normal 0 0 -1
    outer loop
      vertex -5.402010101267766 -24.197989898732235 0
      vertex -5.3575128869403565 -23.86 0
      vertex -5.3575128869403565 -24.14 0
    endloop
  endfacet
  facet normal 0 0 -1
    outer loop
      vertex -5.402010101267766 -24.197989898732235 0
      vertex -5.402010101267766 -23.802010101267765 0
      vertex -5.3575128869403565 -23.86 0
    endloop
  endfacet
  facet normal 0 0 -1
    outer loop
      vertex -5.46 -24.242487113059642 0
      vertex -5.46 -23.757512886940358 0
      vertex -5.402010101267766 -23.802010101267765 0
    endloop
  endfacet
  facet normal 0 0 -1
    outer loop
      vertex -5.3575128869403565 -24.14 0
      vertex -5.3575128869403565 -23.86 0
      vertex -5.329540768639061 -23.927530667371293 0
    endloop
  endfacet
  facet normal 0 0 -1
    outer loop
      vertex -5.319999999999999 -24 0
      vertex -5.329540768639061 -24.072469332628707 0
      vertex -5.329540768639061 -23.927530667371293 0
    endloop
  endfacet
  facet normal 0 0 -1
    outer loop
      vertex -5.3575128869403565 -24.14 0
      vertex -5.329540768639061 -23.927530667371293 0
      vertex -5.329540768639061 -24.072469332628707 0
    endloop
  endfacet
  facet normal -0.793353340291239 -0.6087614290087155 0
    outer loop
      vertex -5.797989898732233 -24.197989898732235 0
      vertex -5.842487113059643 -24.14 7.380909525217808
      vertex -5.842487113059643 -24.14 0
    endloop
  endfacet
  facet normal -0.9238795325112876 -0.3826834323650875 0
    outer loop
      vertex -5.842487113059643 -24.14 0
      vertex -5.870459231360939 -24.072469332628707 7.386612204649415
      vertex -5.870459231360939 -24.072469332628707 0
    endloop
  endfacet
  facet normal -0.99144486137381 -0.13052619222005393 0
    outer loop
      vertex -5.88 -24 0
      vertex -5.870459231360939 -24.072469332628707 0
      vertex -5.88 -24 7.380909525217808
    endloop
  endfacet
  facet normal -0.99144486137381 0.13052619222005393 0
    outer loop
      vertex -5.88 -24 0
      vertex -5.870459231360939 -23.927530667371293 7.386612204649415
      vertex -5.870459231360939 -23.927530667371293 0
    endloop
  endfacet
  facet normal -0.9238795325112876 0.3826834323650875 0
    outer loop
      vertex -5.870459231360939 -23.927530667371293 0
      vertex -5.842487113059643 -23.86 7.380909525217808
      vertex -5.842487113059643 -23.86 0
    endloop
  endfacet
  facet normal -0.7933533402912389 0.6087614290087155 0
    outer loop
      vertex -5.797989898732233 -23.802010101267765 0
      vertex -5.842487113059643 -23.86 0
      vertex -5.797989898732233 -23.802010101267765 7.386612204649416
    endloop
  endfacet
  facet normal -0.3826834323650875 -0.9238795325112876 0
    outer loop
      vertex -5.6724693326287055 -24.270459231360938 0
      vertex -5.739999999999999 -24.242487113059642 7.380909525217808
      vertex -5.739999999999999 -24.242487113059642 0
    endloop
  endfacet
  facet normal -0.6087614290086985 -0.7933533402912522 0
    outer loop
      vertex -5.797989898732233 -24.197989898732235 0
      vertex -5.739999999999999 -24.242487113059642 0
      vertex -5.739999999999999 -24.242487113059642 7.380909525217808
    endloop
  endfacet
  facet normal 0.13052619222007938 -0.9914448613738067 0
    outer loop
      vertex -5.6 -24.28 0
      vertex -5.527530667371294 -24.270459231360938 0
      vertex -5.6 -24.28 7.380909525217808
    endloop
  endfacet
  facet normal -0.13052619222007938 -0.9914448613738067 0
    outer loop
      vertex -5.6724693326287055 -24.270459231360938 0
      vertex -5.6 -24.28 0
      vertex -5.6 -24.28 7.380909525217808
    endloop
  endfacet
  facet normal 0.3826834323650875 -0.9238795325112876 0
    outer loop
      vertex -5.46 -24.242487113059642 0
      vertex -5.46 -24.242487113059642 7.380909525217808
      vertex -5.527530667371294 -24.270459231360938 0
    endloop
  endfacet
  facet normal 0.7933533402912389 -0.6087614290087155 0
    outer loop
      vertex -5.402010101267766 -24.197989898732235 0
      vertex -5.3575128869403565 -24.14 0
      vertex -5.402010101267766 -24.197989898732235 7.386612204649416
    endloop
  endfacet
  facet normal 0.6087614290086985 -0.7933533402912522 0
    outer loop
      vertex -5.46 -24.242487113059642 0
      vertex -5.402010101267766 -24.197989898732235 0
      vertex -5.46 -24.242487113059642 7.380909525217808
    endloop
  endfacet
  facet normal 0.9238795325112876 -0.3826834323650875 0
    outer loop
      vertex -5.3575128869403565 -24.14 0
      vertex -5.329540768639061 -24.072469332628707 0
      vertex -5.3575128869403565 -24.14 7.380909525217808
    endloop
  endfacet
  facet normal 0.99144486137381 0.13052619222005393 0
    outer loop
      vertex -5.319999999999999 -24 0
      vertex -5.329540768639061 -23.927530667371293 0
      vertex -5.319999999999999 -24 7.380909525217808
    endloop
  endfacet
  facet normal 0.99144486137381 -0.13052619222005393 0
    outer loop
      vertex -5.319999999999999 -24 0
      vertex -5.329540768639061 -24.072469332628707 7.386612204649415
      vertex -5.329540768639061 -24.072469332628707 0
    endloop
  endfacet
  facet normal 0.9238795325112876 0.3826834323650875 0
    outer loop
      vertex -5.329540768639061 -23.927530667371293 0
      vertex -5.3575128869403565 -23.86 0
      vertex -5.329540768639061 -23.927530667371293 7.386612204649415
    endloop
  endfacet
  facet normal -0.6087614290086985 0.7933533402912522 0
    outer loop
      vertex -5.797989898732233 -23.802010101267765 0
      vertex -5.739999999999999 -23.757512886940358 7.380909525217808
      vertex -5.739999999999999 -23.757512886940358 0
    endloop
  endfacet
  facet normal -0.3826834323650875 0.9238795325112876 0
    outer loop
      vertex -5.6724693326287055 -23.729540768639062 0
      vertex -5.739999999999999 -23.757512886940358 0
      vertex -5.739999999999999 -23.757512886940358 7.380909525217808
    endloop
  endfacet
  facet normal 0.13052619222007938 0.9914448613738067 0
    outer loop
      vertex -5.6 -23.72 0
      vertex -5.6 -23.72 7.380909525217808
      vertex -5.527530667371294 -23.729540768639062 0
    endloop
  endfacet
  facet normal -0.13052619222007938 0.9914448613738067 0
    outer loop
      vertex -5.6724693326287055 -23.729540768639062 0
      vertex -5.6 -23.72 7.380909525217808
      vertex -5.6 -23.72 0
    endloop
  endfacet
  facet normal 0.3826834323650875 0.9238795325112876 0
    outer loop
      vertex -5.46 -23.757512886940358 0
      vertex -5.527530667371294 -23.729540768639062 0
      vertex -5.46 -23.757512886940358 7.380909525217808
    endloop
  endfacet
  facet normal 0.793353340291239 0.6087614290087155 0
    outer loop
      vertex -5.402010101267766 -23.802010101267765 0
      vertex -5.3575128869403565 -23.86 7.380909525217808
      vertex -5.3575128869403565 -23.86 0
    endloop
  endfacet
  facet normal 0.6087614290086985 0.7933533402912522 0
    outer loop
      vertex -5.46 -23.757512886940358 0
      vertex -5.46 -23.757512886940358 7.380909525217808
      vertex -5.402010101267766 -23.802010101267765 0
    endloop
  endfacet
  facet normal -0.6087614290086986 -0.7933533402912522 0
    outer loop
      vertex -5.797989898732233 -24.197989898732235 0
      vertex -5.739999999999999 -24.242487113059642 7.380909525217808
      vertex -5.797989898732233 -24.197989898732235 7.386612204649416
    endloop
  endfacet
  facet normal -0.7933533402912389 -0.6087614290087155 0
    outer loop
      vertex -5.797989898732233 -24.197989898732235 0
      vertex -5.797989898732233 -24.197989898732235 7.386612204649416
      vertex -5.842487113059643 -24.14 7.380909525217808
    endloop
  endfacet
  facet normal -0.9238795325112876 -0.3826834323650875 0
    outer loop
      vertex -5.842487113059643 -24.14 0
      vertex -5.842487113059643 -24.14 7.380909525217808
      vertex -5.870459231360939 -24.072469332628707 7.386612204649415
    endloop
  endfacet
  facet normal -0.99144486137381 0.13052619222005393 0
    outer loop
      vertex -5.88 -24 0
      vertex -5.88 -24 7.380909525217808
      vertex -5.870459231360939 -23.927530667371293 7.386612204649415
    endloop
  endfacet
  facet normal -0.99144486137381 -0.13052619222005393 0
    outer loop
      vertex -5.870459231360939 -24.072469332628707 0
      vertex -5.870459231360939 -24.072469332628707 7.386612204649415
      vertex -5.88 -24 7.380909525217808
    endloop
  endfacet
  facet normal -0.9238795325112876 0.3826834323650875 0
    outer loop
      vertex -5.870459231360939 -23.927530667371293 0
      vertex -5.870459231360939 -23.927530667371293 7.386612204649415
      vertex -5.842487113059643 -23.86 7.380909525217808
    endloop
  endfacet
  facet normal -0.6087614290086986 0.7933533402912522 0
    outer loop
      vertex -5.797989898732233 -23.802010101267765 0
      vertex -5.797989898732233 -23.802010101267765 7.386612204649416
      vertex -5.739999999999999 -23.757512886940358 7.380909525217808
    endloop
  endfacet
  facet normal -0.793353340291239 0.6087614290087155 0
    outer loop
      vertex -5.842487113059643 -23.86 0
      vertex -5.842487113059643 -23.86 7.380909525217808
      vertex -5.797989898732233 -23.802010101267765 7.386612204649416
    endloop
  endfacet
  facet normal -0.38268343236508756 -0.9238795325112877 0
    outer loop
      vertex -5.6724693326287055 -24.270459231360938 0
      vertex -5.6724693326287055 -24.270459231360938 7.386612204649416
      vertex -5.739999999999999 -24.242487113059642 7.380909525217808
    endloop
  endfacet
  facet normal -0.13052619222007938 -0.9914448613738067 0
    outer loop
      vertex -5.6724693326287055 -24.270459231360938 0
      vertex -5.6 -24.28 7.380909525217808
      vertex -5.6724693326287055 -24.270459231360938 7.386612204649416
    endloop
  endfacet
  facet normal 0.38268343236508756 -0.9238795325112877 0
    outer loop
      vertex -5.527530667371294 -24.270459231360938 0
      vertex -5.46 -24.242487113059642 7.380909525217808
      vertex -5.527530667371294 -24.270459231360938 7.386612204649416
    endloop
  endfacet
  facet normal 0.13052619222007938 -0.9914448613738067 0
    outer loop
      vertex -5.527530667371294 -24.270459231360938 0
      vertex -5.527530667371294 -24.270459231360938 7.386612204649416
      vertex -5.6 -24.28 7.380909525217808
    endloop
  endfacet
  facet normal 0.6087614290086986 -0.7933533402912522 0
    outer loop
      vertex -5.402010101267766 -24.197989898732235 0
      vertex -5.402010101267766 -24.197989898732235 7.386612204649416
      vertex -5.46 -24.242487113059642 7.380909525217808
    endloop
  endfacet
  facet normal 0.793353340291239 -0.6087614290087155 0
    outer loop
      vertex -5.3575128869403565 -24.14 0
      vertex -5.3575128869403565 -24.14 7.380909525217808
      vertex -5.402010101267766 -24.197989898732235 7.386612204649416
    endloop
  endfacet
  facet normal 0.9238795325112876 -0.3826834323650875 0
    outer loop
      vertex -5.329540768639061 -24.072469332628707 0
      vertex -5.329540768639061 -24.072469332628707 7.386612204649415
      vertex -5.3575128869403565 -24.14 7.380909525217808
    endloop
  endfacet
  facet normal 0.99144486137381 -0.13052619222005393 0
    outer loop
      vertex -5.319999999999999 -24 0
      vertex -5.319999999999999 -24 7.380909525217808
      vertex -5.329540768639061 -24.072469332628707 7.386612204649415
    endloop
  endfacet
  facet normal 0.99144486137381 0.13052619222005393 0
    outer loop
      vertex -5.329540768639061 -23.927530667371293 0
      vertex -5.329540768639061 -23.927530667371293 7.386612204649415
      vertex -5.319999999999999 -24 7.380909525217808
    endloop
  endfacet
  facet normal 0.9238795325112876 0.3826834323650875 0
    outer loop
      vertex -5.3575128869403565 -23.86 0
      vertex -5.3575128869403565 -23.86 7.380909525217808
      vertex -5.329540768639061 -23.927530667371293 7.386612204649415
    endloop
  endfacet
  facet normal -0.38268343236508756 0.9238795325112877 0
    outer loop
      vertex -5.6724693326287055 -23.729540768639062 0
      vertex -5.739999999999999 -23.757512886940358 7.380909525217808
      vertex -5.6724693326287055 -23.729540768639062 7.386612204649416
    endloop
  endfacet
  facet normal -0.13052619222007938 0.9914448613738067 0
    outer loop
      vertex -5.6724693326287055 -23.729540768639062 0
      vertex -5.6724693326287055 -23.729540768639062 7.386612204649416
      vertex -5.6 -23.72 7.380909525217808
    endloop
  endfacet
  facet normal 0.38268343236508756 0.9238795325112877 0
    outer loop
      vertex -5.527530667371294 -23.729540768639062 0
      vertex -5.527530667371294 -23.729540768639062 7.386612204649416
      vertex -5.46 -23.757512886940358 7.380909525217808
    endloop
  endfacet
  facet normal 0.13052619222007938 0.9914448613738067 0
    outer loop
      vertex -5.527530667371294 -23.729540768639062 0
      vertex -5.6 -23.72 7.380909525217808
      vertex -5.527530667371294 -23.729540768639062 7.386612204649416
    endloop
  endfacet
  facet normal 0.7933533402912389 0.6087614290087155 0
    outer loop
      vertex -5.402010101267766 -23.802010101267765 0
      vertex -5.402010101267766 -23.802010101267765 7.386612204649416
      vertex -5.3575128869403565 -23.86 7.380909525217808
    endloop
  endfacet
  facet normal 0.6087614290086986 0.7933533402912522 0
    outer loop
      vertex -5.402010101267766 -23.802010101267765 0
      vertex -5.46 -23.757512886940358 7.380909525217808
      vertex -5.402010101267766 -23.802010101267765 7.386612204649416
    endloop
  endfacet
  facet normal 0 0 -1
    outer loop
      vertex -23.927530667371293 5.329540768639061 0
      vertex -24.14 5.3575128869403565 0
      vertex -23.86 5.3575128869403565 0
    endloop
  endfacet
  facet normal 0 0 -1
    outer loop
      vertex -24 5.319999999999999 0
      vertex -24.072469332628707 5.329540768639061 0
      vertex -23.927530667371293 5.329540768639061 0
    endloop
  endfacet
  facet normal 0 0 -1
    outer loop
      vertex -24.072469332628707 5.329540768639061 0
      vertex -24.14 5.3575128869403565 0
      vertex -23.927530667371293 5.329540768639061 0
    endloop
  endfacet
  facet normal 0 0 -1
    outer loop
      vertex -24.197989898732235 5.402010101267766 0
      vertex -24.242487113059642 5.46 0
      vertex -23.802010101267765 5.402010101267766 0
    endloop
  endfacet
  facet normal 0 0 -1
    outer loop
      vertex -24.242487113059642 5.46 0
      vertex -24.270459231360938 5.527530667371294 0
      vertex -23.757512886940358 5.46 0
    endloop
  endfacet
  facet normal 0 0 -1
    outer loop
      vertex -24.270459231360938 5.527530667371294 0
      vertex -24.28 5.6 0
      vertex -23.729540768639062 5.527530667371294 0
    endloop
  endfacet
  facet normal 0 0 -1
    outer loop
      vertex -24.28 5.6 0
      vertex -24.270459231360938 5.6724693326287055 0
      vertex -23.72 5.6 0
    endloop
  endfacet
  facet normal 0 0 -1
    outer loop
      vertex -24.270459231360938 5.6724693326287055 0
      vertex -24.242487113059642 5.739999999999999 0
      vertex -23.729540768639062 5.6724693326287055 0
    endloop
  endfacet
  facet normal 0 0 -1
    outer loop
      vertex -24.197989898732235 5.402010101267766 0
      vertex -23.86 5.3575128869403565 0
      vertex -24.14 5.3575128869403565 0
    endloop
  endfacet
  facet normal 0 0 -1
    outer loop
      vertex -24.197989898732235 5.402010101267766 0
      vertex -23.802010101267765 5.402010101267766 0
      vertex -23.86 5.3575128869403565 0
    endloop
  endfacet
  facet normal 0 0 -1
    outer loop
      vertex -24.242487113059642 5.46 0
      vertex -23.757512886940358 5.46 0
      vertex -23.802010101267765 5.402010101267766 0
    endloop
  endfacet
  facet normal 0 0 -1
    outer loop
      vertex -24.270459231360938 5.527530667371294 0
      vertex -23.729540768639062 5.527530667371294 0
      vertex -23.757512886940358 5.46 0
    endloop
  endfacet
  facet normal 0 0 -1
    outer loop
      vertex -24.242487113059642 5.739999999999999 0
      vertex -24.197989898732235 5.797989898732233 0
      vertex -23.757512886940358 5.739999999999999 0
    endloop
  endfacet
  facet normal 0 0 -1
    outer loop
      vertex -24.28 5.6 0
      vertex -23.72 5.6 0
      vertex -23.729540768639062 5.527530667371294 0
    endloop
  endfacet
  facet normal 0 0 -1
    outer loop
      vertex -24.270459231360938 5.6724693326287055 0
      vertex -23.729540768639062 5.6724693326287055 0
      vertex -23.72 5.6 0
    endloop
  endfacet
  facet normal 0 0 -1
    outer loop
      vertex -24.242487113059642 5.739999999999999 0
      vertex -23.757512886940358 5.739999999999999 0
      vertex -23.729540768639062 5.6724693326287055 0
    endloop
  endfacet
  facet normal 0 0 -1
    outer loop
      vertex -24.14 5.842487113059643 0
      vertex -24.072469332628707 5.870459231360939 0
      vertex -23.86 5.842487113059643 0
    endloop
  endfacet
  facet normal 0 0 -1
    outer loop
      vertex -24.197989898732235 5.797989898732233 0
      vertex -24.14 5.842487113059643 0
      vertex -23.802010101267765 5.797989898732233 0
    endloop
  endfacet
  facet normal 0 0 -1
    outer loop
      vertex -24 5.88 0
      vertex -23.927530667371293 5.870459231360939 0
      vertex -24.072469332628707 5.870459231360939 0
    endloop
  endfacet
  facet normal 0 0 -1
    outer loop
      vertex -24.197989898732235 5.797989898732233 0
      vertex -23.802010101267765 5.797989898732233 0
      vertex -23.757512886940358 5.739999999999999 0
    endloop
  endfacet
  facet normal 0 0 -1
    outer loop
      vertex -24.14 5.842487113059643 0
      vertex -23.86 5.842487113059643 0
      vertex -23.802010101267765 5.797989898732233 0
    endloop
  endfacet
  facet normal 0 0 -1
    outer loop
      vertex -24.072469332628707 5.870459231360939 0
      vertex -23.927530667371293 5.870459231360939 0
      vertex -23.86 5.842487113059643 0
    endloop
  endfacet
  facet normal -0.3826834323650875 -0.9238795325112876 0
    outer loop
      vertex -24.072469332628707 5.329540768639061 0
      vertex -24.14 5.3575128869403565 7.380909525217808
      vertex -24.14 5.3575128869403565 0
    endloop
  endfacet
  facet normal 0.13052619222005393 -0.99144486137381 0
    outer loop
      vertex -24 5.319999999999999 0
      vertex -23.927530667371293 5.329540768639061 0
      vertex -24 5.319999999999999 7.380909525217808
    endloop
  endfacet
  facet normal -0.13052619222005393 -0.99144486137381 0
    outer loop
      vertex -24 5.319999999999999 0
      vertex -24.072469332628707 5.329540768639061 7.386612204649415
      vertex -24.072469332628707 5.329540768639061 0
    endloop
  endfacet
  facet normal 0.3826834323650875 -0.9238795325112876 0
    outer loop
      vertex -23.927530667371293 5.329540768639061 0
      vertex -23.86 5.3575128869403565 0
      vertex -23.927530667371293 5.329540768639061 7.386612204649415
    endloop
  endfacet
  facet normal -0.6087614290087155 -0.7933533402912389 0
    outer loop
      vertex -24.197989898732235 5.402010101267766 0
      vertex -24.14 5.3575128869403565 0
      vertex -24.197989898732235 5.402010101267766 7.386612204649416
    endloop
  endfacet
  facet normal -0.7933533402912522 -0.6087614290086985 0
    outer loop
      vertex -24.197989898732235 5.402010101267766 0
      vertex -24.242487113059642 5.46 7.380909525217808
      vertex -24.242487113059642 5.46 0
    endloop
  endfacet
  facet normal -0.9238795325112876 -0.3826834323650875 0
    outer loop
      vertex -24.242487113059642 5.46 0
      vertex -24.242487113059642 5.46 7.380909525217808
      vertex -24.270459231360938 5.527530667371294 0
    endloop
  endfacet
  facet normal -0.9914448613738067 -0.13052619222007938 0
    outer loop
      vertex -24.270459231360938 5.527530667371294 0
      vertex -24.28 5.6 7.380909525217808
      vertex -24.28 5.6 0
    endloop
  endfacet
  facet normal -0.9914448613738067 0.13052619222007938 0
    outer loop
      vertex -24.28 5.6 0
      vertex -24.28 5.6 7.380909525217808
      vertex -24.270459231360938 5.6724693326287055 0
    endloop
  endfacet
  facet normal -0.9238795325112876 0.3826834323650875 0
    outer loop
      vertex -24.270459231360938 5.6724693326287055 0
      vertex -24.242487113059642 5.739999999999999 7.380909525217808
      vertex -24.242487113059642 5.739999999999999 0
    endloop
  endfacet
  facet normal -0.7933533402912522 0.6087614290086985 0
    outer loop
      vertex -24.242487113059642 5.739999999999999 0
      vertex -24.242487113059642 5.739999999999999 7.380909525217808
      vertex -24.197989898732235 5.797989898732233 0
    endloop
  endfacet
  facet normal -0.6087614290087155 0.793353340291239 0
    outer loop
      vertex -24.197989898732235 5.797989898732233 0
      vertex -24.14 5.842487113059643 7.380909525217808
      vertex -24.14 5.842487113059643 0
    endloop
  endfacet
  facet normal -0.3826834323650875 0.9238795325112876 0
    outer loop
      vertex -24.14 5.842487113059643 0
      vertex -24.072469332628707 5.870459231360939 7.386612204649415
      vertex -24.072469332628707 5.870459231360939 0
    endloop
  endfacet
  facet normal -0.13052619222005393 0.99144486137381 0
    outer loop
      vertex -24 5.88 0
      vertex -24.072469332628707 5.870459231360939 0
      vertex -24 5.88 7.380909525217808
    endloop
  endfacet
  facet normal 0.3826834323650875 0.9238795325112876 0
    outer loop
      vertex -23.927530667371293 5.870459231360939 0
      vertex -23.86 5.842487113059643 7.380909525217808
      vertex -23.86 5.842487113059643 0
    endloop
  endfacet
  facet normal 0.13052619222005393 0.99144486137381 0
    outer loop
      vertex -24 5.88 0
      vertex -23.927530667371293 5.870459231360939 7.386612204649415
      vertex -23.927530667371293 5.870459231360939 0
    endloop
  endfacet
  facet normal 0.6087614290087155 -0.793353340291239 0
    outer loop
      vertex -23.802010101267765 5.402010101267766 0
      vertex -23.86 5.3575128869403565 7.380909525217808
      vertex -23.86 5.3575128869403565 0
    endloop
  endfacet
  facet normal 0.7933533402912522 -0.6087614290086985 0
    outer loop
      vertex -23.802010101267765 5.402010101267766 0
      vertex -23.757512886940358 5.46 0
      vertex -23.757512886940358 5.46 7.380909525217808
    endloop
  endfacet
  facet normal 0.9238795325112876 -0.3826834323650875 0
    outer loop
      vertex -23.757512886940358 5.46 0
      vertex -23.729540768639062 5.527530667371294 0
      vertex -23.757512886940358 5.46 7.380909525217808
    endloop
  endfacet
  facet normal 0.7933533402912522 0.6087614290086985 0
    outer loop
      vertex -23.757512886940358 5.739999999999999 0
      vertex -23.802010101267765 5.797989898732233 0
      vertex -23.757512886940358 5.739999999999999 7.380909525217808
    endloop
  endfacet
  facet normal 0.9914448613738067 -0.13052619222007938 0
    outer loop
      vertex -23.729540768639062 5.527530667371294 0
      vertex -23.72 5.6 0
      vertex -23.72 5.6 7.380909525217808
    endloop
  endfacet
  facet normal 0.9914448613738067 0.13052619222007938 0
    outer loop
      vertex -23.72 5.6 0
      vertex -23.729540768639062 5.6724693326287055 0
      vertex -23.72 5.6 7.380909525217808
    endloop
  endfacet
  facet normal 0.9238795325112876 0.3826834323650875 0
    outer loop
      vertex -23.729540768639062 5.6724693326287055 0
      vertex -23.757512886940358 5.739999999999999 0
      vertex -23.757512886940358 5.739999999999999 7.380909525217808
    endloop
  endfacet
  facet normal 0.6087614290087155 0.7933533402912389 0
    outer loop
      vertex -23.802010101267765 5.797989898732233 0
      vertex -23.86 5.842487113059643 0
      vertex -23.802010101267765 5.797989898732233 7.386612204649416
    endloop
  endfacet
  facet normal -0.3826834323650875 -0.9238795325112876 0
    outer loop
      vertex -24.072469332628707 5.329540768639061 0
      vertex -24.072469332628707 5.329540768639061 7.386612204649415
      vertex -24.14 5.3575128869403565 7.380909525217808
    endloop
  endfacet
  facet normal -0.13052619222005393 -0.99144486137381 0
    outer loop
      vertex -24 5.319999999999999 0
      vertex -24 5.319999999999999 7.380909525217808
      vertex -24.072469332628707 5.329540768639061 7.386612204649415
    endloop
  endfacet
  facet normal 0.13052619222005393 -0.99144486137381 0
    outer loop
      vertex -23.927530667371293 5.329540768639061 0
      vertex -23.927530667371293 5.329540768639061 7.386612204649415
      vertex -24 5.319999999999999 7.380909525217808
    endloop
  endfacet
  facet normal 0.3826834323650875 -0.9238795325112876 0
    outer loop
      vertex -23.86 5.3575128869403565 0
      vertex -23.86 5.3575128869403565 7.380909525217808
      vertex -23.927530667371293 5.329540768639061 7.386612204649415
    endloop
  endfacet
  facet normal -0.7933533402912522 -0.6087614290086986 0
    outer loop
      vertex -24.197989898732235 5.402010101267766 0
      vertex -24.197989898732235 5.402010101267766 7.386612204649416
      vertex -24.242487113059642 5.46 7.380909525217808
    endloop
  endfacet
  facet normal -0.9238795325112877 -0.38268343236508756 0
    outer loop
      vertex -24.270459231360938 5.527530667371294 0
      vertex -24.242487113059642 5.46 7.380909525217808
      vertex -24.270459231360938 5.527530667371294 7.386612204649416
    endloop
  endfacet
  facet normal -0.9914448613738067 -0.13052619222007938 0
    outer loop
      vertex -24.270459231360938 5.527530667371294 0
      vertex -24.270459231360938 5.527530667371294 7.386612204649416
      vertex -24.28 5.6 7.380909525217808
    endloop
  endfacet
  facet normal -0.6087614290087155 -0.793353340291239 0
    outer loop
      vertex -24.14 5.3575128869403565 0
      vertex -24.14 5.3575128869403565 7.380909525217808
      vertex -24.197989898732235 5.402010101267766 7.386612204649416
    endloop
  endfacet
  facet normal -0.9914448613738067 0.13052619222007938 0
    outer loop
      vertex -24.270459231360938 5.6724693326287055 0
      vertex -24.28 5.6 7.380909525217808
      vertex -24.270459231360938 5.6724693326287055 7.386612204649416
    endloop
  endfacet
  facet normal -0.9238795325112877 0.38268343236508756 0
    outer loop
      vertex -24.270459231360938 5.6724693326287055 0
      vertex -24.270459231360938 5.6724693326287055 7.386612204649416
      vertex -24.242487113059642 5.739999999999999 7.380909525217808
    endloop
  endfacet
  facet normal -0.7933533402912522 0.6087614290086986 0
    outer loop
      vertex -24.197989898732235 5.797989898732233 0
      vertex -24.242487113059642 5.739999999999999 7.380909525217808
      vertex -24.197989898732235 5.797989898732233 7.386612204649416
    endloop
  endfacet
  facet normal -0.6087614290087155 0.7933533402912389 0
    outer loop
      vertex -24.197989898732235 5.797989898732233 0
      vertex -24.197989898732235 5.797989898732233 7.386612204649416
      vertex -24.14 5.842487113059643 7.380909525217808
    endloop
  endfacet
  facet normal -0.3826834323650875 0.9238795325112876 0
    outer loop
      vertex -24.14 5.842487113059643 0
      vertex -24.14 5.842487113059643 7.380909525217808
      vertex -24.072469332628707 5.870459231360939 7.386612204649415
    endloop
  endfacet
  facet normal 0.13052619222005393 0.99144486137381 0
    outer loop
      vertex -24 5.88 0
      vertex -24 5.88 7.380909525217808
      vertex -23.927530667371293 5.870459231360939 7.386612204649415
    endloop
  endfacet
  facet normal -0.13052619222005393 0.99144486137381 0
    outer loop
      vertex -24.072469332628707 5.870459231360939 0
      vertex -24.072469332628707 5.870459231360939 7.386612204649415
      vertex -24 5.88 7.380909525217808
    endloop
  endfacet
  facet normal 0.3826834323650875 0.9238795325112876 0
    outer loop
      vertex -23.927530667371293 5.870459231360939 0
      vertex -23.927530667371293 5.870459231360939 7.386612204649415
      vertex -23.86 5.842487113059643 7.380909525217808
    endloop
  endfacet
  facet normal 0.6087614290087155 -0.7933533402912389 0
    outer loop
      vertex -23.802010101267765 5.402010101267766 0
      vertex -23.802010101267765 5.402010101267766 7.386612204649416
      vertex -23.86 5.3575128869403565 7.380909525217808
    endloop
  endfacet
  facet normal 0.7933533402912522 -0.6087614290086986 0
    outer loop
      vertex -23.802010101267765 5.402010101267766 0
      vertex -23.757512886940358 5.46 7.380909525217808
      vertex -23.802010101267765 5.402010101267766 7.386612204649416
    endloop
  endfacet
  facet normal 0.9238795325112877 -0.38268343236508756 0
    outer loop
      vertex -23.729540768639062 5.527530667371294 0
      vertex -23.729540768639062 5.527530667371294 7.386612204649416
      vertex -23.757512886940358 5.46 7.380909525217808
    endloop
  endfacet
  facet normal 0.9914448613738067 -0.13052619222007938 0
    outer loop
      vertex -23.729540768639062 5.527530667371294 0
      vertex -23.72 5.6 7.380909525217808
      vertex -23.729540768639062 5.527530667371294 7.386612204649416
    endloop
  endfacet
  facet normal 0.9914448613738067 0.13052619222007938 0
    outer loop
      vertex -23.729540768639062 5.6724693326287055 0
      vertex -23.729540768639062 5.6724693326287055 7.386612204649416
      vertex -23.72 5.6 7.380909525217808
    endloop
  endfacet
  facet normal 0.9238795325112877 0.38268343236508756 0
    outer loop
      vertex -23.729540768639062 5.6724693326287055 0
      vertex -23.757512886940358 5.739999999999999 7.380909525217808
      vertex -23.729540768639062 5.6724693326287055 7.386612204649416
    endloop
  endfacet
  facet normal 0.7933533402912522 0.6087614290086986 0
    outer loop
      vertex -23.802010101267765 5.797989898732233 0
      vertex -23.802010101267765 5.797989898732233 7.386612204649416
      vertex -23.757512886940358 5.739999999999999 7.380909525217808
    endloop
  endfacet
  facet normal 0.6087614290087155 0.793353340291239 0
    outer loop
      vertex -23.86 5.842487113059643 0
      vertex -23.86 5.842487113059643 7.380909525217808
      vertex -23.802010101267765 5.797989898732233 7.386612204649416
    endloop
  endfacet
  facet normal 0 0 -1
    outer loop
      vertex 5.3575128869403565 23.86 0
      vertex 5.329540768639061 23.927530667371293 0
      vertex 5.3575128869403565 24.14 0
    endloop
  endfacet
  facet normal 0 0 -1
    outer loop
      vertex 5.329540768639061 23.927530667371293 0
      vertex 5.319999999999999 24 0
      vertex 5.329540768639061 24.072469332628707 0
    endloop
  endfacet
  facet normal 0 0 -1
    outer loop
      vertex 5.329540768639061 23.927530667371293 0
      vertex 5.329540768639061 24.072469332628707 0
      vertex 5.3575128869403565 24.14 0
    endloop
  endfacet
  facet normal 0 0 -1
    outer loop
      vertex 5.402010101267766 23.802010101267765 0
      vertex 5.3575128869403565 23.86 0
      vertex 5.402010101267766 24.197989898732235 0
    endloop
  endfacet
  facet normal 0 0 -1
    outer loop
      vertex 5.402010101267766 23.802010101267765 0
      vertex 5.46 24.242487113059642 0
      vertex 5.46 23.757512886940358 0
    endloop
  endfacet
  facet normal 0 0 -1
    outer loop
      vertex 5.3575128869403565 23.86 0
      vertex 5.3575128869403565 24.14 0
      vertex 5.402010101267766 24.197989898732235 0
    endloop
  endfacet
  facet normal 0 0 -1
    outer loop
      vertex 5.46 23.757512886940358 0
      vertex 5.527530667371294 24.270459231360938 0
      vertex 5.527530667371294 23.729540768639062 0
    endloop
  endfacet
  facet normal 0 0 -1
    outer loop
      vertex 5.402010101267766 23.802010101267765 0
      vertex 5.402010101267766 24.197989898732235 0
      vertex 5.46 24.242487113059642 0
    endloop
  endfacet
  facet normal 0 0 -1
    outer loop
      vertex 5.46 23.757512886940358 0
      vertex 5.46 24.242487113059642 0
      vertex 5.527530667371294 24.270459231360938 0
    endloop
  endfacet
  facet normal 0 0 -1
    outer loop
      vertex 5.527530667371294 23.729540768639062 0
      vertex 5.527530667371294 24.270459231360938 0
      vertex 5.6 24.28 0
    endloop
  endfacet
  facet normal 0 0 -1
    outer loop
      vertex 5.527530667371294 23.729540768639062 0
      vertex 5.6 24.28 0
      vertex 5.6 23.72 0
    endloop
  endfacet
  facet normal 0 0 -1
    outer loop
      vertex 5.6 23.72 0
      vertex 5.6724693326287055 24.270459231360938 0
      vertex 5.6724693326287055 23.729540768639062 0
    endloop
  endfacet
  facet normal 0 0 -1
    outer loop
      vertex 5.6724693326287055 23.729540768639062 0
      vertex 5.739999999999999 24.242487113059642 0
      vertex 5.739999999999999 23.757512886940358 0
    endloop
  endfacet
  facet normal 0 0 -1
    outer loop
      vertex 5.739999999999999 23.757512886940358 0
      vertex 5.739999999999999 24.242487113059642 0
      vertex 5.797989898732233 24.197989898732235 0
    endloop
  endfacet
  facet normal 0 0 -1
    outer loop
      vertex 5.6 23.72 0
      vertex 5.6 24.28 0
      vertex 5.6724693326287055 24.270459231360938 0
    endloop
  endfacet
  facet normal 0 0 -1
    outer loop
      vertex 5.6724693326287055 23.729540768639062 0
      vertex 5.6724693326287055 24.270459231360938 0
      vertex 5.739999999999999 24.242487113059642 0
    endloop
  endfacet
  facet normal 0 0 -1
    outer loop
      vertex 5.739999999999999 23.757512886940358 0
      vertex 5.797989898732233 24.197989898732235 0
      vertex 5.797989898732233 23.802010101267765 0
    endloop
  endfacet
  facet normal 0 0 -1
    outer loop
      vertex 5.797989898732233 23.802010101267765 0
      vertex 5.842487113059643 24.14 0
      vertex 5.842487113059643 23.86 0
    endloop
  endfacet
  facet normal 0 0 -1
    outer loop
      vertex 5.842487113059643 23.86 0
      vertex 5.870459231360939 24.072469332628707 0
      vertex 5.870459231360939 23.927530667371293 0
    endloop
  endfacet
  facet normal 0 0 -1
    outer loop
      vertex 5.842487113059643 23.86 0
      vertex 5.842487113059643 24.14 0
      vertex 5.870459231360939 24.072469332628707 0
    endloop
  endfacet
  facet normal 0 0 -1
    outer loop
      vertex 5.797989898732233 23.802010101267765 0
      vertex 5.797989898732233 24.197989898732235 0
      vertex 5.842487113059643 24.14 0
    endloop
  endfacet
  facet normal 0 0 -1
    outer loop
      vertex 5.870459231360939 23.927530667371293 0
      vertex 5.870459231360939 24.072469332628707 0
      vertex 5.88 24 0
    endloop
  endfacet
  facet normal -0.793353340291239 -0.6087614290087155 0
    outer loop
      vertex 5.402010101267766 23.802010101267765 0
      vertex 5.3575128869403565 23.86 7.380909525217808
      vertex 5.3575128869403565 23.86 0
    endloop
  endfacet
  facet normal -0.6087614290086985 -0.7933533402912522 0
    outer loop
      vertex 5.402010101267766 23.802010101267765 0
      vertex 5.46 23.757512886940358 0
      vertex 5.46 23.757512886940358 7.380909525217808
    endloop
  endfacet
  facet normal -0.3826834323650875 -0.9238795325112876 0
    outer loop
      vertex 5.46 23.757512886940358 0
      vertex 5.527530667371294 23.729540768639062 0
      vertex 5.46 23.757512886940358 7.380909525217808
    endloop
  endfacet
  facet normal -0.13052619222007938 -0.9914448613738067 0
    outer loop
      vertex 5.527530667371294 23.729540768639062 0
      vertex 5.6 23.72 0
      vertex 5.6 23.72 7.380909525217808
    endloop
  endfacet
  facet normal 0.13052619222007938 -0.9914448613738067 0
    outer loop
      vertex 5.6 23.72 0
      vertex 5.6724693326287055 23.729540768639062 0
      vertex 5.6 23.72 7.380909525217808
    endloop
  endfacet
  facet normal 0.3826834323650875 -0.9238795325112876 0
    outer loop
      vertex 5.6724693326287055 23.729540768639062 0
      vertex 5.739999999999999 23.757512886940358 0
      vertex 5.739999999999999 23.757512886940358 7.380909525217808
    endloop
  endfacet
  facet normal 0.6087614290086985 -0.7933533402912522 0
    outer loop
      vertex 5.739999999999999 23.757512886940358 0
      vertex 5.797989898732233 23.802010101267765 0
      vertex 5.739999999999999 23.757512886940358 7.380909525217808
    endloop
  endfacet
  facet normal -0.9238795325112876 -0.3826834323650875 0
    outer loop
      vertex 5.3575128869403565 23.86 0
      vertex 5.329540768639061 23.927530667371293 7.386612204649415
      vertex 5.329540768639061 23.927530667371293 0
    endloop
  endfacet
  facet normal -0.99144486137381 -0.13052619222005393 0
    outer loop
      vertex 5.329540768639061 23.927530667371293 0
      vertex 5.319999999999999 24 7.380909525217808
      vertex 5.319999999999999 24 0
    endloop
  endfacet
  facet normal -0.99144486137381 0.13052619222005393 0
    outer loop
      vertex 5.319999999999999 24 0
      vertex 5.329540768639061 24.072469332628707 7.386612204649415
      vertex 5.329540768639061 24.072469332628707 0
    endloop
  endfacet
  facet normal -0.9238795325112876 0.3826834323650875 0
    outer loop
      vertex 5.329540768639061 24.072469332628707 0
      vertex 5.3575128869403565 24.14 7.380909525217808
      vertex 5.3575128869403565 24.14 0
    endloop
  endfacet
  facet normal -0.7933533402912389 0.6087614290087155 0
    outer loop
      vertex 5.3575128869403565 24.14 0
      vertex 5.402010101267766 24.197989898732235 7.386612204649416
      vertex 5.402010101267766 24.197989898732235 0
    endloop
  endfacet
  facet normal -0.6087614290086985 0.7933533402912522 0
    outer loop
      vertex 5.402010101267766 24.197989898732235 0
      vertex 5.46 24.242487113059642 7.380909525217808
      vertex 5.46 24.242487113059642 0
    endloop
  endfacet
  facet normal -0.3826834323650875 0.9238795325112876 0
    outer loop
      vertex 5.46 24.242487113059642 0
      vertex 5.46 24.242487113059642 7.380909525217808
      vertex 5.527530667371294 24.270459231360938 0
    endloop
  endfacet
  facet normal -0.13052619222007938 0.9914448613738067 0
    outer loop
      vertex 5.527530667371294 24.270459231360938 0
      vertex 5.6 24.28 7.380909525217808
      vertex 5.6 24.28 0
    endloop
  endfacet
  facet normal 0.13052619222007938 0.9914448613738067 0
    outer loop
      vertex 5.6 24.28 0
      vertex 5.6 24.28 7.380909525217808
      vertex 5.6724693326287055 24.270459231360938 0
    endloop
  endfacet
  facet normal 0.3826834323650875 0.9238795325112876 0
    outer loop
      vertex 5.6724693326287055 24.270459231360938 0
      vertex 5.739999999999999 24.242487113059642 7.380909525217808
      vertex 5.739999999999999 24.242487113059642 0
    endloop
  endfacet
  facet normal 0.6087614290086985 0.7933533402912522 0
    outer loop
      vertex 5.739999999999999 24.242487113059642 0
      vertex 5.739999999999999 24.242487113059642 7.380909525217808
      vertex 5.797989898732233 24.197989898732235 0
    endloop
  endfacet
  facet normal 0.7933533402912389 -0.6087614290087155 0
    outer loop
      vertex 5.797989898732233 23.802010101267765 0
      vertex 5.842487113059643 23.86 0
      vertex 5.797989898732233 23.802010101267765 7.386612204649416
    endloop
  endfacet
  facet normal 0.9238795325112876 -0.3826834323650875 0
    outer loop
      vertex 5.842487113059643 23.86 0
      vertex 5.870459231360939 23.927530667371293 0
      vertex 5.842487113059643 23.86 7.380909525217808
    endloop
  endfacet
  facet normal 0.99144486137381 -0.13052619222005393 0
    outer loop
      vertex 5.870459231360939 23.927530667371293 0
      vertex 5.88 24 0
      vertex 5.870459231360939 23.927530667371293 7.386612204649415
    endloop
  endfacet
  facet normal 0.99144486137381 0.13052619222005393 0
    outer loop
      vertex 5.88 24 0
      vertex 5.870459231360939 24.072469332628707 0
      vertex 5.88 24 7.380909525217808
    endloop
  endfacet
  facet normal 0.793353340291239 0.6087614290087155 0
    outer loop
      vertex 5.842487113059643 24.14 0
      vertex 5.797989898732233 24.197989898732235 0
      vertex 5.842487113059643 24.14 7.380909525217808
    endloop
  endfacet
  facet normal 0.9238795325112876 0.3826834323650875 0
    outer loop
      vertex 5.870459231360939 24.072469332628707 0
      vertex 5.842487113059643 24.14 0
      vertex 5.870459231360939 24.072469332628707 7.386612204649415
    endloop
  endfacet
  facet normal -0.7933533402912389 -0.6087614290087155 0
    outer loop
      vertex 5.402010101267766 23.802010101267765 0
      vertex 5.402010101267766 23.802010101267765 7.386612204649416
      vertex 5.3575128869403565 23.86 7.380909525217808
    endloop
  endfacet
  facet normal -0.6087614290086986 -0.7933533402912522 0
    outer loop
      vertex 5.402010101267766 23.802010101267765 0
      vertex 5.46 23.757512886940358 7.380909525217808
      vertex 5.402010101267766 23.802010101267765 7.386612204649416
    endloop
  endfacet
  facet normal -0.38268343236508756 -0.9238795325112877 0
    outer loop
      vertex 5.527530667371294 23.729540768639062 0
      vertex 5.527530667371294 23.729540768639062 7.386612204649416
      vertex 5.46 23.757512886940358 7.380909525217808
    endloop
  endfacet
  facet normal -0.13052619222007938 -0.9914448613738067 0
    outer loop
      vertex 5.527530667371294 23.729540768639062 0
      vertex 5.6 23.72 7.380909525217808
      vertex 5.527530667371294 23.729540768639062 7.386612204649416
    endloop
  endfacet
  facet normal 0.13052619222007938 -0.9914448613738067 0
    outer loop
      vertex 5.6724693326287055 23.729540768639062 0
      vertex 5.6724693326287055 23.729540768639062 7.386612204649416
      vertex 5.6 23.72 7.380909525217808
    endloop
  endfacet
  facet normal 0.38268343236508756 -0.9238795325112877 0
    outer loop
      vertex 5.6724693326287055 23.729540768639062 0
      vertex 5.739999999999999 23.757512886940358 7.380909525217808
      vertex 5.6724693326287055 23.729540768639062 7.386612204649416
    endloop
  endfacet
  facet normal -0.99144486137381 -0.13052619222005393 0
    outer loop
      vertex 5.329540768639061 23.927530667371293 0
      vertex 5.329540768639061 23.927530667371293 7.386612204649415
      vertex 5.319999999999999 24 7.380909525217808
    endloop
  endfacet
  facet normal -0.9238795325112876 -0.3826834323650875 0
    outer loop
      vertex 5.3575128869403565 23.86 0
      vertex 5.3575128869403565 23.86 7.380909525217808
      vertex 5.329540768639061 23.927530667371293 7.386612204649415
    endloop
  endfacet
  facet normal -0.99144486137381 0.13052619222005393 0
    outer loop
      vertex 5.319999999999999 24 0
      vertex 5.319999999999999 24 7.380909525217808
      vertex 5.329540768639061 24.072469332628707 7.386612204649415
    endloop
  endfacet
  facet normal -0.9238795325112876 0.3826834323650875 0
    outer loop
      vertex 5.329540768639061 24.072469332628707 0
      vertex 5.329540768639061 24.072469332628707 7.386612204649415
      vertex 5.3575128869403565 24.14 7.380909525217808
    endloop
  endfacet
  facet normal -0.793353340291239 0.6087614290087155 0
    outer loop
      vertex 5.3575128869403565 24.14 0
      vertex 5.3575128869403565 24.14 7.380909525217808
      vertex 5.402010101267766 24.197989898732235 7.386612204649416
    endloop
  endfacet
  facet normal -0.6087614290086986 0.7933533402912522 0
    outer loop
      vertex 5.402010101267766 24.197989898732235 0
      vertex 5.402010101267766 24.197989898732235 7.386612204649416
      vertex 5.46 24.242487113059642 7.380909525217808
    endloop
  endfacet
  facet normal -0.38268343236508756 0.9238795325112877 0
    outer loop
      vertex 5.527530667371294 24.270459231360938 0
      vertex 5.46 24.242487113059642 7.380909525217808
      vertex 5.527530667371294 24.270459231360938 7.386612204649416
    endloop
  endfacet
  facet normal -0.13052619222007938 0.9914448613738067 0
    outer loop
      vertex 5.527530667371294 24.270459231360938 0
      vertex 5.527530667371294 24.270459231360938 7.386612204649416
      vertex 5.6 24.28 7.380909525217808
    endloop
  endfacet
  facet normal 0.13052619222007938 0.9914448613738067 0
    outer loop
      vertex 5.6724693326287055 24.270459231360938 0
      vertex 5.6 24.28 7.380909525217808
      vertex 5.6724693326287055 24.270459231360938 7.386612204649416
    endloop
  endfacet
  facet normal 0.38268343236508756 0.9238795325112877 0
    outer loop
      vertex 5.6724693326287055 24.270459231360938 0
      vertex 5.6724693326287055 24.270459231360938 7.386612204649416
      vertex 5.739999999999999 24.242487113059642 7.380909525217808
    endloop
  endfacet
  facet normal 0.6087614290086986 -0.7933533402912522 0
    outer loop
      vertex 5.797989898732233 23.802010101267765 0
      vertex 5.797989898732233 23.802010101267765 7.386612204649416
      vertex 5.739999999999999 23.757512886940358 7.380909525217808
    endloop
  endfacet
  facet normal 0.793353340291239 -0.6087614290087155 0
    outer loop
      vertex 5.842487113059643 23.86 0
      vertex 5.842487113059643 23.86 7.380909525217808
      vertex 5.797989898732233 23.802010101267765 7.386612204649416
    endloop
  endfacet
  facet normal 0.9238795325112876 -0.3826834323650875 0
    outer loop
      vertex 5.870459231360939 23.927530667371293 0
      vertex 5.870459231360939 23.927530667371293 7.386612204649415
      vertex 5.842487113059643 23.86 7.380909525217808
    endloop
  endfacet
  facet normal 0.99144486137381 -0.13052619222005393 0
    outer loop
      vertex 5.88 24 0
      vertex 5.88 24 7.380909525217808
      vertex 5.870459231360939 23.927530667371293 7.386612204649415
    endloop
  endfacet
  facet normal 0.99144486137381 0.13052619222005393 0
    outer loop
      vertex 5.870459231360939 24.072469332628707 0
      vertex 5.870459231360939 24.072469332628707 7.386612204649415
      vertex 5.88 24 7.380909525217808
    endloop
  endfacet
  facet normal 0.9238795325112876 0.3826834323650875 0
    outer loop
      vertex 5.842487113059643 24.14 0
      vertex 5.842487113059643 24.14 7.380909525217808
      vertex 5.870459231360939 24.072469332628707 7.386612204649415
    endloop
  endfacet
  facet normal 0.6087614290086986 0.7933533402912522 0
    outer loop
      vertex 5.797989898732233 24.197989898732235 0
      vertex 5.739999999999999 24.242487113059642 7.380909525217808
      vertex 5.797989898732233 24.197989898732235 7.386612204649416
    endloop
  endfacet
  facet normal 0.7933533402912389 0.6087614290087155 0
    outer loop
      vertex 5.797989898732233 24.197989898732235 0
      vertex 5.797989898732233 24.197989898732235 7.386612204649416
      vertex 5.842487113059643 24.14 7.380909525217808
    endloop
  endfacet
  facet normal -0.36278404373897594 -0.36278404373895945 -0.8583562635740509
    outer loop
      vertex 23.802010101267765 -5.797989898732233 7.386612204649416
      vertex 23.571339295012944 -5.847487373415292 7.505025253169417
      vertex 23.757512886940358 -5.739999999999999 7.380909525217808
    endloop
  endfacet
  facet normal -0.36278404373896733 -0.362784043738972 -0.8583562635740493
    outer loop
      vertex 23.802010101267765 -5.797989898732233 7.386612204649416
      vertex 23.86 -5.842487113059643 7.380909525217808
      vertex 23.752512626584707 -6.028660704987056 7.505025253169417
    endloop
  endfacet
  facet normal -0.13278817609611535 -0.49557221983507527 -0.8583562635740493
    outer loop
      vertex 23.86 -5.842487113059643 7.380909525217808
      vertex 23.927530667371293 -5.870459231360939 7.386612204649415
      vertex 23.752512626584707 -6.028660704987056 7.505025253169417
    endloop
  endfacet
  facet normal -0.4955722198350812 0.1327881760961231 -0.8583562635740447
    outer loop
      vertex 23.72 -5.6 7.380909525217808
      vertex 23.505025253169418 -5.6 7.505025253169417
      vertex 23.729540768639062 -5.527530667371294 7.386612204649416
    endloop
  endfacet
  facet normal -0.4955722198350812 -0.13278817609612312 -0.8583562635740447
    outer loop
      vertex 23.729540768639062 -5.6724693326287055 7.386612204649416
      vertex 23.505025253169418 -5.6 7.505025253169417
      vertex 23.72 -5.6 7.380909525217808
    endloop
  endfacet
  facet normal -0.49557221983507854 -0.13278817609610544 -0.858356263574049
    outer loop
      vertex 23.729540768639062 -5.6724693326287055 7.386612204649416
      vertex 23.757512886940358 -5.739999999999999 7.380909525217808
      vertex 23.571339295012944 -5.847487373415292 7.505025253169417
    endloop
  endfacet
  facet normal -0.49557221983507793 0.13278817609610516 -0.8583562635740494
    outer loop
      vertex 23.757512886940358 -5.46 7.380909525217808
      vertex 23.729540768639062 -5.527530667371294 7.386612204649416
      vertex 23.505025253169418 -5.6 7.505025253169417
    endloop
  endfacet
  facet normal -0.36278404373897594 0.3627840437389594 -0.8583562635740509
    outer loop
      vertex 23.757512886940358 -5.46 7.380909525217808
      vertex 23.571339295012944 -5.352512626584708 7.505025253169417
      vertex 23.802010101267765 -5.402010101267766 7.386612204649416
    endloop
  endfacet
  facet normal -0.36278404373896733 0.362784043738972 -0.8583562635740493
    outer loop
      vertex 23.802010101267765 -5.402010101267766 7.386612204649416
      vertex 23.752512626584707 -5.1713392950129435 7.505025253169417
      vertex 23.86 -5.3575128869403565 7.380909525217808
    endloop
  endfacet
  facet normal -0.13278817609611535 0.49557221983507527 -0.8583562635740493
    outer loop
      vertex 23.86 -5.3575128869403565 7.380909525217808
      vertex 23.752512626584707 -5.1713392950129435 7.505025253169417
      vertex 23.927530667371293 -5.329540768639061 7.386612204649415
    endloop
  endfacet
  facet normal -0.13278817609609897 -0.4955722198350797 -0.8583562635740493
    outer loop
      vertex 23.927530667371293 -5.870459231360939 7.386612204649415
      vertex 24 -5.88 7.380909525217808
      vertex 24 -6.094974746830583 7.505025253169417
    endloop
  endfacet
  facet normal 0.132788176096099 -0.4955722198350798 -0.8583562635740493
    outer loop
      vertex 24 -5.88 7.380909525217808
      vertex 24.072469332628707 -5.870459231360939 7.386612204649415
      vertex 24 -6.094974746830583 7.505025253169417
    endloop
  endfacet
  facet normal 0.13278817609611535 -0.49557221983507527 -0.8583562635740493
    outer loop
      vertex 24.072469332628707 -5.870459231360939 7.386612204649415
      vertex 24.14 -5.842487113059643 7.380909525217808
      vertex 24.247487373415293 -6.028660704987056 7.505025253169417
    endloop
  endfacet
  facet normal 0.3627840437389674 -0.362784043738972 -0.8583562635740493
    outer loop
      vertex 24.14 -5.842487113059643 7.380909525217808
      vertex 24.197989898732235 -5.797989898732233 7.386612204649416
      vertex 24.247487373415293 -6.028660704987056 7.505025253169417
    endloop
  endfacet
  facet normal 0.36278404373897594 -0.36278404373895945 -0.8583562635740509
    outer loop
      vertex 24.197989898732235 -5.797989898732233 7.386612204649416
      vertex 24.242487113059642 -5.739999999999999 7.380909525217808
      vertex 24.428660704987056 -5.847487373415292 7.505025253169417
    endloop
  endfacet
  facet normal -0.13278817609609897 0.4955722198350797 -0.8583562635740493
    outer loop
      vertex 23.927530667371293 -5.329540768639061 7.386612204649415
      vertex 24 -5.1050252531694165 7.505025253169417
      vertex 24 -5.319999999999999 7.380909525217808
    endloop
  endfacet
  facet normal 0.132788176096099 0.4955722198350798 -0.8583562635740493
    outer loop
      vertex 24 -5.319999999999999 7.380909525217808
      vertex 24 -5.1050252531694165 7.505025253169417
      vertex 24.072469332628707 -5.329540768639061 7.386612204649415
    endloop
  endfacet
  facet normal 0.13278817609611535 0.49557221983507527 -0.8583562635740493
    outer loop
      vertex 24.14 -5.3575128869403565 7.380909525217808
      vertex 24.072469332628707 -5.329540768639061 7.386612204649415
      vertex 24.247487373415293 -5.1713392950129435 7.505025253169417
    endloop
  endfacet
  facet normal 0.3627840437389674 0.362784043738972 -0.8583562635740493
    outer loop
      vertex 24.14 -5.3575128869403565 7.380909525217808
      vertex 24.247487373415293 -5.1713392950129435 7.505025253169417
      vertex 24.197989898732235 -5.402010101267766 7.386612204649416
    endloop
  endfacet
  facet normal 0.49557221983507854 -0.13278817609610544 -0.858356263574049
    outer loop
      vertex 24.270459231360938 -5.6724693326287055 7.386612204649416
      vertex 24.428660704987056 -5.847487373415292 7.505025253169417
      vertex 24.242487113059642 -5.739999999999999 7.380909525217808
    endloop
  endfacet
  facet normal 0.4955722198350812 0.1327881760961231 -0.8583562635740447
    outer loop
      vertex 24.28 -5.6 7.380909525217808
      vertex 24.270459231360938 -5.527530667371294 7.386612204649416
      vertex 24.494974746830582 -5.6 7.505025253169417
    endloop
  endfacet
  facet normal 0.4955722198350812 -0.13278817609612312 -0.8583562635740447
    outer loop
      vertex 24.270459231360938 -5.6724693326287055 7.386612204649416
      vertex 24.28 -5.6 7.380909525217808
      vertex 24.494974746830582 -5.6 7.505025253169417
    endloop
  endfacet
  facet normal 0.36278404373897594 0.3627840437389594 -0.8583562635740509
    outer loop
      vertex 24.242487113059642 -5.46 7.380909525217808
      vertex 24.197989898732235 -5.402010101267766 7.386612204649416
      vertex 24.428660704987056 -5.352512626584708 7.505025253169417
    endloop
  endfacet
  facet normal 0.49557221983507854 0.13278817609610544 -0.858356263574049
    outer loop
      vertex 24.242487113059642 -5.46 7.380909525217808
      vertex 24.428660704987056 -5.352512626584708 7.505025253169417
      vertex 24.270459231360938 -5.527530667371294 7.386612204649416
    endloop
  endfacet
  facet normal -0.36278404373897205 -0.36278404373897033 -0.8583562635740479
    outer loop
      vertex 23.802010101267765 -5.797989898732233 7.386612204649416
      vertex 23.752512626584707 -6.028660704987056 7.505025253169417
      vertex 23.571339295012944 -5.847487373415292 7.505025253169417
    endloop
  endfacet
  facet normal -0.49557221983507804 -0.13278817609610594 -0.8583562635740493
    outer loop
      vertex 23.729540768639062 -5.6724693326287055 7.386612204649416
      vertex 23.571339295012944 -5.847487373415292 7.505025253169417
      vertex 23.505025253169418 -5.6 7.505025253169417
    endloop
  endfacet
  facet normal -0.4955722198350782 0.13278817609610594 -0.8583562635740491
    outer loop
      vertex 23.757512886940358 -5.46 7.380909525217808
      vertex 23.505025253169418 -5.6 7.505025253169417
      vertex 23.571339295012944 -5.352512626584708 7.505025253169417
    endloop
  endfacet
  facet normal -0.36278404373897205 0.36278404373897033 -0.8583562635740479
    outer loop
      vertex 23.802010101267765 -5.402010101267766 7.386612204649416
      vertex 23.571339295012944 -5.352512626584708 7.505025253169417
      vertex 23.752512626584707 -5.1713392950129435 7.505025253169417
    endloop
  endfacet
  facet normal -0.13278817609610813 -0.49557221983508143 -0.8583562635740469
    outer loop
      vertex 23.927530667371293 -5.870459231360939 7.386612204649415
      vertex 24 -6.094974746830583 7.505025253169417
      vertex 23.752512626584707 -6.028660704987056 7.505025253169417
    endloop
  endfacet
  facet normal 0.13278817609610813 -0.49557221983508143 -0.8583562635740469
    outer loop
      vertex 24.072469332628707 -5.870459231360939 7.386612204649415
      vertex 24.247487373415293 -6.028660704987056 7.505025253169417
      vertex 24 -6.094974746830583 7.505025253169417
    endloop
  endfacet
  facet normal 0.36278404373897205 -0.36278404373897033 -0.8583562635740479
    outer loop
      vertex 24.197989898732235 -5.797989898732233 7.386612204649416
      vertex 24.428660704987056 -5.847487373415292 7.505025253169417
      vertex 24.247487373415293 -6.028660704987056 7.505025253169417
    endloop
  endfacet
  facet normal -0.13278817609610813 0.49557221983508143 -0.8583562635740469
    outer loop
      vertex 23.927530667371293 -5.329540768639061 7.386612204649415
      vertex 23.752512626584707 -5.1713392950129435 7.505025253169417
      vertex 24 -5.1050252531694165 7.505025253169417
    endloop
  endfacet
  facet normal 0.13278817609610813 0.49557221983508143 -0.8583562635740469
    outer loop
      vertex 24.072469332628707 -5.329540768639061 7.386612204649415
      vertex 24 -5.1050252531694165 7.505025253169417
      vertex 24.247487373415293 -5.1713392950129435 7.505025253169417
    endloop
  endfacet
  facet normal 0.49557221983507804 -0.13278817609610594 -0.8583562635740493
    outer loop
      vertex 24.270459231360938 -5.6724693326287055 7.386612204649416
      vertex 24.494974746830582 -5.6 7.505025253169417
      vertex 24.428660704987056 -5.847487373415292 7.505025253169417
    endloop
  endfacet
  facet normal 0.49557221983507804 0.13278817609610594 -0.8583562635740493
    outer loop
      vertex 24.270459231360938 -5.527530667371294 7.386612204649416
      vertex 24.428660704987056 -5.352512626584708 7.505025253169417
      vertex 24.494974746830582 -5.6 7.505025253169417
    endloop
  endfacet
  facet normal 0.36278404373897205 0.36278404373897033 -0.8583562635740479
    outer loop
      vertex 24.197989898732235 -5.402010101267766 7.386612204649416
      vertex 24.247487373415293 -5.1713392950129435 7.505025253169417
      vertex 24.428660704987056 -5.352512626584708 7.505025253169417
    endloop
  endfacet
  facet normal -0.6175653985824968 -0.6175653985824938 -0.4870584738481482
    outer loop
      vertex 23.571339295012944 -5.847487373415292 7.505025253169417
      vertex 23.752512626584707 -6.028660704987056 7.505025253169417
      vertex 23.661925960798825 -6.185561412616465 7.818826668428235
    endloop
  endfacet
  facet normal -0.8436100229619501 -0.2260446243794628 -0.48705847384814643
    outer loop
      vertex 23.571339295012944 -5.847487373415292 7.505025253169417
      vertex 23.414438587383536 -5.938074039201173 7.818826668428235
      vertex 23.32385192159765 -5.6 7.818826668428235
    endloop
  endfacet
  facet normal -0.6175653985824994 -0.6175653985824927 -0.48705847384814643
    outer loop
      vertex 23.571339295012944 -5.847487373415292 7.505025253169417
      vertex 23.661925960798825 -6.185561412616465 7.818826668428235
      vertex 23.414438587383536 -5.938074039201173 7.818826668428235
    endloop
  endfacet
  facet normal -0.22604462437945566 -0.8436100229619504 -0.4870584738481494
    outer loop
      vertex 23.752512626584707 -6.028660704987056 7.505025253169417
      vertex 24 -6.276148078402348 7.818826668428235
      vertex 23.661925960798825 -6.185561412616465 7.818826668428235
    endloop
  endfacet
  facet normal -0.8436100229619486 -0.22604462437945155 -0.48705847384815415
    outer loop
      vertex 23.571339295012944 -5.847487373415292 7.505025253169417
      vertex 23.32385192159765 -5.6 7.818826668428235
      vertex 23.505025253169418 -5.6 7.505025253169417
    endloop
  endfacet
  facet normal -0.8436100229619486 0.22604462437945155 -0.48705847384815415
    outer loop
      vertex 23.505025253169418 -5.6 7.505025253169417
      vertex 23.32385192159765 -5.6 7.818826668428235
      vertex 23.571339295012944 -5.352512626584708 7.505025253169417
    endloop
  endfacet
  facet normal -0.6175653985824968 0.6175653985824938 -0.4870584738481482
    outer loop
      vertex 23.571339295012944 -5.352512626584708 7.505025253169417
      vertex 23.661925960798825 -5.014438587383534 7.818826668428235
      vertex 23.752512626584707 -5.1713392950129435 7.505025253169417
    endloop
  endfacet
  facet normal -0.8436100229619501 0.2260446243794628 -0.48705847384814643
    outer loop
      vertex 23.571339295012944 -5.352512626584708 7.505025253169417
      vertex 23.32385192159765 -5.6 7.818826668428235
      vertex 23.414438587383536 -5.261925960798826 7.818826668428235
    endloop
  endfacet
  facet normal -0.6175653985824994 0.6175653985824927 -0.48705847384814643
    outer loop
      vertex 23.571339295012944 -5.352512626584708 7.505025253169417
      vertex 23.414438587383536 -5.261925960798826 7.818826668428235
      vertex 23.661925960798825 -5.014438587383534 7.818826668428235
    endloop
  endfacet
  facet normal -0.22604462437945566 0.8436100229619504 -0.4870584738481494
    outer loop
      vertex 23.752512626584707 -5.1713392950129435 7.505025253169417
      vertex 23.661925960798825 -5.014438587383534 7.818826668428235
      vertex 24 -4.9238519215976515 7.818826668428235
    endloop
  endfacet
  facet normal -0.22604462437945413 -0.8436100229619502 -0.48705847384815026
    outer loop
      vertex 23.752512626584707 -6.028660704987056 7.505025253169417
      vertex 24 -6.094974746830583 7.505025253169417
      vertex 24 -6.276148078402348 7.818826668428235
    endloop
  endfacet
  facet normal 0.22604462437945413 -0.8436100229619502 -0.48705847384815026
    outer loop
      vertex 24 -6.094974746830583 7.505025253169417
      vertex 24.247487373415293 -6.028660704987056 7.505025253169417
      vertex 24 -6.276148078402348 7.818826668428235
    endloop
  endfacet
  facet normal 0.6175653985824968 -0.6175653985824938 -0.4870584738481483
    outer loop
      vertex 24.247487373415293 -6.028660704987056 7.505025253169417
      vertex 24.428660704987056 -5.847487373415292 7.505025253169417
      vertex 24.338074039201175 -6.185561412616465 7.818826668428235
    endloop
  endfacet
  facet normal 0.22604462437945566 -0.8436100229619504 -0.4870584738481494
    outer loop
      vertex 24.247487373415293 -6.028660704987056 7.505025253169417
      vertex 24.338074039201175 -6.185561412616465 7.818826668428235
      vertex 24 -6.276148078402348 7.818826668428235
    endloop
  endfacet
  facet normal 0.6175653985824994 -0.6175653985824927 -0.48705847384814643
    outer loop
      vertex 24.428660704987056 -5.847487373415292 7.505025253169417
      vertex 24.585561412616464 -5.938074039201173 7.818826668428235
      vertex 24.338074039201175 -6.185561412616465 7.818826668428235
    endloop
  endfacet
  facet normal 0.8436100229619501 -0.2260446243794628 -0.48705847384814643
    outer loop
      vertex 24.428660704987056 -5.847487373415292 7.505025253169417
      vertex 24.67614807840235 -5.6 7.818826668428235
      vertex 24.585561412616464 -5.938074039201173 7.818826668428235
    endloop
  endfacet
  facet normal -0.22604462437945413 0.8436100229619502 -0.48705847384815026
    outer loop
      vertex 23.752512626584707 -5.1713392950129435 7.505025253169417
      vertex 24 -4.9238519215976515 7.818826668428235
      vertex 24 -5.1050252531694165 7.505025253169417
    endloop
  endfacet
  facet normal 0.22604462437945413 0.8436100229619502 -0.48705847384815026
    outer loop
      vertex 24 -5.1050252531694165 7.505025253169417
      vertex 24 -4.9238519215976515 7.818826668428235
      vertex 24.247487373415293 -5.1713392950129435 7.505025253169417
    endloop
  endfacet
  facet normal 0.8436100229619486 -0.22604462437945155 -0.48705847384815415
    outer loop
      vertex 24.428660704987056 -5.847487373415292 7.505025253169417
      vertex 24.494974746830582 -5.6 7.505025253169417
      vertex 24.67614807840235 -5.6 7.818826668428235
    endloop
  endfacet
  facet normal 0.8436100229619486 0.22604462437945155 -0.48705847384815415
    outer loop
      vertex 24.428660704987056 -5.352512626584708 7.505025253169417
      vertex 24.67614807840235 -5.6 7.818826668428235
      vertex 24.494974746830582 -5.6 7.505025253169417
    endloop
  endfacet
  facet normal 0.6175653985824968 0.6175653985824938 -0.4870584738481483
    outer loop
      vertex 24.247487373415293 -5.1713392950129435 7.505025253169417
      vertex 24.338074039201175 -5.014438587383534 7.818826668428235
      vertex 24.428660704987056 -5.352512626584708 7.505025253169417
    endloop
  endfacet
  facet normal 0.22604462437945566 0.8436100229619504 -0.4870584738481494
    outer loop
      vertex 24.247487373415293 -5.1713392950129435 7.505025253169417
      vertex 24 -4.9238519215976515 7.818826668428235
      vertex 24.338074039201175 -5.014438587383534 7.818826668428235
    endloop
  endfacet
  facet normal 0.8436100229619501 0.2260446243794628 -0.48705847384814643
    outer loop
      vertex 24.428660704987056 -5.352512626584708 7.505025253169417
      vertex 24.585561412616464 -5.261925960798826 7.818826668428235
      vertex 24.67614807840235 -5.6 7.818826668428235
    endloop
  endfacet
  facet normal 0.6175653985824994 0.6175653985824927 -0.48705847384814643
    outer loop
      vertex 24.428660704987056 -5.352512626584708 7.505025253169417
      vertex 24.338074039201175 -5.014438587383534 7.818826668428235
      vertex 24.585561412616464 -5.261925960798826 7.818826668428235
    endloop
  endfacet
  facet normal -0.9659258262890661 -0.25881904510252857 0
    outer loop
      vertex 23.414438587383536 -5.938074039201173 7.818826668428235
      vertex 23.414438587383536 -5.938074039201173 8.181173331571765
      vertex 23.32385192159765 -5.6 7.818826668428235
    endloop
  endfacet
  facet normal -0.25881904510252085 -0.9659258262890682 0
    outer loop
      vertex 23.661925960798825 -6.185561412616465 7.818826668428235
      vertex 24 -6.276148078402348 7.818826668428235
      vertex 23.661925960798825 -6.185561412616465 8.181173331571765
    endloop
  endfacet
  facet normal -0.7071067811865513 -0.7071067811865437 0
    outer loop
      vertex 23.414438587383536 -5.938074039201173 7.818826668428235
      vertex 23.661925960798825 -6.185561412616465 7.818826668428235
      vertex 23.414438587383536 -5.938074039201173 8.181173331571765
    endloop
  endfacet
  facet normal -0.9659258262890661 0.25881904510252857 0
    outer loop
      vertex 23.32385192159765 -5.6 7.818826668428235
      vertex 23.32385192159765 -5.6 8.181173331571765
      vertex 23.414438587383536 -5.261925960798826 7.818826668428235
    endloop
  endfacet
  facet normal -0.7071067811865513 0.7071067811865437 0
    outer loop
      vertex 23.414438587383536 -5.261925960798826 7.818826668428235
      vertex 23.661925960798825 -5.014438587383534 8.181173331571765
      vertex 23.661925960798825 -5.014438587383534 7.818826668428235
    endloop
  endfacet
  facet normal 0.25881904510252085 -0.9659258262890682 0
    outer loop
      vertex 24 -6.276148078402348 7.818826668428235
      vertex 24.338074039201175 -6.185561412616465 7.818826668428235
      vertex 24 -6.276148078402348 8.181173331571765
    endloop
  endfacet
  facet normal 0.7071067811865513 -0.7071067811865437 0
    outer loop
      vertex 24.338074039201175 -6.185561412616465 7.818826668428235
      vertex 24.585561412616464 -5.938074039201173 7.818826668428235
      vertex 24.338074039201175 -6.185561412616465 8.181173331571765
    endloop
  endfacet
  facet normal -0.25881904510252085 0.9659258262890682 0
    outer loop
      vertex 23.661925960798825 -5.014438587383534 7.818826668428235
      vertex 24 -4.9238519215976515 8.181173331571765
      vertex 24 -4.9238519215976515 7.818826668428235
    endloop
  endfacet
  facet normal 0.25881904510252085 0.9659258262890682 0
    outer loop
      vertex 24.338074039201175 -5.014438587383534 7.818826668428235
      vertex 24 -4.9238519215976515 7.818826668428235
      vertex 24.338074039201175 -5.014438587383534 8.181173331571765
    endloop
  endfacet
  facet normal 0.9659258262890661 -0.25881904510252857 0
    outer loop
      vertex 24.585561412616464 -5.938074039201173 7.818826668428235
      vertex 24.67614807840235 -5.6 7.818826668428235
      vertex 24.67614807840235 -5.6 8.181173331571765
    endloop
  endfacet
  facet normal 0.9659258262890661 0.25881904510252857 0
    outer loop
      vertex 24.67614807840235 -5.6 7.818826668428235
      vertex 24.585561412616464 -5.261925960798826 7.818826668428235
      vertex 24.585561412616464 -5.261925960798826 8.181173331571765
    endloop
  endfacet
  facet normal 0.7071067811865513 0.7071067811865437 0
    outer loop
      vertex 24.338074039201175 -5.014438587383534 7.818826668428235
      vertex 24.585561412616464 -5.261925960798826 8.181173331571765
      vertex 24.585561412616464 -5.261925960798826 7.818826668428235
    endloop
  endfacet
  facet normal -0.7071067811865513 -0.7071067811865437 0
    outer loop
      vertex 23.661925960798825 -6.185561412616465 7.818826668428235
      vertex 23.661925960798825 -6.185561412616465 8.181173331571765
      vertex 23.414438587383536 -5.938074039201173 8.181173331571765
    endloop
  endfacet
  facet normal -0.9659258262890661 -0.25881904510252857 0
    outer loop
      vertex 23.32385192159765 -5.6 7.818826668428235
      vertex 23.414438587383536 -5.938074039201173 8.181173331571765
      vertex 23.32385192159765 -5.6 8.181173331571765
    endloop
  endfacet
  facet normal -0.9659258262890661 0.25881904510252857 0
    outer loop
      vertex 23.414438587383536 -5.261925960798826 7.818826668428235
      vertex 23.32385192159765 -5.6 8.181173331571765
      vertex 23.414438587383536 -5.261925960798826 8.181173331571765
    endloop
  endfacet
  facet normal -0.7071067811865513 0.7071067811865437 0
    outer loop
      vertex 23.414438587383536 -5.261925960798826 7.818826668428235
      vertex 23.414438587383536 -5.261925960798826 8.181173331571765
      vertex 23.661925960798825 -5.014438587383534 8.181173331571765
    endloop
  endfacet
  facet normal -0.25881904510252085 0.9659258262890682 0
    outer loop
      vertex 23.661925960798825 -5.014438587383534 7.818826668428235
      vertex 23.661925960798825 -5.014438587383534 8.181173331571765
      vertex 24 -4.9238519215976515 8.181173331571765
    endloop
  endfacet
  facet normal -0.25881904510252085 -0.9659258262890682 0
    outer loop
      vertex 24 -6.276148078402348 7.818826668428235
      vertex 24 -6.276148078402348 8.181173331571765
      vertex 23.661925960798825 -6.185561412616465 8.181173331571765
    endloop
  endfacet
  facet normal 0.25881904510252085 -0.9659258262890682 0
    outer loop
      vertex 24.338074039201175 -6.185561412616465 7.818826668428235
      vertex 24.338074039201175 -6.185561412616465 8.181173331571765
      vertex 24 -6.276148078402348 8.181173331571765
    endloop
  endfacet
  facet normal 0.7071067811865513 -0.7071067811865437 0
    outer loop
      vertex 24.585561412616464 -5.938074039201173 7.818826668428235
      vertex 24.585561412616464 -5.938074039201173 8.181173331571765
      vertex 24.338074039201175 -6.185561412616465 8.181173331571765
    endloop
  endfacet
  facet normal 0.9659258262890661 -0.25881904510252857 0
    outer loop
      vertex 24.585561412616464 -5.938074039201173 7.818826668428235
      vertex 24.67614807840235 -5.6 8.181173331571765
      vertex 24.585561412616464 -5.938074039201173 8.181173331571765
    endloop
  endfacet
  facet normal 0.25881904510252085 0.9659258262890682 0
    outer loop
      vertex 24 -4.9238519215976515 7.818826668428235
      vertex 24 -4.9238519215976515 8.181173331571765
      vertex 24.338074039201175 -5.014438587383534 8.181173331571765
    endloop
  endfacet
  facet normal 0.9659258262890661 0.25881904510252857 0
    outer loop
      vertex 24.67614807840235 -5.6 7.818826668428235
      vertex 24.585561412616464 -5.261925960798826 8.181173331571765
      vertex 24.67614807840235 -5.6 8.181173331571765
    endloop
  endfacet
  facet normal 0.7071067811865513 0.7071067811865437 0
    outer loop
      vertex 24.338074039201175 -5.014438587383534 7.818826668428235
      vertex 24.338074039201175 -5.014438587383534 8.181173331571765
      vertex 24.585561412616464 -5.261925960798826 8.181173331571765
    endloop
  endfacet
  facet normal -0.8436100229619506 -0.22604462437946293 0.4870584738481454
    outer loop
      vertex 23.414438587383536 -5.938074039201173 8.181173331571765
      vertex 23.571339295012944 -5.847487373415292 8.494974746830584
      vertex 23.32385192159765 -5.6 8.181173331571765
    endloop
  endfacet
  facet normal -0.6175653985824999 -0.6175653985824932 0.4870584738481453
    outer loop
      vertex 23.414438587383536 -5.938074039201173 8.181173331571765
      vertex 23.661925960798825 -6.185561412616465 8.181173331571765
      vertex 23.571339295012944 -5.847487373415292 8.494974746830584
    endloop
  endfacet
  facet normal -0.22604462437945577 -0.843610022961951 0.4870584738481482
    outer loop
      vertex 23.661925960798825 -6.185561412616465 8.181173331571765
      vertex 24 -6.276148078402348 8.181173331571765
      vertex 23.752512626584707 -6.028660704987056 8.494974746830584
    endloop
  endfacet
  facet normal -0.6175653985824974 -0.6175653985824944 0.4870584738481473
    outer loop
      vertex 23.661925960798825 -6.185561412616465 8.181173331571765
      vertex 23.752512626584707 -6.028660704987056 8.494974746830584
      vertex 23.571339295012944 -5.847487373415292 8.494974746830584
    endloop
  endfacet
  facet normal -0.8436100229619506 0.22604462437946293 0.4870584738481453
    outer loop
      vertex 23.32385192159765 -5.6 8.181173331571765
      vertex 23.571339295012944 -5.352512626584708 8.494974746830584
      vertex 23.414438587383536 -5.261925960798826 8.181173331571765
    endloop
  endfacet
  facet normal -0.6175653985824991 0.6175653985824925 0.48705847384814693
    outer loop
      vertex 23.414438587383536 -5.261925960798826 8.181173331571765
      vertex 23.752512626584707 -5.1713392950129435 8.494974746830584
      vertex 23.661925960798825 -5.014438587383534 8.181173331571765
    endloop
  endfacet
  facet normal -0.22604462437945577 0.843610022961951 0.4870584738481482
    outer loop
      vertex 23.661925960798825 -5.014438587383534 8.181173331571765
      vertex 23.752512626584707 -5.1713392950129435 8.494974746830584
      vertex 24 -4.9238519215976515 8.181173331571765
    endloop
  endfacet
  facet normal -0.8436100229619492 -0.22604462437945172 0.48705847384815304
    outer loop
      vertex 23.32385192159765 -5.6 8.181173331571765
      vertex 23.571339295012944 -5.847487373415292 8.494974746830584
      vertex 23.505025253169418 -5.6 8.494974746830584
    endloop
  endfacet
  facet normal -0.8436100229619492 0.22604462437945172 0.48705847384815304
    outer loop
      vertex 23.32385192159765 -5.6 8.181173331571765
      vertex 23.505025253169418 -5.6 8.494974746830584
      vertex 23.571339295012944 -5.352512626584708 8.494974746830584
    endloop
  endfacet
  facet normal -0.6175653985824981 0.6175653985824952 0.48705847384814505
    outer loop
      vertex 23.414438587383536 -5.261925960798826 8.181173331571765
      vertex 23.571339295012944 -5.352512626584708 8.494974746830584
      vertex 23.752512626584707 -5.1713392950129435 8.494974746830584
    endloop
  endfacet
  facet normal 0.22604462437945577 -0.843610022961951 0.48705847384814815
    outer loop
      vertex 24 -6.276148078402348 8.181173331571765
      vertex 24.338074039201175 -6.185561412616465 8.181173331571765
      vertex 24.247487373415293 -6.028660704987056 8.494974746830584
    endloop
  endfacet
  facet normal 0.6175653985824999 -0.6175653985824932 0.48705847384814543
    outer loop
      vertex 24.338074039201175 -6.185561412616465 8.181173331571765
      vertex 24.585561412616464 -5.938074039201173 8.181173331571765
      vertex 24.428660704987056 -5.847487373415292 8.494974746830584
    endloop
  endfacet
  facet normal 0.8436100229619506 -0.22604462437946293 0.4870584738481454
    outer loop
      vertex 24.585561412616464 -5.938074039201173 8.181173331571765
      vertex 24.67614807840235 -5.6 8.181173331571765
      vertex 24.428660704987056 -5.847487373415292 8.494974746830584
    endloop
  endfacet
  facet normal -0.22604462437945436 -0.8436100229619509 0.4870584738481492
    outer loop
      vertex 24 -6.276148078402348 8.181173331571765
      vertex 24 -6.094974746830583 8.494974746830584
      vertex 23.752512626584707 -6.028660704987056 8.494974746830584
    endloop
  endfacet
  facet normal 0.22604462437945436 -0.8436100229619509 0.4870584738481492
    outer loop
      vertex 24 -6.276148078402348 8.181173331571765
      vertex 24.247487373415293 -6.028660704987056 8.494974746830584
      vertex 24 -6.094974746830583 8.494974746830584
    endloop
  endfacet
  facet normal 0.6175653985824974 -0.6175653985824944 0.4870584738481473
    outer loop
      vertex 24.338074039201175 -6.185561412616465 8.181173331571765
      vertex 24.428660704987056 -5.847487373415292 8.494974746830584
      vertex 24.247487373415293 -6.028660704987056 8.494974746830584
    endloop
  endfacet
  facet normal 0.22604462437945577 0.843610022961951 0.4870584738481482
    outer loop
      vertex 24.338074039201175 -5.014438587383534 8.181173331571765
      vertex 24 -4.9238519215976515 8.181173331571765
      vertex 24.247487373415293 -5.1713392950129435 8.494974746830584
    endloop
  endfacet
  facet normal 0.8436100229619506 0.22604462437946293 0.4870584738481453
    outer loop
      vertex 24.67614807840235 -5.6 8.181173331571765
      vertex 24.585561412616464 -5.261925960798826 8.181173331571765
      vertex 24.428660704987056 -5.352512626584708 8.494974746830584
    endloop
  endfacet
  facet normal 0.6175653985824991 0.6175653985824925 0.4870584738481469
    outer loop
      vertex 24.338074039201175 -5.014438587383534 8.181173331571765
      vertex 24.247487373415293 -5.1713392950129435 8.494974746830584
      vertex 24.585561412616464 -5.261925960798826 8.181173331571765
    endloop
  endfacet
  facet normal -0.22604462437945436 0.8436100229619509 0.4870584738481492
    outer loop
      vertex 24 -4.9238519215976515 8.181173331571765
      vertex 23.752512626584707 -5.1713392950129435 8.494974746830584
      vertex 24 -5.1050252531694165 8.494974746830584
    endloop
  endfacet
  facet normal 0.22604462437945436 0.8436100229619509 0.4870584738481492
    outer loop
      vertex 24 -4.9238519215976515 8.181173331571765
      vertex 24 -5.1050252531694165 8.494974746830584
      vertex 24.247487373415293 -5.1713392950129435 8.494974746830584
    endloop
  endfacet
  facet normal 0.8436100229619492 -0.22604462437945172 0.48705847384815304
    outer loop
      vertex 24.67614807840235 -5.6 8.181173331571765
      vertex 24.494974746830582 -5.6 8.494974746830584
      vertex 24.428660704987056 -5.847487373415292 8.494974746830584
    endloop
  endfacet
  facet normal 0.8436100229619492 0.22604462437945172 0.48705847384815304
    outer loop
      vertex 24.67614807840235 -5.6 8.181173331571765
      vertex 24.428660704987056 -5.352512626584708 8.494974746830584
      vertex 24.494974746830582 -5.6 8.494974746830584
    endloop
  endfacet
  facet normal 0.6175653985824981 0.6175653985824952 0.48705847384814505
    outer loop
      vertex 24.585561412616464 -5.261925960798826 8.181173331571765
      vertex 24.247487373415293 -5.1713392950129435 8.494974746830584
      vertex 24.428660704987056 -5.352512626584708 8.494974746830584
    endloop
  endfacet
  facet normal -0.36278404373896833 -0.36278404373896644 0.858356263574051
    outer loop
      vertex 23.571339295012944 -5.847487373415292 8.494974746830584
      vertex 23.752512626584707 -6.028660704987056 8.494974746830584
      vertex 23.90941333421412 -5.756900707629409 8.676148078402347
    endloop
  endfacet
  facet normal -0.3627840437389691 -0.3627840437389644 0.8583562635740516
    outer loop
      vertex 23.571339295012944 -5.847487373415292 8.494974746830584
      vertex 23.90941333421412 -5.756900707629409 8.676148078402347
      vertex 23.843099292370592 -5.690586665785882 8.676148078402347
    endloop
  endfacet
  facet normal -0.4955722198350755 -0.13278817609610521 0.8583562635740509
    outer loop
      vertex 23.571339295012944 -5.847487373415292 8.494974746830584
      vertex 23.818826668428237 -5.6 8.676148078402347
      vertex 23.505025253169418 -5.6 8.494974746830584
    endloop
  endfacet
  facet normal -0.4955722198350748 0.13278817609610505 0.8583562635740513
    outer loop
      vertex 23.505025253169418 -5.6 8.494974746830584
      vertex 23.843099292370592 -5.509413334214117 8.676148078402347
      vertex 23.571339295012944 -5.352512626584708 8.494974746830584
    endloop
  endfacet
  facet normal -0.36278404373896833 0.36278404373896644 0.858356263574051
    outer loop
      vertex 23.571339295012944 -5.352512626584708 8.494974746830584
      vertex 23.90941333421412 -5.44309929237059 8.676148078402347
      vertex 23.752512626584707 -5.1713392950129435 8.494974746830584
    endloop
  endfacet
  facet normal -0.49557221983507344 -0.13278817609610769 0.8583562635740516
    outer loop
      vertex 23.571339295012944 -5.847487373415292 8.494974746830584
      vertex 23.843099292370592 -5.690586665785882 8.676148078402347
      vertex 23.818826668428237 -5.6 8.676148078402347
    endloop
  endfacet
  facet normal -0.4955722198350751 0.13278817609610838 0.8583562635740505
    outer loop
      vertex 23.505025253169418 -5.6 8.494974746830584
      vertex 23.818826668428237 -5.6 8.676148078402347
      vertex 23.843099292370592 -5.509413334214117 8.676148078402347
    endloop
  endfacet
  facet normal -0.3627840437389691 0.3627840437389644 0.8583562635740516
    outer loop
      vertex 23.571339295012944 -5.352512626584708 8.494974746830584
      vertex 23.843099292370592 -5.509413334214117 8.676148078402347
      vertex 23.90941333421412 -5.44309929237059 8.676148078402347
    endloop
  endfacet
  facet normal -0.13278817609610674 -0.49557221983507627 0.8583562635740499
    outer loop
      vertex 23.752512626584707 -6.028660704987056 8.494974746830584
      vertex 24 -6.094974746830583 8.494974746830584
      vertex 24 -5.781173331571765 8.676148078402347
    endloop
  endfacet
  facet normal 0.13278817609610674 -0.49557221983507627 0.8583562635740499
    outer loop
      vertex 24 -6.094974746830583 8.494974746830584
      vertex 24.247487373415293 -6.028660704987056 8.494974746830584
      vertex 24 -5.781173331571765 8.676148078402347
    endloop
  endfacet
  facet normal 0.36278404373896833 -0.36278404373896644 0.858356263574051
    outer loop
      vertex 24.247487373415293 -6.028660704987056 8.494974746830584
      vertex 24.428660704987056 -5.847487373415292 8.494974746830584
      vertex 24.09058666578588 -5.756900707629409 8.676148078402347
    endloop
  endfacet
  facet normal -0.13278817609610946 -0.4955722198350743 0.8583562635740509
    outer loop
      vertex 23.752512626584707 -6.028660704987056 8.494974746830584
      vertex 24 -5.781173331571765 8.676148078402347
      vertex 23.90941333421412 -5.756900707629409 8.676148078402347
    endloop
  endfacet
  facet normal 0.13278817609610946 -0.4955722198350743 0.8583562635740509
    outer loop
      vertex 24.247487373415293 -6.028660704987056 8.494974746830584
      vertex 24.09058666578588 -5.756900707629409 8.676148078402347
      vertex 24 -5.781173331571765 8.676148078402347
    endloop
  endfacet
  facet normal 0.3627840437389691 -0.3627840437389644 0.8583562635740516
    outer loop
      vertex 24.428660704987056 -5.847487373415292 8.494974746830584
      vertex 24.156900707629408 -5.690586665785882 8.676148078402347
      vertex 24.09058666578588 -5.756900707629409 8.676148078402347
    endloop
  endfacet
  facet normal 0 0 1
    outer loop
      vertex 24 -5.781173331571765 8.676148078402347
      vertex 24.09058666578588 -5.756900707629409 8.676148078402347
      vertex 23.90941333421412 -5.756900707629409 8.676148078402347
    endloop
  endfacet
  facet normal -0.13278817609610674 0.49557221983507627 0.8583562635740499
    outer loop
      vertex 23.752512626584707 -5.1713392950129435 8.494974746830584
      vertex 24 -5.418826668428235 8.676148078402347
      vertex 24 -5.1050252531694165 8.494974746830584
    endloop
  endfacet
  facet normal 0.13278817609610674 0.49557221983507627 0.8583562635740499
    outer loop
      vertex 24 -5.1050252531694165 8.494974746830584
      vertex 24 -5.418826668428235 8.676148078402347
      vertex 24.247487373415293 -5.1713392950129435 8.494974746830584
    endloop
  endfacet
  facet normal 0.36278404373896833 0.36278404373896644 0.858356263574051
    outer loop
      vertex 24.247487373415293 -5.1713392950129435 8.494974746830584
      vertex 24.09058666578588 -5.44309929237059 8.676148078402347
      vertex 24.428660704987056 -5.352512626584708 8.494974746830584
    endloop
  endfacet
  facet normal 0.4955722198350747 -0.13278817609610502 0.8583562635740513
    outer loop
      vertex 24.428660704987056 -5.847487373415292 8.494974746830584
      vertex 24.494974746830582 -5.6 8.494974746830584
      vertex 24.156900707629408 -5.690586665785882 8.676148078402347
    endloop
  endfacet
  facet normal 0.4955722198350747 0.13278817609610502 0.8583562635740513
    outer loop
      vertex 24.428660704987056 -5.352512626584708 8.494974746830584
      vertex 24.156900707629408 -5.509413334214117 8.676148078402347
      vertex 24.494974746830582 -5.6 8.494974746830584
    endloop
  endfacet
  facet normal 0.4955722198350751 0.13278817609610838 0.8583562635740505
    outer loop
      vertex 24.494974746830582 -5.6 8.494974746830584
      vertex 24.156900707629408 -5.509413334214117 8.676148078402347
      vertex 24.181173331571763 -5.6 8.676148078402347
    endloop
  endfacet
  facet normal 0.4955722198350751 -0.13278817609610838 0.8583562635740505
    outer loop
      vertex 24.494974746830582 -5.6 8.494974746830584
      vertex 24.181173331571763 -5.6 8.676148078402347
      vertex 24.156900707629408 -5.690586665785882 8.676148078402347
    endloop
  endfacet
  facet normal 0.3627840437389691 0.3627840437389644 0.8583562635740516
    outer loop
      vertex 24.428660704987056 -5.352512626584708 8.494974746830584
      vertex 24.09058666578588 -5.44309929237059 8.676148078402347
      vertex 24.156900707629408 -5.509413334214117 8.676148078402347
    endloop
  endfacet
  facet normal 0 0 1
    outer loop
      vertex 23.843099292370592 -5.690586665785882 8.676148078402347
      vertex 23.90941333421412 -5.756900707629409 8.676148078402347
      vertex 24.156900707629408 -5.690586665785882 8.676148078402347
    endloop
  endfacet
  facet normal 0 0 1
    outer loop
      vertex 23.843099292370592 -5.690586665785882 8.676148078402347
      vertex 24.181173331571763 -5.6 8.676148078402347
      vertex 23.818826668428237 -5.6 8.676148078402347
    endloop
  endfacet
  facet normal 0 0 1
    outer loop
      vertex 23.843099292370592 -5.690586665785882 8.676148078402347
      vertex 24.156900707629408 -5.690586665785882 8.676148078402347
      vertex 24.181173331571763 -5.6 8.676148078402347
    endloop
  endfacet
  facet normal 0 0 1
    outer loop
      vertex 23.90941333421412 -5.756900707629409 8.676148078402347
      vertex 24.09058666578588 -5.756900707629409 8.676148078402347
      vertex 24.156900707629408 -5.690586665785882 8.676148078402347
    endloop
  endfacet
  facet normal 0 0 1
    outer loop
      vertex 23.818826668428237 -5.6 8.676148078402347
      vertex 24.181173331571763 -5.6 8.676148078402347
      vertex 24.156900707629408 -5.509413334214117 8.676148078402347
    endloop
  endfacet
  facet normal 0 0 1
    outer loop
      vertex 23.843099292370592 -5.509413334214117 8.676148078402347
      vertex 24.09058666578588 -5.44309929237059 8.676148078402347
      vertex 23.90941333421412 -5.44309929237059 8.676148078402347
    endloop
  endfacet
  facet normal 0 0 1
    outer loop
      vertex 23.818826668428237 -5.6 8.676148078402347
      vertex 24.156900707629408 -5.509413334214117 8.676148078402347
      vertex 23.843099292370592 -5.509413334214117 8.676148078402347
    endloop
  endfacet
  facet normal 0 0 1
    outer loop
      vertex 23.843099292370592 -5.509413334214117 8.676148078402347
      vertex 24.156900707629408 -5.509413334214117 8.676148078402347
      vertex 24.09058666578588 -5.44309929237059 8.676148078402347
    endloop
  endfacet
  facet normal 0 0 1
    outer loop
      vertex 23.90941333421412 -5.44309929237059 8.676148078402347
      vertex 24.09058666578588 -5.44309929237059 8.676148078402347
      vertex 24 -5.418826668428235 8.676148078402347
    endloop
  endfacet
  facet normal -0.13278817609610946 0.4955722198350743 0.8583562635740509
    outer loop
      vertex 23.752512626584707 -5.1713392950129435 8.494974746830584
      vertex 23.90941333421412 -5.44309929237059 8.676148078402347
      vertex 24 -5.418826668428235 8.676148078402347
    endloop
  endfacet
  facet normal 0.13278817609610946 0.4955722198350743 0.8583562635740509
    outer loop
      vertex 24.247487373415293 -5.1713392950129435 8.494974746830584
      vertex 24 -5.418826668428235 8.676148078402347
      vertex 24.09058666578588 -5.44309929237059 8.676148078402347
    endloop
  endfacet
  facet normal -0.36278404373895945 -0.36278404373897594 -0.8583562635740509
    outer loop
      vertex -5.797989898732233 -24.197989898732235 7.386612204649416
      vertex -5.739999999999999 -24.242487113059642 7.380909525217808
      vertex -5.847487373415292 -24.428660704987056 7.505025253169417
    endloop
  endfacet
  facet normal -0.362784043738972 -0.36278404373896733 -0.8583562635740493
    outer loop
      vertex -5.797989898732233 -24.197989898732235 7.386612204649416
      vertex -6.028660704987056 -24.247487373415293 7.505025253169417
      vertex -5.842487113059643 -24.14 7.380909525217808
    endloop
  endfacet
  facet normal -0.49557221983507527 -0.13278817609611535 -0.8583562635740493
    outer loop
      vertex -5.842487113059643 -24.14 7.380909525217808
      vertex -6.028660704987056 -24.247487373415293 7.505025253169417
      vertex -5.870459231360939 -24.072469332628707 7.386612204649415
    endloop
  endfacet
  facet normal -0.4955722198350798 0.132788176096099 -0.8583562635740493
    outer loop
      vertex -5.88 -24 7.380909525217808
      vertex -6.094974746830583 -24 7.505025253169417
      vertex -5.870459231360939 -23.927530667371293 7.386612204649415
    endloop
  endfacet
  facet normal -0.4955722198350798 -0.132788176096099 -0.8583562635740493
    outer loop
      vertex -5.88 -24 7.380909525217808
      vertex -5.870459231360939 -24.072469332628707 7.386612204649415
      vertex -6.094974746830583 -24 7.505025253169417
    endloop
  endfacet
  facet normal -0.362784043738972 0.36278404373896733 -0.8583562635740493
    outer loop
      vertex -5.797989898732233 -23.802010101267765 7.386612204649416
      vertex -5.842487113059643 -23.86 7.380909525217808
      vertex -6.028660704987056 -23.752512626584707 7.505025253169417
    endloop
  endfacet
  facet normal -0.49557221983507527 0.13278817609611535 -0.8583562635740493
    outer loop
      vertex -5.870459231360939 -23.927530667371293 7.386612204649415
      vertex -6.028660704987056 -23.752512626584707 7.505025253169417
      vertex -5.842487113059643 -23.86 7.380909525217808
    endloop
  endfacet
  facet normal -0.36278404373895945 0.36278404373897594 -0.8583562635740509
    outer loop
      vertex -5.797989898732233 -23.802010101267765 7.386612204649416
      vertex -5.847487373415292 -23.571339295012944 7.505025253169417
      vertex -5.739999999999999 -23.757512886940358 7.380909525217808
    endloop
  endfacet
  facet normal -0.13278817609610544 -0.49557221983507854 -0.858356263574049
    outer loop
      vertex -5.6724693326287055 -24.270459231360938 7.386612204649416
      vertex -5.847487373415292 -24.428660704987056 7.505025253169417
      vertex -5.739999999999999 -24.242487113059642 7.380909525217808
    endloop
  endfacet
  facet normal 0.1327881760961231 -0.4955722198350812 -0.8583562635740447
    outer loop
      vertex -5.6 -24.28 7.380909525217808
      vertex -5.527530667371294 -24.270459231360938 7.386612204649416
      vertex -5.6 -24.494974746830582 7.505025253169417
    endloop
  endfacet
  facet normal -0.13278817609612312 -0.4955722198350812 -0.8583562635740447
    outer loop
      vertex -5.6724693326287055 -24.270459231360938 7.386612204649416
      vertex -5.6 -24.28 7.380909525217808
      vertex -5.6 -24.494974746830582 7.505025253169417
    endloop
  endfacet
  facet normal 0.3627840437389594 -0.36278404373897594 -0.8583562635740509
    outer loop
      vertex -5.46 -24.242487113059642 7.380909525217808
      vertex -5.402010101267766 -24.197989898732235 7.386612204649416
      vertex -5.352512626584708 -24.428660704987056 7.505025253169417
    endloop
  endfacet
  facet normal 0.13278817609610544 -0.49557221983507854 -0.858356263574049
    outer loop
      vertex -5.46 -24.242487113059642 7.380909525217808
      vertex -5.352512626584708 -24.428660704987056 7.505025253169417
      vertex -5.527530667371294 -24.270459231360938 7.386612204649416
    endloop
  endfacet
  facet normal 0.362784043738972 -0.36278404373896733 -0.8583562635740493
    outer loop
      vertex -5.402010101267766 -24.197989898732235 7.386612204649416
      vertex -5.3575128869403565 -24.14 7.380909525217808
      vertex -5.1713392950129435 -24.247487373415293 7.505025253169417
    endloop
  endfacet
  facet normal 0.49557221983507527 -0.13278817609611535 -0.8583562635740493
    outer loop
      vertex -5.3575128869403565 -24.14 7.380909525217808
      vertex -5.329540768639061 -24.072469332628707 7.386612204649415
      vertex -5.1713392950129435 -24.247487373415293 7.505025253169417
    endloop
  endfacet
  facet normal 0.4955722198350798 0.132788176096099 -0.8583562635740493
    outer loop
      vertex -5.319999999999999 -24 7.380909525217808
      vertex -5.329540768639061 -23.927530667371293 7.386612204649415
      vertex -5.1050252531694165 -24 7.505025253169417
    endloop
  endfacet
  facet normal 0.4955722198350798 -0.132788176096099 -0.8583562635740493
    outer loop
      vertex -5.319999999999999 -24 7.380909525217808
      vertex -5.1050252531694165 -24 7.505025253169417
      vertex -5.329540768639061 -24.072469332628707 7.386612204649415
    endloop
  endfacet
  facet normal -0.13278817609610544 0.49557221983507854 -0.858356263574049
    outer loop
      vertex -5.6724693326287055 -23.729540768639062 7.386612204649416
      vertex -5.739999999999999 -23.757512886940358 7.380909525217808
      vertex -5.847487373415292 -23.571339295012944 7.505025253169417
    endloop
  endfacet
  facet normal 0.1327881760961231 0.4955722198350812 -0.8583562635740447
    outer loop
      vertex -5.6 -23.72 7.380909525217808
      vertex -5.6 -23.505025253169418 7.505025253169417
      vertex -5.527530667371294 -23.729540768639062 7.386612204649416
    endloop
  endfacet
  facet normal -0.13278817609612312 0.4955722198350812 -0.8583562635740447
    outer loop
      vertex -5.6724693326287055 -23.729540768639062 7.386612204649416
      vertex -5.6 -23.505025253169418 7.505025253169417
      vertex -5.6 -23.72 7.380909525217808
    endloop
  endfacet
  facet normal 0.13278817609610516 0.49557221983507793 -0.8583562635740494
    outer loop
      vertex -5.46 -23.757512886940358 7.380909525217808
      vertex -5.527530667371294 -23.729540768639062 7.386612204649416
      vertex -5.6 -23.505025253169418 7.505025253169417
    endloop
  endfacet
  facet normal 0.3627840437389594 0.36278404373897594 -0.8583562635740509
    outer loop
      vertex -5.46 -23.757512886940358 7.380909525217808
      vertex -5.352512626584708 -23.571339295012944 7.505025253169417
      vertex -5.402010101267766 -23.802010101267765 7.386612204649416
    endloop
  endfacet
  facet normal 0.362784043738972 0.36278404373896733 -0.8583562635740493
    outer loop
      vertex -5.402010101267766 -23.802010101267765 7.386612204649416
      vertex -5.1713392950129435 -23.752512626584707 7.505025253169417
      vertex -5.3575128869403565 -23.86 7.380909525217808
    endloop
  endfacet
  facet normal 0.49557221983507527 0.13278817609611535 -0.8583562635740493
    outer loop
      vertex -5.329540768639061 -23.927530667371293 7.386612204649415
      vertex -5.3575128869403565 -23.86 7.380909525217808
      vertex -5.1713392950129435 -23.752512626584707 7.505025253169417
    endloop
  endfacet
  facet normal -0.36278404373897033 -0.36278404373897205 -0.8583562635740479
    outer loop
      vertex -5.797989898732233 -24.197989898732235 7.386612204649416
      vertex -5.847487373415292 -24.428660704987056 7.505025253169417
      vertex -6.028660704987056 -24.247487373415293 7.505025253169417
    endloop
  endfacet
  facet normal -0.49557221983508143 -0.13278817609610813 -0.8583562635740469
    outer loop
      vertex -5.870459231360939 -24.072469332628707 7.386612204649415
      vertex -6.028660704987056 -24.247487373415293 7.505025253169417
      vertex -6.094974746830583 -24 7.505025253169417
    endloop
  endfacet
  facet normal -0.49557221983508143 0.13278817609610813 -0.8583562635740469
    outer loop
      vertex -5.870459231360939 -23.927530667371293 7.386612204649415
      vertex -6.094974746830583 -24 7.505025253169417
      vertex -6.028660704987056 -23.752512626584707 7.505025253169417
    endloop
  endfacet
  facet normal -0.36278404373897033 0.36278404373897205 -0.8583562635740479
    outer loop
      vertex -5.797989898732233 -23.802010101267765 7.386612204649416
      vertex -6.028660704987056 -23.752512626584707 7.505025253169417
      vertex -5.847487373415292 -23.571339295012944 7.505025253169417
    endloop
  endfacet
  facet normal -0.13278817609610594 -0.49557221983507804 -0.8583562635740493
    outer loop
      vertex -5.6724693326287055 -24.270459231360938 7.386612204649416
      vertex -5.6 -24.494974746830582 7.505025253169417
      vertex -5.847487373415292 -24.428660704987056 7.505025253169417
    endloop
  endfacet
  facet normal 0.13278817609610594 -0.49557221983507804 -0.8583562635740493
    outer loop
      vertex -5.527530667371294 -24.270459231360938 7.386612204649416
      vertex -5.352512626584708 -24.428660704987056 7.505025253169417
      vertex -5.6 -24.494974746830582 7.505025253169417
    endloop
  endfacet
  facet normal 0.36278404373897033 -0.36278404373897205 -0.8583562635740479
    outer loop
      vertex -5.402010101267766 -24.197989898732235 7.386612204649416
      vertex -5.1713392950129435 -24.247487373415293 7.505025253169417
      vertex -5.352512626584708 -24.428660704987056 7.505025253169417
    endloop
  endfacet
  facet normal 0.49557221983508143 -0.13278817609610813 -0.8583562635740469
    outer loop
      vertex -5.329540768639061 -24.072469332628707 7.386612204649415
      vertex -5.1050252531694165 -24 7.505025253169417
      vertex -5.1713392950129435 -24.247487373415293 7.505025253169417
    endloop
  endfacet
  facet normal 0.49557221983508143 0.13278817609610813 -0.8583562635740469
    outer loop
      vertex -5.329540768639061 -23.927530667371293 7.386612204649415
      vertex -5.1713392950129435 -23.752512626584707 7.505025253169417
      vertex -5.1050252531694165 -24 7.505025253169417
    endloop
  endfacet
  facet normal -0.13278817609610594 0.49557221983507804 -0.8583562635740493
    outer loop
      vertex -5.6724693326287055 -23.729540768639062 7.386612204649416
      vertex -5.847487373415292 -23.571339295012944 7.505025253169417
      vertex -5.6 -23.505025253169418 7.505025253169417
    endloop
  endfacet
  facet normal 0.13278817609610594 0.4955722198350782 -0.8583562635740491
    outer loop
      vertex -5.46 -23.757512886940358 7.380909525217808
      vertex -5.6 -23.505025253169418 7.505025253169417
      vertex -5.352512626584708 -23.571339295012944 7.505025253169417
    endloop
  endfacet
  facet normal 0.36278404373897033 0.36278404373897205 -0.8583562635740479
    outer loop
      vertex -5.402010101267766 -23.802010101267765 7.386612204649416
      vertex -5.352512626584708 -23.571339295012944 7.505025253169417
      vertex -5.1713392950129435 -23.752512626584707 7.505025253169417
    endloop
  endfacet
  facet normal -0.6175653985824938 -0.6175653985824968 -0.4870584738481482
    outer loop
      vertex -5.847487373415292 -24.428660704987056 7.505025253169417
      vertex -6.185561412616465 -24.338074039201175 7.818826668428235
      vertex -6.028660704987056 -24.247487373415293 7.505025253169417
    endloop
  endfacet
  facet normal -0.8436100229619502 -0.22604462437945413 -0.48705847384815026
    outer loop
      vertex -6.028660704987056 -24.247487373415293 7.505025253169417
      vertex -6.276148078402348 -24 7.818826668428235
      vertex -6.094974746830583 -24 7.505025253169417
    endloop
  endfacet
  facet normal -0.8436100229619502 0.22604462437945413 -0.48705847384815026
    outer loop
      vertex -6.094974746830583 -24 7.505025253169417
      vertex -6.276148078402348 -24 7.818826668428235
      vertex -6.028660704987056 -23.752512626584707 7.505025253169417
    endloop
  endfacet
  facet normal -0.6175653985824927 -0.6175653985824994 -0.48705847384814643
    outer loop
      vertex -5.847487373415292 -24.428660704987056 7.505025253169417
      vertex -5.938074039201173 -24.585561412616464 7.818826668428235
      vertex -6.185561412616465 -24.338074039201175 7.818826668428235
    endloop
  endfacet
  facet normal -0.2260446243794628 -0.8436100229619501 -0.48705847384814643
    outer loop
      vertex -5.847487373415292 -24.428660704987056 7.505025253169417
      vertex -5.6 -24.67614807840235 7.818826668428235
      vertex -5.938074039201173 -24.585561412616464 7.818826668428235
    endloop
  endfacet
  facet normal -0.8436100229619504 -0.22604462437945566 -0.4870584738481494
    outer loop
      vertex -6.028660704987056 -24.247487373415293 7.505025253169417
      vertex -6.185561412616465 -24.338074039201175 7.818826668428235
      vertex -6.276148078402348 -24 7.818826668428235
    endloop
  endfacet
  facet normal -0.6175653985824938 0.6175653985824968 -0.4870584738481483
    outer loop
      vertex -6.028660704987056 -23.752512626584707 7.505025253169417
      vertex -6.185561412616465 -23.661925960798825 7.818826668428235
      vertex -5.847487373415292 -23.571339295012944 7.505025253169417
    endloop
  endfacet
  facet normal -0.8436100229619504 0.22604462437945566 -0.4870584738481494
    outer loop
      vertex -6.028660704987056 -23.752512626584707 7.505025253169417
      vertex -6.276148078402348 -24 7.818826668428235
      vertex -6.185561412616465 -23.661925960798825 7.818826668428235
    endloop
  endfacet
  facet normal -0.6175653985824927 0.6175653985824994 -0.48705847384814643
    outer loop
      vertex -5.847487373415292 -23.571339295012944 7.505025253169417
      vertex -6.185561412616465 -23.661925960798825 7.818826668428235
      vertex -5.938074039201173 -23.414438587383536 7.818826668428235
    endloop
  endfacet
  facet normal -0.2260446243794628 0.8436100229619501 -0.48705847384814643
    outer loop
      vertex -5.847487373415292 -23.571339295012944 7.505025253169417
      vertex -5.938074039201173 -23.414438587383536 7.818826668428235
      vertex -5.6 -23.32385192159765 7.818826668428235
    endloop
  endfacet
  facet normal -0.22604462437945155 -0.8436100229619486 -0.48705847384815415
    outer loop
      vertex -5.847487373415292 -24.428660704987056 7.505025253169417
      vertex -5.6 -24.494974746830582 7.505025253169417
      vertex -5.6 -24.67614807840235 7.818826668428235
    endloop
  endfacet
  facet normal 0.22604462437945155 -0.8436100229619486 -0.48705847384815415
    outer loop
      vertex -5.6 -24.494974746830582 7.505025253169417
      vertex -5.352512626584708 -24.428660704987056 7.505025253169417
      vertex -5.6 -24.67614807840235 7.818826668428235
    endloop
  endfacet
  facet normal 0.6175653985824938 -0.6175653985824968 -0.4870584738481482
    outer loop
      vertex -5.352512626584708 -24.428660704987056 7.505025253169417
      vertex -5.1713392950129435 -24.247487373415293 7.505025253169417
      vertex -5.014438587383534 -24.338074039201175 7.818826668428235
    endloop
  endfacet
  facet normal 0.8436100229619502 -0.22604462437945413 -0.48705847384815026
    outer loop
      vertex -5.1713392950129435 -24.247487373415293 7.505025253169417
      vertex -5.1050252531694165 -24 7.505025253169417
      vertex -4.9238519215976515 -24 7.818826668428235
    endloop
  endfacet
  facet normal 0.8436100229619502 0.22604462437945413 -0.48705847384815026
    outer loop
      vertex -5.1050252531694165 -24 7.505025253169417
      vertex -5.1713392950129435 -23.752512626584707 7.505025253169417
      vertex -4.9238519215976515 -24 7.818826668428235
    endloop
  endfacet
  facet normal 0.2260446243794628 -0.8436100229619501 -0.48705847384814643
    outer loop
      vertex -5.352512626584708 -24.428660704987056 7.505025253169417
      vertex -5.261925960798826 -24.585561412616464 7.818826668428235
      vertex -5.6 -24.67614807840235 7.818826668428235
    endloop
  endfacet
  facet normal 0.6175653985824927 -0.6175653985824994 -0.48705847384814643
    outer loop
      vertex -5.352512626584708 -24.428660704987056 7.505025253169417
      vertex -5.014438587383534 -24.338074039201175 7.818826668428235
      vertex -5.261925960798826 -24.585561412616464 7.818826668428235
    endloop
  endfacet
  facet normal 0.8436100229619504 -0.22604462437945566 -0.4870584738481494
    outer loop
      vertex -5.1713392950129435 -24.247487373415293 7.505025253169417
      vertex -4.9238519215976515 -24 7.818826668428235
      vertex -5.014438587383534 -24.338074039201175 7.818826668428235
    endloop
  endfacet
  facet normal -0.22604462437945155 0.8436100229619486 -0.48705847384815415
    outer loop
      vertex -5.847487373415292 -23.571339295012944 7.505025253169417
      vertex -5.6 -23.32385192159765 7.818826668428235
      vertex -5.6 -23.505025253169418 7.505025253169417
    endloop
  endfacet
  facet normal 0.22604462437945155 0.8436100229619486 -0.48705847384815415
    outer loop
      vertex -5.6 -23.505025253169418 7.505025253169417
      vertex -5.6 -23.32385192159765 7.818826668428235
      vertex -5.352512626584708 -23.571339295012944 7.505025253169417
    endloop
  endfacet
  facet normal 0.6175653985824938 0.6175653985824968 -0.4870584738481482
    outer loop
      vertex -5.352512626584708 -23.571339295012944 7.505025253169417
      vertex -5.014438587383534 -23.661925960798825 7.818826668428235
      vertex -5.1713392950129435 -23.752512626584707 7.505025253169417
    endloop
  endfacet
  facet normal 0.2260446243794628 0.8436100229619501 -0.48705847384814643
    outer loop
      vertex -5.352512626584708 -23.571339295012944 7.505025253169417
      vertex -5.6 -23.32385192159765 7.818826668428235
      vertex -5.261925960798826 -23.414438587383536 7.818826668428235
    endloop
  endfacet
  facet normal 0.6175653985824927 0.6175653985824994 -0.48705847384814643
    outer loop
      vertex -5.352512626584708 -23.571339295012944 7.505025253169417
      vertex -5.261925960798826 -23.414438587383536 7.818826668428235
      vertex -5.014438587383534 -23.661925960798825 7.818826668428235
    endloop
  endfacet
  facet normal 0.8436100229619504 0.22604462437945566 -0.4870584738481494
    outer loop
      vertex -5.1713392950129435 -23.752512626584707 7.505025253169417
      vertex -5.014438587383534 -23.661925960798825 7.818826668428235
      vertex -4.9238519215976515 -24 7.818826668428235
    endloop
  endfacet
  facet normal -0.9659258262890682 -0.25881904510252085 0
    outer loop
      vertex -6.185561412616465 -24.338074039201175 7.818826668428235
      vertex -6.276148078402348 -24 8.181173331571765
      vertex -6.276148078402348 -24 7.818826668428235
    endloop
  endfacet
  facet normal -0.7071067811865437 -0.7071067811865513 0
    outer loop
      vertex -6.185561412616465 -24.338074039201175 7.818826668428235
      vertex -5.938074039201173 -24.585561412616464 7.818826668428235
      vertex -6.185561412616465 -24.338074039201175 8.181173331571765
    endloop
  endfacet
  facet normal -0.9659258262890682 0.25881904510252085 0
    outer loop
      vertex -6.276148078402348 -24 7.818826668428235
      vertex -6.185561412616465 -23.661925960798825 8.181173331571765
      vertex -6.185561412616465 -23.661925960798825 7.818826668428235
    endloop
  endfacet
  facet normal -0.7071067811865437 0.7071067811865513 0
    outer loop
      vertex -6.185561412616465 -23.661925960798825 7.818826668428235
      vertex -5.938074039201173 -23.414438587383536 8.181173331571765
      vertex -5.938074039201173 -23.414438587383536 7.818826668428235
    endloop
  endfacet
  facet normal -0.25881904510252857 0.9659258262890661 0
    outer loop
      vertex -5.938074039201173 -23.414438587383536 7.818826668428235
      vertex -5.938074039201173 -23.414438587383536 8.181173331571765
      vertex -5.6 -23.32385192159765 7.818826668428235
    endloop
  endfacet
  facet normal -0.25881904510252857 -0.9659258262890661 0
    outer loop
      vertex -5.938074039201173 -24.585561412616464 7.818826668428235
      vertex -5.6 -24.67614807840235 7.818826668428235
      vertex -5.6 -24.67614807840235 8.181173331571765
    endloop
  endfacet
  facet normal 0.25881904510252857 -0.9659258262890661 0
    outer loop
      vertex -5.6 -24.67614807840235 7.818826668428235
      vertex -5.261925960798826 -24.585561412616464 7.818826668428235
      vertex -5.261925960798826 -24.585561412616464 8.181173331571765
    endloop
  endfacet
  facet normal 0.7071067811865437 -0.7071067811865513 0
    outer loop
      vertex -5.261925960798826 -24.585561412616464 7.818826668428235
      vertex -5.014438587383534 -24.338074039201175 7.818826668428235
      vertex -5.261925960798826 -24.585561412616464 8.181173331571765
    endloop
  endfacet
  facet normal 0.9659258262890682 -0.25881904510252085 0
    outer loop
      vertex -5.014438587383534 -24.338074039201175 7.818826668428235
      vertex -4.9238519215976515 -24 7.818826668428235
      vertex -5.014438587383534 -24.338074039201175 8.181173331571765
    endloop
  endfacet
  facet normal 0.9659258262890682 0.25881904510252085 0
    outer loop
      vertex -5.014438587383534 -23.661925960798825 7.818826668428235
      vertex -4.9238519215976515 -24 8.181173331571765
      vertex -4.9238519215976515 -24 7.818826668428235
    endloop
  endfacet
  facet normal 0.25881904510252857 0.9659258262890661 0
    outer loop
      vertex -5.6 -23.32385192159765 7.818826668428235
      vertex -5.6 -23.32385192159765 8.181173331571765
      vertex -5.261925960798826 -23.414438587383536 7.818826668428235
    endloop
  endfacet
  facet normal 0.7071067811865437 0.7071067811865513 0
    outer loop
      vertex -5.014438587383534 -23.661925960798825 7.818826668428235
      vertex -5.261925960798826 -23.414438587383536 7.818826668428235
      vertex -5.014438587383534 -23.661925960798825 8.181173331571765
    endloop
  endfacet
  facet normal -0.9659258262890682 -0.25881904510252085 0
    outer loop
      vertex -6.185561412616465 -24.338074039201175 7.818826668428235
      vertex -6.185561412616465 -24.338074039201175 8.181173331571765
      vertex -6.276148078402348 -24 8.181173331571765
    endloop
  endfacet
  facet normal -0.9659258262890682 0.25881904510252085 0
    outer loop
      vertex -6.276148078402348 -24 7.818826668428235
      vertex -6.276148078402348 -24 8.181173331571765
      vertex -6.185561412616465 -23.661925960798825 8.181173331571765
    endloop
  endfacet
  facet normal -0.7071067811865437 -0.7071067811865513 0
    outer loop
      vertex -5.938074039201173 -24.585561412616464 7.818826668428235
      vertex -5.938074039201173 -24.585561412616464 8.181173331571765
      vertex -6.185561412616465 -24.338074039201175 8.181173331571765
    endloop
  endfacet
  facet normal -0.25881904510252857 -0.9659258262890661 0
    outer loop
      vertex -5.938074039201173 -24.585561412616464 7.818826668428235
      vertex -5.6 -24.67614807840235 8.181173331571765
      vertex -5.938074039201173 -24.585561412616464 8.181173331571765
    endloop
  endfacet
  facet normal -0.7071067811865437 0.7071067811865513 0
    outer loop
      vertex -6.185561412616465 -23.661925960798825 7.818826668428235
      vertex -6.185561412616465 -23.661925960798825 8.181173331571765
      vertex -5.938074039201173 -23.414438587383536 8.181173331571765
    endloop
  endfacet
  facet normal 0.25881904510252857 -0.9659258262890661 0
    outer loop
      vertex -5.6 -24.67614807840235 7.818826668428235
      vertex -5.261925960798826 -24.585561412616464 8.181173331571765
      vertex -5.6 -24.67614807840235 8.181173331571765
    endloop
  endfacet
  facet normal 0.7071067811865437 -0.7071067811865513 0
    outer loop
      vertex -5.014438587383534 -24.338074039201175 7.818826668428235
      vertex -5.014438587383534 -24.338074039201175 8.181173331571765
      vertex -5.261925960798826 -24.585561412616464 8.181173331571765
    endloop
  endfacet
  facet normal 0.9659258262890682 -0.25881904510252085 0
    outer loop
      vertex -4.9238519215976515 -24 7.818826668428235
      vertex -4.9238519215976515 -24 8.181173331571765
      vertex -5.014438587383534 -24.338074039201175 8.181173331571765
    endloop
  endfacet
  facet normal -0.25881904510252857 0.9659258262890661 0
    outer loop
      vertex -5.6 -23.32385192159765 7.818826668428235
      vertex -5.938074039201173 -23.414438587383536 8.181173331571765
      vertex -5.6 -23.32385192159765 8.181173331571765
    endloop
  endfacet
  facet normal 0.25881904510252857 0.9659258262890661 0
    outer loop
      vertex -5.261925960798826 -23.414438587383536 7.818826668428235
      vertex -5.6 -23.32385192159765 8.181173331571765
      vertex -5.261925960798826 -23.414438587383536 8.181173331571765
    endloop
  endfacet
  facet normal 0.7071067811865437 0.7071067811865513 0
    outer loop
      vertex -5.261925960798826 -23.414438587383536 7.818826668428235
      vertex -5.261925960798826 -23.414438587383536 8.181173331571765
      vertex -5.014438587383534 -23.661925960798825 8.181173331571765
    endloop
  endfacet
  facet normal 0.9659258262890682 0.25881904510252085 0
    outer loop
      vertex -5.014438587383534 -23.661925960798825 7.818826668428235
      vertex -5.014438587383534 -23.661925960798825 8.181173331571765
      vertex -4.9238519215976515 -24 8.181173331571765
    endloop
  endfacet
  facet normal -0.6175653985824932 -0.6175653985824999 0.48705847384814543
    outer loop
      vertex -6.185561412616465 -24.338074039201175 8.181173331571765
      vertex -5.938074039201173 -24.585561412616464 8.181173331571765
      vertex -5.847487373415292 -24.428660704987056 8.494974746830584
    endloop
  endfacet
  facet normal -0.22604462437946293 -0.8436100229619506 0.4870584738481454
    outer loop
      vertex -5.938074039201173 -24.585561412616464 8.181173331571765
      vertex -5.6 -24.67614807840235 8.181173331571765
      vertex -5.847487373415292 -24.428660704987056 8.494974746830584
    endloop
  endfacet
  facet normal -0.843610022961951 -0.22604462437945577 0.4870584738481482
    outer loop
      vertex -6.185561412616465 -24.338074039201175 8.181173331571765
      vertex -6.028660704987056 -24.247487373415293 8.494974746830584
      vertex -6.276148078402348 -24 8.181173331571765
    endloop
  endfacet
  facet normal -0.6175653985824944 -0.6175653985824974 0.4870584738481473
    outer loop
      vertex -6.185561412616465 -24.338074039201175 8.181173331571765
      vertex -5.847487373415292 -24.428660704987056 8.494974746830584
      vertex -6.028660704987056 -24.247487373415293 8.494974746830584
    endloop
  endfacet
  facet normal -0.8436100229619509 -0.22604462437945436 0.4870584738481492
    outer loop
      vertex -6.276148078402348 -24 8.181173331571765
      vertex -6.028660704987056 -24.247487373415293 8.494974746830584
      vertex -6.094974746830583 -24 8.494974746830584
    endloop
  endfacet
  facet normal -0.8436100229619509 0.22604462437945436 0.4870584738481492
    outer loop
      vertex -6.276148078402348 -24 8.181173331571765
      vertex -6.094974746830583 -24 8.494974746830584
      vertex -6.028660704987056 -23.752512626584707 8.494974746830584
    endloop
  endfacet
  facet normal -0.843610022961951 0.22604462437945577 0.48705847384814815
    outer loop
      vertex -6.276148078402348 -24 8.181173331571765
      vertex -6.028660704987056 -23.752512626584707 8.494974746830584
      vertex -6.185561412616465 -23.661925960798825 8.181173331571765
    endloop
  endfacet
  facet normal -0.6175653985824932 0.6175653985824999 0.48705847384814543
    outer loop
      vertex -6.185561412616465 -23.661925960798825 8.181173331571765
      vertex -5.847487373415292 -23.571339295012944 8.494974746830584
      vertex -5.938074039201173 -23.414438587383536 8.181173331571765
    endloop
  endfacet
  facet normal -0.22604462437946293 0.8436100229619506 0.4870584738481454
    outer loop
      vertex -5.938074039201173 -23.414438587383536 8.181173331571765
      vertex -5.847487373415292 -23.571339295012944 8.494974746830584
      vertex -5.6 -23.32385192159765 8.181173331571765
    endloop
  endfacet
  facet normal -0.6175653985824944 0.6175653985824974 0.4870584738481473
    outer loop
      vertex -6.185561412616465 -23.661925960798825 8.181173331571765
      vertex -6.028660704987056 -23.752512626584707 8.494974746830584
      vertex -5.847487373415292 -23.571339295012944 8.494974746830584
    endloop
  endfacet
  facet normal 0.22604462437946293 -0.8436100229619506 0.4870584738481453
    outer loop
      vertex -5.6 -24.67614807840235 8.181173331571765
      vertex -5.261925960798826 -24.585561412616464 8.181173331571765
      vertex -5.352512626584708 -24.428660704987056 8.494974746830584
    endloop
  endfacet
  facet normal 0.6175653985824925 -0.6175653985824991 0.48705847384814693
    outer loop
      vertex -5.261925960798826 -24.585561412616464 8.181173331571765
      vertex -5.014438587383534 -24.338074039201175 8.181173331571765
      vertex -5.1713392950129435 -24.247487373415293 8.494974746830584
    endloop
  endfacet
  facet normal 0.843610022961951 -0.22604462437945577 0.4870584738481482
    outer loop
      vertex -5.014438587383534 -24.338074039201175 8.181173331571765
      vertex -4.9238519215976515 -24 8.181173331571765
      vertex -5.1713392950129435 -24.247487373415293 8.494974746830584
    endloop
  endfacet
  facet normal -0.22604462437945172 -0.8436100229619492 0.48705847384815304
    outer loop
      vertex -5.6 -24.67614807840235 8.181173331571765
      vertex -5.6 -24.494974746830582 8.494974746830584
      vertex -5.847487373415292 -24.428660704987056 8.494974746830584
    endloop
  endfacet
  facet normal 0.22604462437945172 -0.8436100229619492 0.48705847384815304
    outer loop
      vertex -5.6 -24.67614807840235 8.181173331571765
      vertex -5.352512626584708 -24.428660704987056 8.494974746830584
      vertex -5.6 -24.494974746830582 8.494974746830584
    endloop
  endfacet
  facet normal 0.6175653985824952 -0.6175653985824981 0.48705847384814505
    outer loop
      vertex -5.261925960798826 -24.585561412616464 8.181173331571765
      vertex -5.1713392950129435 -24.247487373415293 8.494974746830584
      vertex -5.352512626584708 -24.428660704987056 8.494974746830584
    endloop
  endfacet
  facet normal 0.8436100229619509 -0.22604462437945436 0.4870584738481492
    outer loop
      vertex -4.9238519215976515 -24 8.181173331571765
      vertex -5.1050252531694165 -24 8.494974746830584
      vertex -5.1713392950129435 -24.247487373415293 8.494974746830584
    endloop
  endfacet
  facet normal 0.8436100229619509 0.22604462437945436 0.4870584738481492
    outer loop
      vertex -4.9238519215976515 -24 8.181173331571765
      vertex -5.1713392950129435 -23.752512626584707 8.494974746830584
      vertex -5.1050252531694165 -24 8.494974746830584
    endloop
  endfacet
  facet normal 0.22604462437946293 0.8436100229619506 0.4870584738481453
    outer loop
      vertex -5.6 -23.32385192159765 8.181173331571765
      vertex -5.352512626584708 -23.571339295012944 8.494974746830584
      vertex -5.261925960798826 -23.414438587383536 8.181173331571765
    endloop
  endfacet
  facet normal 0.6175653985824925 0.6175653985824991 0.4870584738481469
    outer loop
      vertex -5.014438587383534 -23.661925960798825 8.181173331571765
      vertex -5.261925960798826 -23.414438587383536 8.181173331571765
      vertex -5.1713392950129435 -23.752512626584707 8.494974746830584
    endloop
  endfacet
  facet normal 0.843610022961951 0.22604462437945577 0.4870584738481482
    outer loop
      vertex -5.014438587383534 -23.661925960798825 8.181173331571765
      vertex -5.1713392950129435 -23.752512626584707 8.494974746830584
      vertex -4.9238519215976515 -24 8.181173331571765
    endloop
  endfacet
  facet normal -0.22604462437945172 0.8436100229619492 0.48705847384815304
    outer loop
      vertex -5.6 -23.32385192159765 8.181173331571765
      vertex -5.847487373415292 -23.571339295012944 8.494974746830584
      vertex -5.6 -23.505025253169418 8.494974746830584
    endloop
  endfacet
  facet normal 0.22604462437945172 0.8436100229619492 0.48705847384815304
    outer loop
      vertex -5.6 -23.32385192159765 8.181173331571765
      vertex -5.6 -23.505025253169418 8.494974746830584
      vertex -5.352512626584708 -23.571339295012944 8.494974746830584
    endloop
  endfacet
  facet normal 0.6175653985824952 0.6175653985824981 0.48705847384814505
    outer loop
      vertex -5.261925960798826 -23.414438587383536 8.181173331571765
      vertex -5.352512626584708 -23.571339295012944 8.494974746830584
      vertex -5.1713392950129435 -23.752512626584707 8.494974746830584
    endloop
  endfacet
  facet normal -0.49557221983507627 -0.13278817609610674 0.8583562635740499
    outer loop
      vertex -6.028660704987056 -24.247487373415293 8.494974746830584
      vertex -5.781173331571765 -24 8.676148078402347
      vertex -6.094974746830583 -24 8.494974746830584
    endloop
  endfacet
  facet normal -0.49557221983507627 0.13278817609610674 0.8583562635740499
    outer loop
      vertex -6.094974746830583 -24 8.494974746830584
      vertex -5.781173331571765 -24 8.676148078402347
      vertex -6.028660704987056 -23.752512626584707 8.494974746830584
    endloop
  endfacet
  facet normal -0.36278404373896644 -0.36278404373896833 0.858356263574051
    outer loop
      vertex -5.847487373415292 -24.428660704987056 8.494974746830584
      vertex -5.756900707629409 -24.09058666578588 8.676148078402347
      vertex -6.028660704987056 -24.247487373415293 8.494974746830584
    endloop
  endfacet
  facet normal -0.3627840437389644 -0.3627840437389691 0.8583562635740516
    outer loop
      vertex -5.847487373415292 -24.428660704987056 8.494974746830584
      vertex -5.690586665785882 -24.156900707629408 8.676148078402347
      vertex -5.756900707629409 -24.09058666578588 8.676148078402347
    endloop
  endfacet
  facet normal -0.4955722198350743 -0.13278817609610946 0.8583562635740509
    outer loop
      vertex -6.028660704987056 -24.247487373415293 8.494974746830584
      vertex -5.756900707629409 -24.09058666578588 8.676148078402347
      vertex -5.781173331571765 -24 8.676148078402347
    endloop
  endfacet
  facet normal -0.4955722198350743 0.13278817609610946 0.8583562635740509
    outer loop
      vertex -6.028660704987056 -23.752512626584707 8.494974746830584
      vertex -5.781173331571765 -24 8.676148078402347
      vertex -5.756900707629409 -23.90941333421412 8.676148078402347
    endloop
  endfacet
  facet normal 0 0 1
    outer loop
      vertex -5.781173331571765 -24 8.676148078402347
      vertex -5.756900707629409 -24.09058666578588 8.676148078402347
      vertex -5.756900707629409 -23.90941333421412 8.676148078402347
    endloop
  endfacet
  facet normal -0.36278404373896644 0.36278404373896833 0.858356263574051
    outer loop
      vertex -6.028660704987056 -23.752512626584707 8.494974746830584
      vertex -5.756900707629409 -23.90941333421412 8.676148078402347
      vertex -5.847487373415292 -23.571339295012944 8.494974746830584
    endloop
  endfacet
  facet normal -0.3627840437389644 0.3627840437389691 0.8583562635740516
    outer loop
      vertex -5.847487373415292 -23.571339295012944 8.494974746830584
      vertex -5.756900707629409 -23.90941333421412 8.676148078402347
      vertex -5.690586665785882 -23.843099292370592 8.676148078402347
    endloop
  endfacet
  facet normal -0.13278817609610502 -0.4955722198350747 0.8583562635740513
    outer loop
      vertex -5.847487373415292 -24.428660704987056 8.494974746830584
      vertex -5.6 -24.494974746830582 8.494974746830584
      vertex -5.690586665785882 -24.156900707629408 8.676148078402347
    endloop
  endfacet
  facet normal 0.13278817609610505 -0.4955722198350748 0.8583562635740513
    outer loop
      vertex -5.6 -24.494974746830582 8.494974746830584
      vertex -5.352512626584708 -24.428660704987056 8.494974746830584
      vertex -5.509413334214117 -24.156900707629408 8.676148078402347
    endloop
  endfacet
  facet normal 0.36278404373896644 -0.36278404373896833 0.858356263574051
    outer loop
      vertex -5.352512626584708 -24.428660704987056 8.494974746830584
      vertex -5.1713392950129435 -24.247487373415293 8.494974746830584
      vertex -5.44309929237059 -24.09058666578588 8.676148078402347
    endloop
  endfacet
  facet normal 0.49557221983507627 -0.13278817609610674 0.8583562635740499
    outer loop
      vertex -5.1713392950129435 -24.247487373415293 8.494974746830584
      vertex -5.1050252531694165 -24 8.494974746830584
      vertex -5.418826668428235 -24 8.676148078402347
    endloop
  endfacet
  facet normal 0.49557221983507627 0.13278817609610674 0.8583562635740499
    outer loop
      vertex -5.1050252531694165 -24 8.494974746830584
      vertex -5.1713392950129435 -23.752512626584707 8.494974746830584
      vertex -5.418826668428235 -24 8.676148078402347
    endloop
  endfacet
  facet normal 0.13278817609610838 -0.4955722198350751 0.8583562635740505
    outer loop
      vertex -5.6 -24.494974746830582 8.494974746830584
      vertex -5.509413334214117 -24.156900707629408 8.676148078402347
      vertex -5.6 -24.181173331571763 8.676148078402347
    endloop
  endfacet
  facet normal -0.13278817609610838 -0.4955722198350751 0.8583562635740505
    outer loop
      vertex -5.6 -24.494974746830582 8.494974746830584
      vertex -5.6 -24.181173331571763 8.676148078402347
      vertex -5.690586665785882 -24.156900707629408 8.676148078402347
    endloop
  endfacet
  facet normal 0.3627840437389644 -0.3627840437389691 0.8583562635740516
    outer loop
      vertex -5.352512626584708 -24.428660704987056 8.494974746830584
      vertex -5.44309929237059 -24.09058666578588 8.676148078402347
      vertex -5.509413334214117 -24.156900707629408 8.676148078402347
    endloop
  endfacet
  facet normal 0 0 1
    outer loop
      vertex -5.690586665785882 -24.156900707629408 8.676148078402347
      vertex -5.6 -24.181173331571763 8.676148078402347
      vertex -5.690586665785882 -23.843099292370592 8.676148078402347
    endloop
  endfacet
  facet normal 0 0 1
    outer loop
      vertex -5.690586665785882 -24.156900707629408 8.676148078402347
      vertex -5.756900707629409 -23.90941333421412 8.676148078402347
      vertex -5.756900707629409 -24.09058666578588 8.676148078402347
    endloop
  endfacet
  facet normal 0 0 1
    outer loop
      vertex -5.690586665785882 -24.156900707629408 8.676148078402347
      vertex -5.690586665785882 -23.843099292370592 8.676148078402347
      vertex -5.756900707629409 -23.90941333421412 8.676148078402347
    endloop
  endfacet
  facet normal 0 0 1
    outer loop
      vertex -5.6 -24.181173331571763 8.676148078402347
      vertex -5.509413334214117 -24.156900707629408 8.676148078402347
      vertex -5.6 -23.818826668428237 8.676148078402347
    endloop
  endfacet
  facet normal 0 0 1
    outer loop
      vertex -5.6 -24.181173331571763 8.676148078402347
      vertex -5.6 -23.818826668428237 8.676148078402347
      vertex -5.690586665785882 -23.843099292370592 8.676148078402347
    endloop
  endfacet
  facet normal 0 0 1
    outer loop
      vertex -5.509413334214117 -24.156900707629408 8.676148078402347
      vertex -5.44309929237059 -24.09058666578588 8.676148078402347
      vertex -5.509413334214117 -23.843099292370592 8.676148078402347
    endloop
  endfacet
  facet normal 0 0 1
    outer loop
      vertex -5.44309929237059 -24.09058666578588 8.676148078402347
      vertex -5.44309929237059 -23.90941333421412 8.676148078402347
      vertex -5.509413334214117 -23.843099292370592 8.676148078402347
    endloop
  endfacet
  facet normal 0 0 1
    outer loop
      vertex -5.509413334214117 -24.156900707629408 8.676148078402347
      vertex -5.509413334214117 -23.843099292370592 8.676148078402347
      vertex -5.6 -23.818826668428237 8.676148078402347
    endloop
  endfacet
  facet normal 0 0 1
    outer loop
      vertex -5.44309929237059 -24.09058666578588 8.676148078402347
      vertex -5.418826668428235 -24 8.676148078402347
      vertex -5.44309929237059 -23.90941333421412 8.676148078402347
    endloop
  endfacet
  facet normal 0.4955722198350743 -0.13278817609610946 0.8583562635740509
    outer loop
      vertex -5.1713392950129435 -24.247487373415293 8.494974746830584
      vertex -5.418826668428235 -24 8.676148078402347
      vertex -5.44309929237059 -24.09058666578588 8.676148078402347
    endloop
  endfacet
  facet normal 0.4955722198350743 0.13278817609610946 0.8583562635740509
    outer loop
      vertex -5.1713392950129435 -23.752512626584707 8.494974746830584
      vertex -5.44309929237059 -23.90941333421412 8.676148078402347
      vertex -5.418826668428235 -24 8.676148078402347
    endloop
  endfacet
  facet normal -0.13278817609610521 0.4955722198350755 0.8583562635740509
    outer loop
      vertex -5.847487373415292 -23.571339295012944 8.494974746830584
      vertex -5.6 -23.818826668428237 8.676148078402347
      vertex -5.6 -23.505025253169418 8.494974746830584
    endloop
  endfacet
  facet normal 0.13278817609610505 0.4955722198350748 0.8583562635740513
    outer loop
      vertex -5.6 -23.505025253169418 8.494974746830584
      vertex -5.509413334214117 -23.843099292370592 8.676148078402347
      vertex -5.352512626584708 -23.571339295012944 8.494974746830584
    endloop
  endfacet
  facet normal 0.36278404373896644 0.36278404373896833 0.858356263574051
    outer loop
      vertex -5.352512626584708 -23.571339295012944 8.494974746830584
      vertex -5.44309929237059 -23.90941333421412 8.676148078402347
      vertex -5.1713392950129435 -23.752512626584707 8.494974746830584
    endloop
  endfacet
  facet normal -0.13278817609610769 0.49557221983507344 0.8583562635740516
    outer loop
      vertex -5.847487373415292 -23.571339295012944 8.494974746830584
      vertex -5.690586665785882 -23.843099292370592 8.676148078402347
      vertex -5.6 -23.818826668428237 8.676148078402347
    endloop
  endfacet
  facet normal 0.13278817609610838 0.4955722198350751 0.8583562635740505
    outer loop
      vertex -5.6 -23.505025253169418 8.494974746830584
      vertex -5.6 -23.818826668428237 8.676148078402347
      vertex -5.509413334214117 -23.843099292370592 8.676148078402347
    endloop
  endfacet
  facet normal 0.3627840437389644 0.3627840437389691 0.8583562635740516
    outer loop
      vertex -5.352512626584708 -23.571339295012944 8.494974746830584
      vertex -5.509413334214117 -23.843099292370592 8.676148078402347
      vertex -5.44309929237059 -23.90941333421412 8.676148078402347
    endloop
  endfacet
  facet normal -0.36278404373897594 -0.36278404373895945 -0.8583562635740509
    outer loop
      vertex -24.197989898732235 5.402010101267766 7.386612204649416
      vertex -24.428660704987056 5.352512626584708 7.505025253169417
      vertex -24.242487113059642 5.46 7.380909525217808
    endloop
  endfacet
  facet normal -0.49557221983507854 -0.13278817609610544 -0.858356263574049
    outer loop
      vertex -24.242487113059642 5.46 7.380909525217808
      vertex -24.428660704987056 5.352512626584708 7.505025253169417
      vertex -24.270459231360938 5.527530667371294 7.386612204649416
    endloop
  endfacet
  facet normal -0.4955722198350812 -0.13278817609612312 -0.8583562635740447
    outer loop
      vertex -24.270459231360938 5.527530667371294 7.386612204649416
      vertex -24.494974746830582 5.6 7.505025253169417
      vertex -24.28 5.6 7.380909525217808
    endloop
  endfacet
  facet normal -0.4955722198350812 0.1327881760961231 -0.8583562635740447
    outer loop
      vertex -24.28 5.6 7.380909525217808
      vertex -24.494974746830582 5.6 7.505025253169417
      vertex -24.270459231360938 5.6724693326287055 7.386612204649416
    endloop
  endfacet
  facet normal -0.49557221983507854 0.13278817609610544 -0.858356263574049
    outer loop
      vertex -24.270459231360938 5.6724693326287055 7.386612204649416
      vertex -24.428660704987056 5.847487373415292 7.505025253169417
      vertex -24.242487113059642 5.739999999999999 7.380909525217808
    endloop
  endfacet
  facet normal -0.36278404373896733 -0.362784043738972 -0.8583562635740493
    outer loop
      vertex -24.197989898732235 5.402010101267766 7.386612204649416
      vertex -24.14 5.3575128869403565 7.380909525217808
      vertex -24.247487373415293 5.1713392950129435 7.505025253169417
    endloop
  endfacet
  facet normal -0.13278817609611535 -0.49557221983507527 -0.8583562635740493
    outer loop
      vertex -24.072469332628707 5.329540768639061 7.386612204649415
      vertex -24.247487373415293 5.1713392950129435 7.505025253169417
      vertex -24.14 5.3575128869403565 7.380909525217808
    endloop
  endfacet
  facet normal 0.132788176096099 -0.4955722198350798 -0.8583562635740493
    outer loop
      vertex -24 5.319999999999999 7.380909525217808
      vertex -23.927530667371293 5.329540768639061 7.386612204649415
      vertex -24 5.1050252531694165 7.505025253169417
    endloop
  endfacet
  facet normal -0.132788176096099 -0.4955722198350798 -0.8583562635740493
    outer loop
      vertex -24 5.319999999999999 7.380909525217808
      vertex -24 5.1050252531694165 7.505025253169417
      vertex -24.072469332628707 5.329540768639061 7.386612204649415
    endloop
  endfacet
  facet normal -0.36278404373897594 0.3627840437389594 -0.8583562635740509
    outer loop
      vertex -24.242487113059642 5.739999999999999 7.380909525217808
      vertex -24.428660704987056 5.847487373415292 7.505025253169417
      vertex -24.197989898732235 5.797989898732233 7.386612204649416
    endloop
  endfacet
  facet normal -0.36278404373896733 0.362784043738972 -0.8583562635740493
    outer loop
      vertex -24.197989898732235 5.797989898732233 7.386612204649416
      vertex -24.247487373415293 6.028660704987056 7.505025253169417
      vertex -24.14 5.842487113059643 7.380909525217808
    endloop
  endfacet
  facet normal -0.13278817609611535 0.49557221983507527 -0.8583562635740493
    outer loop
      vertex -24.14 5.842487113059643 7.380909525217808
      vertex -24.247487373415293 6.028660704987056 7.505025253169417
      vertex -24.072469332628707 5.870459231360939 7.386612204649415
    endloop
  endfacet
  facet normal 0.132788176096099 0.4955722198350798 -0.8583562635740493
    outer loop
      vertex -24 5.88 7.380909525217808
      vertex -24 6.094974746830583 7.505025253169417
      vertex -23.927530667371293 5.870459231360939 7.386612204649415
    endloop
  endfacet
  facet normal -0.132788176096099 0.4955722198350798 -0.8583562635740493
    outer loop
      vertex -24 5.88 7.380909525217808
      vertex -24.072469332628707 5.870459231360939 7.386612204649415
      vertex -24 6.094974746830583 7.505025253169417
    endloop
  endfacet
  facet normal 0.36278404373896733 -0.362784043738972 -0.8583562635740493
    outer loop
      vertex -23.802010101267765 5.402010101267766 7.386612204649416
      vertex -23.752512626584707 5.1713392950129435 7.505025253169417
      vertex -23.86 5.3575128869403565 7.380909525217808
    endloop
  endfacet
  facet normal 0.13278817609611535 -0.49557221983507527 -0.8583562635740493
    outer loop
      vertex -23.927530667371293 5.329540768639061 7.386612204649415
      vertex -23.86 5.3575128869403565 7.380909525217808
      vertex -23.752512626584707 5.1713392950129435 7.505025253169417
    endloop
  endfacet
  facet normal 0.36278404373897594 -0.36278404373895945 -0.8583562635740509
    outer loop
      vertex -23.802010101267765 5.402010101267766 7.386612204649416
      vertex -23.757512886940358 5.46 7.380909525217808
      vertex -23.571339295012944 5.352512626584708 7.505025253169417
    endloop
  endfacet
  facet normal 0.49557221983507793 -0.13278817609610516 -0.8583562635740494
    outer loop
      vertex -23.757512886940358 5.46 7.380909525217808
      vertex -23.729540768639062 5.527530667371294 7.386612204649416
      vertex -23.505025253169418 5.6 7.505025253169417
    endloop
  endfacet
  facet normal 0.49557221983507854 0.13278817609610544 -0.858356263574049
    outer loop
      vertex -23.729540768639062 5.6724693326287055 7.386612204649416
      vertex -23.757512886940358 5.739999999999999 7.380909525217808
      vertex -23.571339295012944 5.847487373415292 7.505025253169417
    endloop
  endfacet
  facet normal 0.4955722198350812 -0.13278817609612312 -0.8583562635740447
    outer loop
      vertex -23.729540768639062 5.527530667371294 7.386612204649416
      vertex -23.72 5.6 7.380909525217808
      vertex -23.505025253169418 5.6 7.505025253169417
    endloop
  endfacet
  facet normal 0.4955722198350812 0.1327881760961231 -0.8583562635740447
    outer loop
      vertex -23.72 5.6 7.380909525217808
      vertex -23.729540768639062 5.6724693326287055 7.386612204649416
      vertex -23.505025253169418 5.6 7.505025253169417
    endloop
  endfacet
  facet normal 0.36278404373896733 0.362784043738972 -0.8583562635740493
    outer loop
      vertex -23.802010101267765 5.797989898732233 7.386612204649416
      vertex -23.86 5.842487113059643 7.380909525217808
      vertex -23.752512626584707 6.028660704987056 7.505025253169417
    endloop
  endfacet
  facet normal 0.13278817609611535 0.49557221983507527 -0.8583562635740493
    outer loop
      vertex -23.927530667371293 5.870459231360939 7.386612204649415
      vertex -23.752512626584707 6.028660704987056 7.505025253169417
      vertex -23.86 5.842487113059643 7.380909525217808
    endloop
  endfacet
  facet normal 0.36278404373897594 0.3627840437389594 -0.8583562635740509
    outer loop
      vertex -23.757512886940358 5.739999999999999 7.380909525217808
      vertex -23.802010101267765 5.797989898732233 7.386612204649416
      vertex -23.571339295012944 5.847487373415292 7.505025253169417
    endloop
  endfacet
  facet normal -0.36278404373897205 -0.36278404373897033 -0.8583562635740479
    outer loop
      vertex -24.197989898732235 5.402010101267766 7.386612204649416
      vertex -24.247487373415293 5.1713392950129435 7.505025253169417
      vertex -24.428660704987056 5.352512626584708 7.505025253169417
    endloop
  endfacet
  facet normal -0.49557221983507804 -0.13278817609610594 -0.8583562635740493
    outer loop
      vertex -24.270459231360938 5.527530667371294 7.386612204649416
      vertex -24.428660704987056 5.352512626584708 7.505025253169417
      vertex -24.494974746830582 5.6 7.505025253169417
    endloop
  endfacet
  facet normal -0.49557221983507804 0.13278817609610594 -0.8583562635740493
    outer loop
      vertex -24.270459231360938 5.6724693326287055 7.386612204649416
      vertex -24.494974746830582 5.6 7.505025253169417
      vertex -24.428660704987056 5.847487373415292 7.505025253169417
    endloop
  endfacet
  facet normal -0.13278817609610813 -0.49557221983508143 -0.8583562635740469
    outer loop
      vertex -24.072469332628707 5.329540768639061 7.386612204649415
      vertex -24 5.1050252531694165 7.505025253169417
      vertex -24.247487373415293 5.1713392950129435 7.505025253169417
    endloop
  endfacet
  facet normal 0.13278817609610813 -0.49557221983508143 -0.8583562635740469
    outer loop
      vertex -23.927530667371293 5.329540768639061 7.386612204649415
      vertex -23.752512626584707 5.1713392950129435 7.505025253169417
      vertex -24 5.1050252531694165 7.505025253169417
    endloop
  endfacet
  facet normal -0.36278404373897205 0.36278404373897033 -0.8583562635740479
    outer loop
      vertex -24.197989898732235 5.797989898732233 7.386612204649416
      vertex -24.428660704987056 5.847487373415292 7.505025253169417
      vertex -24.247487373415293 6.028660704987056 7.505025253169417
    endloop
  endfacet
  facet normal -0.13278817609610813 0.49557221983508143 -0.8583562635740469
    outer loop
      vertex -24.072469332628707 5.870459231360939 7.386612204649415
      vertex -24.247487373415293 6.028660704987056 7.505025253169417
      vertex -24 6.094974746830583 7.505025253169417
    endloop
  endfacet
  facet normal 0.13278817609610813 0.49557221983508143 -0.8583562635740469
    outer loop
      vertex -23.927530667371293 5.870459231360939 7.386612204649415
      vertex -24 6.094974746830583 7.505025253169417
      vertex -23.752512626584707 6.028660704987056 7.505025253169417
    endloop
  endfacet
  facet normal 0.36278404373897205 -0.36278404373897033 -0.8583562635740479
    outer loop
      vertex -23.802010101267765 5.402010101267766 7.386612204649416
      vertex -23.571339295012944 5.352512626584708 7.505025253169417
      vertex -23.752512626584707 5.1713392950129435 7.505025253169417
    endloop
  endfacet
  facet normal 0.4955722198350782 -0.13278817609610594 -0.8583562635740491
    outer loop
      vertex -23.757512886940358 5.46 7.380909525217808
      vertex -23.505025253169418 5.6 7.505025253169417
      vertex -23.571339295012944 5.352512626584708 7.505025253169417
    endloop
  endfacet
  facet normal 0.49557221983507804 0.13278817609610594 -0.8583562635740493
    outer loop
      vertex -23.729540768639062 5.6724693326287055 7.386612204649416
      vertex -23.571339295012944 5.847487373415292 7.505025253169417
      vertex -23.505025253169418 5.6 7.505025253169417
    endloop
  endfacet
  facet normal 0.36278404373897205 0.36278404373897033 -0.8583562635740479
    outer loop
      vertex -23.802010101267765 5.797989898732233 7.386612204649416
      vertex -23.752512626584707 6.028660704987056 7.505025253169417
      vertex -23.571339295012944 5.847487373415292 7.505025253169417
    endloop
  endfacet
  facet normal -0.6175653985824968 -0.6175653985824938 -0.4870584738481482
    outer loop
      vertex -24.428660704987056 5.352512626584708 7.505025253169417
      vertex -24.247487373415293 5.1713392950129435 7.505025253169417
      vertex -24.338074039201175 5.014438587383534 7.818826668428235
    endloop
  endfacet
  facet normal -0.8436100229619486 -0.22604462437945155 -0.48705847384815415
    outer loop
      vertex -24.494974746830582 5.6 7.505025253169417
      vertex -24.428660704987056 5.352512626584708 7.505025253169417
      vertex -24.67614807840235 5.6 7.818826668428235
    endloop
  endfacet
  facet normal -0.8436100229619486 0.22604462437945155 -0.48705847384815415
    outer loop
      vertex -24.494974746830582 5.6 7.505025253169417
      vertex -24.67614807840235 5.6 7.818826668428235
      vertex -24.428660704987056 5.847487373415292 7.505025253169417
    endloop
  endfacet
  facet normal -0.22604462437945413 -0.8436100229619502 -0.48705847384815026
    outer loop
      vertex -24.247487373415293 5.1713392950129435 7.505025253169417
      vertex -24 5.1050252531694165 7.505025253169417
      vertex -24 4.9238519215976515 7.818826668428235
    endloop
  endfacet
  facet normal 0.22604462437945413 -0.8436100229619502 -0.48705847384815026
    outer loop
      vertex -24 5.1050252531694165 7.505025253169417
      vertex -23.752512626584707 5.1713392950129435 7.505025253169417
      vertex -24 4.9238519215976515 7.818826668428235
    endloop
  endfacet
  facet normal -0.6175653985824994 -0.6175653985824927 -0.48705847384814643
    outer loop
      vertex -24.428660704987056 5.352512626584708 7.505025253169417
      vertex -24.338074039201175 5.014438587383534 7.818826668428235
      vertex -24.585561412616464 5.261925960798826 7.818826668428235
    endloop
  endfacet
  facet normal -0.8436100229619501 -0.2260446243794628 -0.48705847384814643
    outer loop
      vertex -24.428660704987056 5.352512626584708 7.505025253169417
      vertex -24.585561412616464 5.261925960798826 7.818826668428235
      vertex -24.67614807840235 5.6 7.818826668428235
    endloop
  endfacet
  facet normal -0.22604462437945566 -0.8436100229619504 -0.4870584738481494
    outer loop
      vertex -24.247487373415293 5.1713392950129435 7.505025253169417
      vertex -24 4.9238519215976515 7.818826668428235
      vertex -24.338074039201175 5.014438587383534 7.818826668428235
    endloop
  endfacet
  facet normal -0.6175653985824968 0.6175653985824938 -0.4870584738481482
    outer loop
      vertex -24.428660704987056 5.847487373415292 7.505025253169417
      vertex -24.338074039201175 6.185561412616465 7.818826668428235
      vertex -24.247487373415293 6.028660704987056 7.505025253169417
    endloop
  endfacet
  facet normal -0.22604462437945413 0.8436100229619502 -0.48705847384815026
    outer loop
      vertex -24.247487373415293 6.028660704987056 7.505025253169417
      vertex -24 6.276148078402348 7.818826668428235
      vertex -24 6.094974746830583 7.505025253169417
    endloop
  endfacet
  facet normal 0.22604462437945413 0.8436100229619502 -0.48705847384815026
    outer loop
      vertex -24 6.094974746830583 7.505025253169417
      vertex -24 6.276148078402348 7.818826668428235
      vertex -23.752512626584707 6.028660704987056 7.505025253169417
    endloop
  endfacet
  facet normal -0.8436100229619501 0.2260446243794628 -0.48705847384814643
    outer loop
      vertex -24.428660704987056 5.847487373415292 7.505025253169417
      vertex -24.67614807840235 5.6 7.818826668428235
      vertex -24.585561412616464 5.938074039201173 7.818826668428235
    endloop
  endfacet
  facet normal -0.6175653985824994 0.6175653985824927 -0.48705847384814643
    outer loop
      vertex -24.428660704987056 5.847487373415292 7.505025253169417
      vertex -24.585561412616464 5.938074039201173 7.818826668428235
      vertex -24.338074039201175 6.185561412616465 7.818826668428235
    endloop
  endfacet
  facet normal -0.22604462437945566 0.8436100229619504 -0.4870584738481494
    outer loop
      vertex -24.247487373415293 6.028660704987056 7.505025253169417
      vertex -24.338074039201175 6.185561412616465 7.818826668428235
      vertex -24 6.276148078402348 7.818826668428235
    endloop
  endfacet
  facet normal 0.6175653985824968 -0.6175653985824938 -0.4870584738481483
    outer loop
      vertex -23.752512626584707 5.1713392950129435 7.505025253169417
      vertex -23.571339295012944 5.352512626584708 7.505025253169417
      vertex -23.661925960798825 5.014438587383534 7.818826668428235
    endloop
  endfacet
  facet normal 0.8436100229619486 -0.22604462437945155 -0.48705847384815415
    outer loop
      vertex -23.571339295012944 5.352512626584708 7.505025253169417
      vertex -23.505025253169418 5.6 7.505025253169417
      vertex -23.32385192159765 5.6 7.818826668428235
    endloop
  endfacet
  facet normal 0.8436100229619486 0.22604462437945155 -0.48705847384815415
    outer loop
      vertex -23.505025253169418 5.6 7.505025253169417
      vertex -23.571339295012944 5.847487373415292 7.505025253169417
      vertex -23.32385192159765 5.6 7.818826668428235
    endloop
  endfacet
  facet normal 0.22604462437945566 -0.8436100229619504 -0.4870584738481494
    outer loop
      vertex -23.752512626584707 5.1713392950129435 7.505025253169417
      vertex -23.661925960798825 5.014438587383534 7.818826668428235
      vertex -24 4.9238519215976515 7.818826668428235
    endloop
  endfacet
  facet normal 0.6175653985824994 -0.6175653985824927 -0.48705847384814643
    outer loop
      vertex -23.571339295012944 5.352512626584708 7.505025253169417
      vertex -23.414438587383536 5.261925960798826 7.818826668428235
      vertex -23.661925960798825 5.014438587383534 7.818826668428235
    endloop
  endfacet
  facet normal 0.8436100229619501 -0.2260446243794628 -0.48705847384814643
    outer loop
      vertex -23.571339295012944 5.352512626584708 7.505025253169417
      vertex -23.32385192159765 5.6 7.818826668428235
      vertex -23.414438587383536 5.261925960798826 7.818826668428235
    endloop
  endfacet
  facet normal 0.6175653985824968 0.6175653985824938 -0.4870584738481483
    outer loop
      vertex -23.752512626584707 6.028660704987056 7.505025253169417
      vertex -23.661925960798825 6.185561412616465 7.818826668428235
      vertex -23.571339295012944 5.847487373415292 7.505025253169417
    endloop
  endfacet
  facet normal 0.22604462437945566 0.8436100229619504 -0.4870584738481494
    outer loop
      vertex -23.752512626584707 6.028660704987056 7.505025253169417
      vertex -24 6.276148078402348 7.818826668428235
      vertex -23.661925960798825 6.185561412616465 7.818826668428235
    endloop
  endfacet
  facet normal 0.6175653985824994 0.6175653985824927 -0.48705847384814643
    outer loop
      vertex -23.571339295012944 5.847487373415292 7.505025253169417
      vertex -23.661925960798825 6.185561412616465 7.818826668428235
      vertex -23.414438587383536 5.938074039201173 7.818826668428235
    endloop
  endfacet
  facet normal 0.8436100229619501 0.2260446243794628 -0.48705847384814643
    outer loop
      vertex -23.571339295012944 5.847487373415292 7.505025253169417
      vertex -23.414438587383536 5.938074039201173 7.818826668428235
      vertex -23.32385192159765 5.6 7.818826668428235
    endloop
  endfacet
  facet normal -0.7071067811865513 -0.7071067811865437 0
    outer loop
      vertex -24.585561412616464 5.261925960798826 7.818826668428235
      vertex -24.338074039201175 5.014438587383534 7.818826668428235
      vertex -24.585561412616464 5.261925960798826 8.181173331571765
    endloop
  endfacet
  facet normal -0.9659258262890661 -0.25881904510252857 0
    outer loop
      vertex -24.585561412616464 5.261925960798826 7.818826668428235
      vertex -24.585561412616464 5.261925960798826 8.181173331571765
      vertex -24.67614807840235 5.6 7.818826668428235
    endloop
  endfacet
  facet normal -0.9659258262890661 0.25881904510252857 0
    outer loop
      vertex -24.67614807840235 5.6 7.818826668428235
      vertex -24.67614807840235 5.6 8.181173331571765
      vertex -24.585561412616464 5.938074039201173 7.818826668428235
    endloop
  endfacet
  facet normal -0.25881904510252085 -0.9659258262890682 0
    outer loop
      vertex -24 4.9238519215976515 7.818826668428235
      vertex -24.338074039201175 5.014438587383534 8.181173331571765
      vertex -24.338074039201175 5.014438587383534 7.818826668428235
    endloop
  endfacet
  facet normal 0.25881904510252085 -0.9659258262890682 0
    outer loop
      vertex -24 4.9238519215976515 7.818826668428235
      vertex -23.661925960798825 5.014438587383534 7.818826668428235
      vertex -24 4.9238519215976515 8.181173331571765
    endloop
  endfacet
  facet normal -0.7071067811865513 0.7071067811865437 0
    outer loop
      vertex -24.585561412616464 5.938074039201173 7.818826668428235
      vertex -24.338074039201175 6.185561412616465 8.181173331571765
      vertex -24.338074039201175 6.185561412616465 7.818826668428235
    endloop
  endfacet
  facet normal -0.25881904510252085 0.9659258262890682 0
    outer loop
      vertex -24.338074039201175 6.185561412616465 7.818826668428235
      vertex -24 6.276148078402348 8.181173331571765
      vertex -24 6.276148078402348 7.818826668428235
    endloop
  endfacet
  facet normal 0.7071067811865513 -0.7071067811865437 0
    outer loop
      vertex -23.661925960798825 5.014438587383534 7.818826668428235
      vertex -23.414438587383536 5.261925960798826 7.818826668428235
      vertex -23.661925960798825 5.014438587383534 8.181173331571765
    endloop
  endfacet
  facet normal 0.9659258262890661 -0.25881904510252857 0
    outer loop
      vertex -23.414438587383536 5.261925960798826 7.818826668428235
      vertex -23.32385192159765 5.6 7.818826668428235
      vertex -23.32385192159765 5.6 8.181173331571765
    endloop
  endfacet
  facet normal 0.7071067811865513 0.7071067811865437 0
    outer loop
      vertex -23.661925960798825 6.185561412616465 7.818826668428235
      vertex -23.414438587383536 5.938074039201173 8.181173331571765
      vertex -23.414438587383536 5.938074039201173 7.818826668428235
    endloop
  endfacet
  facet normal 0.25881904510252085 0.9659258262890682 0
    outer loop
      vertex -24 6.276148078402348 7.818826668428235
      vertex -23.661925960798825 6.185561412616465 8.181173331571765
      vertex -23.661925960798825 6.185561412616465 7.818826668428235
    endloop
  endfacet
  facet normal 0.9659258262890661 0.25881904510252857 0
    outer loop
      vertex -23.32385192159765 5.6 7.818826668428235
      vertex -23.414438587383536 5.938074039201173 7.818826668428235
      vertex -23.414438587383536 5.938074039201173 8.181173331571765
    endloop
  endfacet
  facet normal -0.7071067811865513 -0.7071067811865437 0
    outer loop
      vertex -24.338074039201175 5.014438587383534 7.818826668428235
      vertex -24.338074039201175 5.014438587383534 8.181173331571765
      vertex -24.585561412616464 5.261925960798826 8.181173331571765
    endloop
  endfacet
  facet normal -0.9659258262890661 -0.25881904510252857 0
    outer loop
      vertex -24.67614807840235 5.6 7.818826668428235
      vertex -24.585561412616464 5.261925960798826 8.181173331571765
      vertex -24.67614807840235 5.6 8.181173331571765
    endloop
  endfacet
  facet normal -0.25881904510252085 -0.9659258262890682 0
    outer loop
      vertex -24 4.9238519215976515 7.818826668428235
      vertex -24 4.9238519215976515 8.181173331571765
      vertex -24.338074039201175 5.014438587383534 8.181173331571765
    endloop
  endfacet
  facet normal -0.9659258262890661 0.25881904510252857 0
    outer loop
      vertex -24.585561412616464 5.938074039201173 7.818826668428235
      vertex -24.67614807840235 5.6 8.181173331571765
      vertex -24.585561412616464 5.938074039201173 8.181173331571765
    endloop
  endfacet
  facet normal -0.7071067811865513 0.7071067811865437 0
    outer loop
      vertex -24.585561412616464 5.938074039201173 7.818826668428235
      vertex -24.585561412616464 5.938074039201173 8.181173331571765
      vertex -24.338074039201175 6.185561412616465 8.181173331571765
    endloop
  endfacet
  facet normal -0.25881904510252085 0.9659258262890682 0
    outer loop
      vertex -24.338074039201175 6.185561412616465 7.818826668428235
      vertex -24.338074039201175 6.185561412616465 8.181173331571765
      vertex -24 6.276148078402348 8.181173331571765
    endloop
  endfacet
  facet normal 0.25881904510252085 0.9659258262890682 0
    outer loop
      vertex -24 6.276148078402348 7.818826668428235
      vertex -24 6.276148078402348 8.181173331571765
      vertex -23.661925960798825 6.185561412616465 8.181173331571765
    endloop
  endfacet
  facet normal 0.25881904510252085 -0.9659258262890682 0
    outer loop
      vertex -23.661925960798825 5.014438587383534 7.818826668428235
      vertex -23.661925960798825 5.014438587383534 8.181173331571765
      vertex -24 4.9238519215976515 8.181173331571765
    endloop
  endfacet
  facet normal 0.7071067811865513 -0.7071067811865437 0
    outer loop
      vertex -23.414438587383536 5.261925960798826 7.818826668428235
      vertex -23.414438587383536 5.261925960798826 8.181173331571765
      vertex -23.661925960798825 5.014438587383534 8.181173331571765
    endloop
  endfacet
  facet normal 0.9659258262890661 -0.25881904510252857 0
    outer loop
      vertex -23.414438587383536 5.261925960798826 7.818826668428235
      vertex -23.32385192159765 5.6 8.181173331571765
      vertex -23.414438587383536 5.261925960798826 8.181173331571765
    endloop
  endfacet
  facet normal 0.9659258262890661 0.25881904510252857 0
    outer loop
      vertex -23.32385192159765 5.6 7.818826668428235
      vertex -23.414438587383536 5.938074039201173 8.181173331571765
      vertex -23.32385192159765 5.6 8.181173331571765
    endloop
  endfacet
  facet normal 0.7071067811865513 0.7071067811865437 0
    outer loop
      vertex -23.661925960798825 6.185561412616465 7.818826668428235
      vertex -23.661925960798825 6.185561412616465 8.181173331571765
      vertex -23.414438587383536 5.938074039201173 8.181173331571765
    endloop
  endfacet
  facet normal -0.6175653985824991 -0.6175653985824925 0.48705847384814693
    outer loop
      vertex -24.585561412616464 5.261925960798826 8.181173331571765
      vertex -24.338074039201175 5.014438587383534 8.181173331571765
      vertex -24.247487373415293 5.1713392950129435 8.494974746830584
    endloop
  endfacet
  facet normal -0.8436100229619506 -0.22604462437946293 0.4870584738481454
    outer loop
      vertex -24.585561412616464 5.261925960798826 8.181173331571765
      vertex -24.428660704987056 5.352512626584708 8.494974746830584
      vertex -24.67614807840235 5.6 8.181173331571765
    endloop
  endfacet
  facet normal -0.22604462437945577 -0.843610022961951 0.48705847384814815
    outer loop
      vertex -24 4.9238519215976515 8.181173331571765
      vertex -24.247487373415293 5.1713392950129435 8.494974746830584
      vertex -24.338074039201175 5.014438587383534 8.181173331571765
    endloop
  endfacet
  facet normal -0.6175653985824981 -0.6175653985824952 0.48705847384814505
    outer loop
      vertex -24.585561412616464 5.261925960798826 8.181173331571765
      vertex -24.247487373415293 5.1713392950129435 8.494974746830584
      vertex -24.428660704987056 5.352512626584708 8.494974746830584
    endloop
  endfacet
  facet normal -0.8436100229619492 -0.22604462437945172 0.48705847384815304
    outer loop
      vertex -24.67614807840235 5.6 8.181173331571765
      vertex -24.428660704987056 5.352512626584708 8.494974746830584
      vertex -24.494974746830582 5.6 8.494974746830584
    endloop
  endfacet
  facet normal -0.8436100229619492 0.22604462437945172 0.48705847384815304
    outer loop
      vertex -24.67614807840235 5.6 8.181173331571765
      vertex -24.494974746830582 5.6 8.494974746830584
      vertex -24.428660704987056 5.847487373415292 8.494974746830584
    endloop
  endfacet
  facet normal -0.22604462437945436 -0.8436100229619509 0.4870584738481492
    outer loop
      vertex -24 4.9238519215976515 8.181173331571765
      vertex -24 5.1050252531694165 8.494974746830584
      vertex -24.247487373415293 5.1713392950129435 8.494974746830584
    endloop
  endfacet
  facet normal 0.22604462437945436 -0.8436100229619509 0.4870584738481492
    outer loop
      vertex -24 4.9238519215976515 8.181173331571765
      vertex -23.752512626584707 5.1713392950129435 8.494974746830584
      vertex -24 5.1050252531694165 8.494974746830584
    endloop
  endfacet
  facet normal -0.8436100229619506 0.22604462437946293 0.4870584738481453
    outer loop
      vertex -24.67614807840235 5.6 8.181173331571765
      vertex -24.428660704987056 5.847487373415292 8.494974746830584
      vertex -24.585561412616464 5.938074039201173 8.181173331571765
    endloop
  endfacet
  facet normal -0.6175653985824999 0.6175653985824932 0.4870584738481453
    outer loop
      vertex -24.585561412616464 5.938074039201173 8.181173331571765
      vertex -24.428660704987056 5.847487373415292 8.494974746830584
      vertex -24.338074039201175 6.185561412616465 8.181173331571765
    endloop
  endfacet
  facet normal -0.22604462437945577 0.843610022961951 0.4870584738481482
    outer loop
      vertex -24.338074039201175 6.185561412616465 8.181173331571765
      vertex -24.247487373415293 6.028660704987056 8.494974746830584
      vertex -24 6.276148078402348 8.181173331571765
    endloop
  endfacet
  facet normal -0.6175653985824974 0.6175653985824944 0.4870584738481473
    outer loop
      vertex -24.338074039201175 6.185561412616465 8.181173331571765
      vertex -24.428660704987056 5.847487373415292 8.494974746830584
      vertex -24.247487373415293 6.028660704987056 8.494974746830584
    endloop
  endfacet
  facet normal -0.22604462437945436 0.8436100229619509 0.4870584738481492
    outer loop
      vertex -24 6.276148078402348 8.181173331571765
      vertex -24.247487373415293 6.028660704987056 8.494974746830584
      vertex -24 6.094974746830583 8.494974746830584
    endloop
  endfacet
  facet normal 0.22604462437945436 0.8436100229619509 0.4870584738481492
    outer loop
      vertex -24 6.276148078402348 8.181173331571765
      vertex -24 6.094974746830583 8.494974746830584
      vertex -23.752512626584707 6.028660704987056 8.494974746830584
    endloop
  endfacet
  facet normal 0.22604462437945577 -0.843610022961951 0.48705847384814815
    outer loop
      vertex -24 4.9238519215976515 8.181173331571765
      vertex -23.661925960798825 5.014438587383534 8.181173331571765
      vertex -23.752512626584707 5.1713392950129435 8.494974746830584
    endloop
  endfacet
  facet normal 0.6175653985824991 -0.6175653985824925 0.4870584738481469
    outer loop
      vertex -23.661925960798825 5.014438587383534 8.181173331571765
      vertex -23.414438587383536 5.261925960798826 8.181173331571765
      vertex -23.752512626584707 5.1713392950129435 8.494974746830584
    endloop
  endfacet
  facet normal 0.8436100229619506 -0.22604462437946293 0.4870584738481454
    outer loop
      vertex -23.414438587383536 5.261925960798826 8.181173331571765
      vertex -23.32385192159765 5.6 8.181173331571765
      vertex -23.571339295012944 5.352512626584708 8.494974746830584
    endloop
  endfacet
  facet normal 0.6175653985824981 -0.6175653985824952 0.48705847384814505
    outer loop
      vertex -23.414438587383536 5.261925960798826 8.181173331571765
      vertex -23.571339295012944 5.352512626584708 8.494974746830584
      vertex -23.752512626584707 5.1713392950129435 8.494974746830584
    endloop
  endfacet
  facet normal 0.8436100229619492 -0.22604462437945172 0.48705847384815304
    outer loop
      vertex -23.32385192159765 5.6 8.181173331571765
      vertex -23.505025253169418 5.6 8.494974746830584
      vertex -23.571339295012944 5.352512626584708 8.494974746830584
    endloop
  endfacet
  facet normal 0.8436100229619492 0.22604462437945172 0.48705847384815304
    outer loop
      vertex -23.32385192159765 5.6 8.181173331571765
      vertex -23.571339295012944 5.847487373415292 8.494974746830584
      vertex -23.505025253169418 5.6 8.494974746830584
    endloop
  endfacet
  facet normal 0.22604462437945577 0.843610022961951 0.48705847384814815
    outer loop
      vertex -24 6.276148078402348 8.181173331571765
      vertex -23.752512626584707 6.028660704987056 8.494974746830584
      vertex -23.661925960798825 6.185561412616465 8.181173331571765
    endloop
  endfacet
  facet normal 0.6175653985824999 0.6175653985824932 0.48705847384814543
    outer loop
      vertex -23.661925960798825 6.185561412616465 8.181173331571765
      vertex -23.571339295012944 5.847487373415292 8.494974746830584
      vertex -23.414438587383536 5.938074039201173 8.181173331571765
    endloop
  endfacet
  facet normal 0.8436100229619506 0.22604462437946293 0.4870584738481453
    outer loop
      vertex -23.32385192159765 5.6 8.181173331571765
      vertex -23.414438587383536 5.938074039201173 8.181173331571765
      vertex -23.571339295012944 5.847487373415292 8.494974746830584
    endloop
  endfacet
  facet normal 0.6175653985824974 0.6175653985824944 0.4870584738481473
    outer loop
      vertex -23.661925960798825 6.185561412616465 8.181173331571765
      vertex -23.752512626584707 6.028660704987056 8.494974746830584
      vertex -23.571339295012944 5.847487373415292 8.494974746830584
    endloop
  endfacet
  facet normal -0.4955722198350748 -0.13278817609610505 0.8583562635740513
    outer loop
      vertex -24.494974746830582 5.6 8.494974746830584
      vertex -24.428660704987056 5.352512626584708 8.494974746830584
      vertex -24.156900707629408 5.509413334214117 8.676148078402347
    endloop
  endfacet
  facet normal -0.4955722198350748 0.13278817609610505 0.8583562635740513
    outer loop
      vertex -24.494974746830582 5.6 8.494974746830584
      vertex -24.156900707629408 5.690586665785882 8.676148078402347
      vertex -24.428660704987056 5.847487373415292 8.494974746830584
    endloop
  endfacet
  facet normal -0.36278404373896833 -0.36278404373896644 0.858356263574051
    outer loop
      vertex -24.428660704987056 5.352512626584708 8.494974746830584
      vertex -24.247487373415293 5.1713392950129435 8.494974746830584
      vertex -24.09058666578588 5.44309929237059 8.676148078402347
    endloop
  endfacet
  facet normal -0.13278817609610674 -0.49557221983507627 0.8583562635740499
    outer loop
      vertex -24.247487373415293 5.1713392950129435 8.494974746830584
      vertex -24 5.1050252531694165 8.494974746830584
      vertex -24 5.418826668428235 8.676148078402347
    endloop
  endfacet
  facet normal 0.13278817609610674 -0.49557221983507627 0.8583562635740499
    outer loop
      vertex -24 5.1050252531694165 8.494974746830584
      vertex -23.752512626584707 5.1713392950129435 8.494974746830584
      vertex -24 5.418826668428235 8.676148078402347
    endloop
  endfacet
  facet normal -0.13278817609610946 -0.4955722198350743 0.8583562635740509
    outer loop
      vertex -24.247487373415293 5.1713392950129435 8.494974746830584
      vertex -24 5.418826668428235 8.676148078402347
      vertex -24.09058666578588 5.44309929237059 8.676148078402347
    endloop
  endfacet
  facet normal 0.13278817609610946 -0.4955722198350743 0.8583562635740509
    outer loop
      vertex -23.752512626584707 5.1713392950129435 8.494974746830584
      vertex -23.90941333421412 5.44309929237059 8.676148078402347
      vertex -24 5.418826668428235 8.676148078402347
    endloop
  endfacet
  facet normal -0.3627840437389691 -0.3627840437389644 0.8583562635740516
    outer loop
      vertex -24.428660704987056 5.352512626584708 8.494974746830584
      vertex -24.09058666578588 5.44309929237059 8.676148078402347
      vertex -24.156900707629408 5.509413334214117 8.676148078402347
    endloop
  endfacet
  facet normal -0.4955722198350751 -0.13278817609610838 0.8583562635740505
    outer loop
      vertex -24.494974746830582 5.6 8.494974746830584
      vertex -24.156900707629408 5.509413334214117 8.676148078402347
      vertex -24.181173331571763 5.6 8.676148078402347
    endloop
  endfacet
  facet normal -0.4955722198350751 0.13278817609610838 0.8583562635740505
    outer loop
      vertex -24.494974746830582 5.6 8.494974746830584
      vertex -24.181173331571763 5.6 8.676148078402347
      vertex -24.156900707629408 5.690586665785882 8.676148078402347
    endloop
  endfacet
  facet normal 0 0 1
    outer loop
      vertex -24.09058666578588 5.44309929237059 8.676148078402347
      vertex -24 5.418826668428235 8.676148078402347
      vertex -23.90941333421412 5.44309929237059 8.676148078402347
    endloop
  endfacet
  facet normal 0 0 1
    outer loop
      vertex -24.09058666578588 5.44309929237059 8.676148078402347
      vertex -23.843099292370592 5.509413334214117 8.676148078402347
      vertex -24.156900707629408 5.509413334214117 8.676148078402347
    endloop
  endfacet
  facet normal 0 0 1
    outer loop
      vertex -24.09058666578588 5.44309929237059 8.676148078402347
      vertex -23.90941333421412 5.44309929237059 8.676148078402347
      vertex -23.843099292370592 5.509413334214117 8.676148078402347
    endloop
  endfacet
  facet normal 0 0 1
    outer loop
      vertex -24.156900707629408 5.509413334214117 8.676148078402347
      vertex -23.843099292370592 5.509413334214117 8.676148078402347
      vertex -23.818826668428237 5.6 8.676148078402347
    endloop
  endfacet
  facet normal 0 0 1
    outer loop
      vertex -24.156900707629408 5.509413334214117 8.676148078402347
      vertex -23.818826668428237 5.6 8.676148078402347
      vertex -24.181173331571763 5.6 8.676148078402347
    endloop
  endfacet
  facet normal 0 0 1
    outer loop
      vertex -24.181173331571763 5.6 8.676148078402347
      vertex -23.843099292370592 5.690586665785882 8.676148078402347
      vertex -24.156900707629408 5.690586665785882 8.676148078402347
    endloop
  endfacet
  facet normal 0 0 1
    outer loop
      vertex -24.156900707629408 5.690586665785882 8.676148078402347
      vertex -23.90941333421412 5.756900707629409 8.676148078402347
      vertex -24.09058666578588 5.756900707629409 8.676148078402347
    endloop
  endfacet
  facet normal 0 0 1
    outer loop
      vertex -24.181173331571763 5.6 8.676148078402347
      vertex -23.818826668428237 5.6 8.676148078402347
      vertex -23.843099292370592 5.690586665785882 8.676148078402347
    endloop
  endfacet
  facet normal 0 0 1
    outer loop
      vertex -24.156900707629408 5.690586665785882 8.676148078402347
      vertex -23.843099292370592 5.690586665785882 8.676148078402347
      vertex -23.90941333421412 5.756900707629409 8.676148078402347
    endloop
  endfacet
  facet normal -0.36278404373896833 0.36278404373896644 0.858356263574051
    outer loop
      vertex -24.428660704987056 5.847487373415292 8.494974746830584
      vertex -24.09058666578588 5.756900707629409 8.676148078402347
      vertex -24.247487373415293 6.028660704987056 8.494974746830584
    endloop
  endfacet
  facet normal -0.13278817609610674 0.49557221983507627 0.8583562635740499
    outer loop
      vertex -24.247487373415293 6.028660704987056 8.494974746830584
      vertex -24 5.781173331571765 8.676148078402347
      vertex -24 6.094974746830583 8.494974746830584
    endloop
  endfacet
  facet normal 0.13278817609610674 0.49557221983507627 0.8583562635740499
    outer loop
      vertex -24 6.094974746830583 8.494974746830584
      vertex -24 5.781173331571765 8.676148078402347
      vertex -23.752512626584707 6.028660704987056 8.494974746830584
    endloop
  endfacet
  facet normal -0.3627840437389691 0.3627840437389644 0.8583562635740516
    outer loop
      vertex -24.428660704987056 5.847487373415292 8.494974746830584
      vertex -24.156900707629408 5.690586665785882 8.676148078402347
      vertex -24.09058666578588 5.756900707629409 8.676148078402347
    endloop
  endfacet
  facet normal -0.13278817609610946 0.4955722198350743 0.8583562635740509
    outer loop
      vertex -24.247487373415293 6.028660704987056 8.494974746830584
      vertex -24.09058666578588 5.756900707629409 8.676148078402347
      vertex -24 5.781173331571765 8.676148078402347
    endloop
  endfacet
  facet normal 0.13278817609610946 0.4955722198350743 0.8583562635740509
    outer loop
      vertex -23.752512626584707 6.028660704987056 8.494974746830584
      vertex -24 5.781173331571765 8.676148078402347
      vertex -23.90941333421412 5.756900707629409 8.676148078402347
    endloop
  endfacet
  facet normal 0 0 1
    outer loop
      vertex -24.09058666578588 5.756900707629409 8.676148078402347
      vertex -23.90941333421412 5.756900707629409 8.676148078402347
      vertex -24 5.781173331571765 8.676148078402347
    endloop
  endfacet
  facet normal 0.36278404373896833 -0.36278404373896644 0.858356263574051
    outer loop
      vertex -23.752512626584707 5.1713392950129435 8.494974746830584
      vertex -23.571339295012944 5.352512626584708 8.494974746830584
      vertex -23.90941333421412 5.44309929237059 8.676148078402347
    endloop
  endfacet
  facet normal 0.4955722198350747 -0.13278817609610502 0.8583562635740513
    outer loop
      vertex -23.571339295012944 5.352512626584708 8.494974746830584
      vertex -23.505025253169418 5.6 8.494974746830584
      vertex -23.843099292370592 5.509413334214117 8.676148078402347
    endloop
  endfacet
  facet normal 0.4955722198350753 0.1327881760961052 0.8583562635740508
    outer loop
      vertex -23.505025253169418 5.6 8.494974746830584
      vertex -23.571339295012944 5.847487373415292 8.494974746830584
      vertex -23.818826668428237 5.6 8.676148078402347
    endloop
  endfacet
  facet normal 0.3627840437389691 -0.3627840437389644 0.8583562635740516
    outer loop
      vertex -23.571339295012944 5.352512626584708 8.494974746830584
      vertex -23.843099292370592 5.509413334214117 8.676148078402347
      vertex -23.90941333421412 5.44309929237059 8.676148078402347
    endloop
  endfacet
  facet normal 0.4955722198350751 -0.13278817609610838 0.8583562635740505
    outer loop
      vertex -23.505025253169418 5.6 8.494974746830584
      vertex -23.818826668428237 5.6 8.676148078402347
      vertex -23.843099292370592 5.509413334214117 8.676148078402347
    endloop
  endfacet
  facet normal 0.49557221983507344 0.13278817609610769 0.8583562635740516
    outer loop
      vertex -23.571339295012944 5.847487373415292 8.494974746830584
      vertex -23.843099292370592 5.690586665785882 8.676148078402347
      vertex -23.818826668428237 5.6 8.676148078402347
    endloop
  endfacet
  facet normal 0.36278404373896833 0.36278404373896644 0.858356263574051
    outer loop
      vertex -23.752512626584707 6.028660704987056 8.494974746830584
      vertex -23.90941333421412 5.756900707629409 8.676148078402347
      vertex -23.571339295012944 5.847487373415292 8.494974746830584
    endloop
  endfacet
  facet normal 0.3627840437389691 0.3627840437389644 0.8583562635740516
    outer loop
      vertex -23.571339295012944 5.847487373415292 8.494974746830584
      vertex -23.90941333421412 5.756900707629409 8.676148078402347
      vertex -23.843099292370592 5.690586665785882 8.676148078402347
    endloop
  endfacet
  facet normal -0.362784043738972 -0.36278404373896733 -0.8583562635740493
    outer loop
      vertex 5.402010101267766 23.802010101267765 7.386612204649416
      vertex 5.1713392950129435 23.752512626584707 7.505025253169417
      vertex 5.3575128869403565 23.86 7.380909525217808
    endloop
  endfacet
  facet normal -0.49557221983507527 -0.13278817609611535 -0.8583562635740493
    outer loop
      vertex 5.3575128869403565 23.86 7.380909525217808
      vertex 5.1713392950129435 23.752512626584707 7.505025253169417
      vertex 5.329540768639061 23.927530667371293 7.386612204649415
    endloop
  endfacet
  facet normal -0.36278404373895945 -0.36278404373897594 -0.8583562635740509
    outer loop
      vertex 5.402010101267766 23.802010101267765 7.386612204649416
      vertex 5.46 23.757512886940358 7.380909525217808
      vertex 5.352512626584708 23.571339295012944 7.505025253169417
    endloop
  endfacet
  facet normal -0.13278817609610516 -0.49557221983507793 -0.8583562635740494
    outer loop
      vertex 5.46 23.757512886940358 7.380909525217808
      vertex 5.527530667371294 23.729540768639062 7.386612204649416
      vertex 5.6 23.505025253169418 7.505025253169417
    endloop
  endfacet
  facet normal -0.13278817609612312 -0.4955722198350812 -0.8583562635740447
    outer loop
      vertex 5.527530667371294 23.729540768639062 7.386612204649416
      vertex 5.6 23.72 7.380909525217808
      vertex 5.6 23.505025253169418 7.505025253169417
    endloop
  endfacet
  facet normal 0.1327881760961231 -0.4955722198350812 -0.8583562635740447
    outer loop
      vertex 5.6 23.72 7.380909525217808
      vertex 5.6724693326287055 23.729540768639062 7.386612204649416
      vertex 5.6 23.505025253169418 7.505025253169417
    endloop
  endfacet
  facet normal 0.13278817609610544 -0.49557221983507854 -0.858356263574049
    outer loop
      vertex 5.6724693326287055 23.729540768639062 7.386612204649416
      vertex 5.739999999999999 23.757512886940358 7.380909525217808
      vertex 5.847487373415292 23.571339295012944 7.505025253169417
    endloop
  endfacet
  facet normal -0.4955722198350797 -0.13278817609609897 -0.8583562635740493
    outer loop
      vertex 5.329540768639061 23.927530667371293 7.386612204649415
      vertex 5.1050252531694165 24 7.505025253169417
      vertex 5.319999999999999 24 7.380909525217808
    endloop
  endfacet
  facet normal -0.4955722198350798 0.132788176096099 -0.8583562635740493
    outer loop
      vertex 5.319999999999999 24 7.380909525217808
      vertex 5.1050252531694165 24 7.505025253169417
      vertex 5.329540768639061 24.072469332628707 7.386612204649415
    endloop
  endfacet
  facet normal -0.49557221983507527 0.13278817609611535 -0.8583562635740493
    outer loop
      vertex 5.329540768639061 24.072469332628707 7.386612204649415
      vertex 5.1713392950129435 24.247487373415293 7.505025253169417
      vertex 5.3575128869403565 24.14 7.380909525217808
    endloop
  endfacet
  facet normal -0.362784043738972 0.3627840437389674 -0.8583562635740493
    outer loop
      vertex 5.3575128869403565 24.14 7.380909525217808
      vertex 5.1713392950129435 24.247487373415293 7.505025253169417
      vertex 5.402010101267766 24.197989898732235 7.386612204649416
    endloop
  endfacet
  facet normal -0.36278404373895945 0.36278404373897594 -0.8583562635740509
    outer loop
      vertex 5.402010101267766 24.197989898732235 7.386612204649416
      vertex 5.352512626584708 24.428660704987056 7.505025253169417
      vertex 5.46 24.242487113059642 7.380909525217808
    endloop
  endfacet
  facet normal -0.13278817609610544 0.49557221983507854 -0.858356263574049
    outer loop
      vertex 5.46 24.242487113059642 7.380909525217808
      vertex 5.352512626584708 24.428660704987056 7.505025253169417
      vertex 5.527530667371294 24.270459231360938 7.386612204649416
    endloop
  endfacet
  facet normal -0.13278817609612312 0.4955722198350812 -0.8583562635740447
    outer loop
      vertex 5.527530667371294 24.270459231360938 7.386612204649416
      vertex 5.6 24.494974746830582 7.505025253169417
      vertex 5.6 24.28 7.380909525217808
    endloop
  endfacet
  facet normal 0.1327881760961231 0.4955722198350812 -0.8583562635740447
    outer loop
      vertex 5.6 24.28 7.380909525217808
      vertex 5.6 24.494974746830582 7.505025253169417
      vertex 5.6724693326287055 24.270459231360938 7.386612204649416
    endloop
  endfacet
  facet normal 0.13278817609610544 0.49557221983507854 -0.858356263574049
    outer loop
      vertex 5.6724693326287055 24.270459231360938 7.386612204649416
      vertex 5.847487373415292 24.428660704987056 7.505025253169417
      vertex 5.739999999999999 24.242487113059642 7.380909525217808
    endloop
  endfacet
  facet normal 0.3627840437389594 -0.36278404373897594 -0.8583562635740509
    outer loop
      vertex 5.739999999999999 23.757512886940358 7.380909525217808
      vertex 5.797989898732233 23.802010101267765 7.386612204649416
      vertex 5.847487373415292 23.571339295012944 7.505025253169417
    endloop
  endfacet
  facet normal 0.362784043738972 -0.36278404373896733 -0.8583562635740493
    outer loop
      vertex 5.797989898732233 23.802010101267765 7.386612204649416
      vertex 5.842487113059643 23.86 7.380909525217808
      vertex 6.028660704987056 23.752512626584707 7.505025253169417
    endloop
  endfacet
  facet normal 0.49557221983507527 -0.13278817609611535 -0.8583562635740493
    outer loop
      vertex 5.842487113059643 23.86 7.380909525217808
      vertex 5.870459231360939 23.927530667371293 7.386612204649415
      vertex 6.028660704987056 23.752512626584707 7.505025253169417
    endloop
  endfacet
  facet normal 0.4955722198350797 -0.13278817609609897 -0.8583562635740493
    outer loop
      vertex 5.870459231360939 23.927530667371293 7.386612204649415
      vertex 5.88 24 7.380909525217808
      vertex 6.094974746830583 24 7.505025253169417
    endloop
  endfacet
  facet normal 0.4955722198350798 0.132788176096099 -0.8583562635740493
    outer loop
      vertex 5.88 24 7.380909525217808
      vertex 5.870459231360939 24.072469332628707 7.386612204649415
      vertex 6.094974746830583 24 7.505025253169417
    endloop
  endfacet
  facet normal 0.49557221983507527 0.13278817609611535 -0.8583562635740493
    outer loop
      vertex 5.870459231360939 24.072469332628707 7.386612204649415
      vertex 5.842487113059643 24.14 7.380909525217808
      vertex 6.028660704987056 24.247487373415293 7.505025253169417
    endloop
  endfacet
  facet normal 0.362784043738972 0.3627840437389674 -0.8583562635740493
    outer loop
      vertex 5.842487113059643 24.14 7.380909525217808
      vertex 5.797989898732233 24.197989898732235 7.386612204649416
      vertex 6.028660704987056 24.247487373415293 7.505025253169417
    endloop
  endfacet
  facet normal 0.3627840437389594 0.36278404373897594 -0.8583562635740509
    outer loop
      vertex 5.739999999999999 24.242487113059642 7.380909525217808
      vertex 5.847487373415292 24.428660704987056 7.505025253169417
      vertex 5.797989898732233 24.197989898732235 7.386612204649416
    endloop
  endfacet
  facet normal -0.36278404373897033 -0.36278404373897205 -0.8583562635740479
    outer loop
      vertex 5.402010101267766 23.802010101267765 7.386612204649416
      vertex 5.352512626584708 23.571339295012944 7.505025253169417
      vertex 5.1713392950129435 23.752512626584707 7.505025253169417
    endloop
  endfacet
  facet normal -0.13278817609610594 -0.4955722198350782 -0.8583562635740491
    outer loop
      vertex 5.46 23.757512886940358 7.380909525217808
      vertex 5.6 23.505025253169418 7.505025253169417
      vertex 5.352512626584708 23.571339295012944 7.505025253169417
    endloop
  endfacet
  facet normal 0.13278817609610594 -0.49557221983507804 -0.8583562635740493
    outer loop
      vertex 5.6724693326287055 23.729540768639062 7.386612204649416
      vertex 5.847487373415292 23.571339295012944 7.505025253169417
      vertex 5.6 23.505025253169418 7.505025253169417
    endloop
  endfacet
  facet normal -0.49557221983508143 -0.13278817609610813 -0.8583562635740469
    outer loop
      vertex 5.329540768639061 23.927530667371293 7.386612204649415
      vertex 5.1713392950129435 23.752512626584707 7.505025253169417
      vertex 5.1050252531694165 24 7.505025253169417
    endloop
  endfacet
  facet normal -0.49557221983508143 0.13278817609610813 -0.8583562635740469
    outer loop
      vertex 5.329540768639061 24.072469332628707 7.386612204649415
      vertex 5.1050252531694165 24 7.505025253169417
      vertex 5.1713392950129435 24.247487373415293 7.505025253169417
    endloop
  endfacet
  facet normal -0.36278404373897033 0.36278404373897205 -0.8583562635740479
    outer loop
      vertex 5.402010101267766 24.197989898732235 7.386612204649416
      vertex 5.1713392950129435 24.247487373415293 7.505025253169417
      vertex 5.352512626584708 24.428660704987056 7.505025253169417
    endloop
  endfacet
  facet normal -0.13278817609610594 0.49557221983507804 -0.8583562635740493
    outer loop
      vertex 5.527530667371294 24.270459231360938 7.386612204649416
      vertex 5.352512626584708 24.428660704987056 7.505025253169417
      vertex 5.6 24.494974746830582 7.505025253169417
    endloop
  endfacet
  facet normal 0.13278817609610594 0.49557221983507804 -0.8583562635740493
    outer loop
      vertex 5.6724693326287055 24.270459231360938 7.386612204649416
      vertex 5.6 24.494974746830582 7.505025253169417
      vertex 5.847487373415292 24.428660704987056 7.505025253169417
    endloop
  endfacet
  facet normal 0.36278404373897033 -0.36278404373897205 -0.8583562635740479
    outer loop
      vertex 5.797989898732233 23.802010101267765 7.386612204649416
      vertex 6.028660704987056 23.752512626584707 7.505025253169417
      vertex 5.847487373415292 23.571339295012944 7.505025253169417
    endloop
  endfacet
  facet normal 0.49557221983508143 -0.13278817609610813 -0.8583562635740469
    outer loop
      vertex 5.870459231360939 23.927530667371293 7.386612204649415
      vertex 6.094974746830583 24 7.505025253169417
      vertex 6.028660704987056 23.752512626584707 7.505025253169417
    endloop
  endfacet
  facet normal 0.49557221983508143 0.13278817609610813 -0.8583562635740469
    outer loop
      vertex 5.870459231360939 24.072469332628707 7.386612204649415
      vertex 6.028660704987056 24.247487373415293 7.505025253169417
      vertex 6.094974746830583 24 7.505025253169417
    endloop
  endfacet
  facet normal 0.36278404373897033 0.36278404373897205 -0.8583562635740479
    outer loop
      vertex 5.797989898732233 24.197989898732235 7.386612204649416
      vertex 5.847487373415292 24.428660704987056 7.505025253169417
      vertex 6.028660704987056 24.247487373415293 7.505025253169417
    endloop
  endfacet
  facet normal -0.6175653985824938 -0.6175653985824968 -0.4870584738481483
    outer loop
      vertex 5.1713392950129435 23.752512626584707 7.505025253169417
      vertex 5.352512626584708 23.571339295012944 7.505025253169417
      vertex 5.014438587383534 23.661925960798825 7.818826668428235
    endloop
  endfacet
  facet normal -0.22604462437945155 -0.8436100229619486 -0.48705847384815415
    outer loop
      vertex 5.352512626584708 23.571339295012944 7.505025253169417
      vertex 5.6 23.505025253169418 7.505025253169417
      vertex 5.6 23.32385192159765 7.818826668428235
    endloop
  endfacet
  facet normal 0.22604462437945155 -0.8436100229619486 -0.48705847384815415
    outer loop
      vertex 5.6 23.505025253169418 7.505025253169417
      vertex 5.847487373415292 23.571339295012944 7.505025253169417
      vertex 5.6 23.32385192159765 7.818826668428235
    endloop
  endfacet
  facet normal -0.8436100229619504 -0.22604462437945566 -0.4870584738481494
    outer loop
      vertex 5.1713392950129435 23.752512626584707 7.505025253169417
      vertex 5.014438587383534 23.661925960798825 7.818826668428235
      vertex 4.9238519215976515 24 7.818826668428235
    endloop
  endfacet
  facet normal -0.6175653985824927 -0.6175653985824994 -0.48705847384814643
    outer loop
      vertex 5.352512626584708 23.571339295012944 7.505025253169417
      vertex 5.261925960798826 23.414438587383536 7.818826668428235
      vertex 5.014438587383534 23.661925960798825 7.818826668428235
    endloop
  endfacet
  facet normal -0.2260446243794628 -0.8436100229619501 -0.48705847384814643
    outer loop
      vertex 5.352512626584708 23.571339295012944 7.505025253169417
      vertex 5.6 23.32385192159765 7.818826668428235
      vertex 5.261925960798826 23.414438587383536 7.818826668428235
    endloop
  endfacet
  facet normal -0.8436100229619502 -0.22604462437945413 -0.48705847384815026
    outer loop
      vertex 5.1713392950129435 23.752512626584707 7.505025253169417
      vertex 4.9238519215976515 24 7.818826668428235
      vertex 5.1050252531694165 24 7.505025253169417
    endloop
  endfacet
  facet normal -0.8436100229619502 0.22604462437945413 -0.48705847384815026
    outer loop
      vertex 5.1050252531694165 24 7.505025253169417
      vertex 4.9238519215976515 24 7.818826668428235
      vertex 5.1713392950129435 24.247487373415293 7.505025253169417
    endloop
  endfacet
  facet normal -0.6175653985824938 0.6175653985824968 -0.4870584738481483
    outer loop
      vertex 5.1713392950129435 24.247487373415293 7.505025253169417
      vertex 5.014438587383534 24.338074039201175 7.818826668428235
      vertex 5.352512626584708 24.428660704987056 7.505025253169417
    endloop
  endfacet
  facet normal -0.22604462437945155 0.8436100229619486 -0.48705847384815415
    outer loop
      vertex 5.352512626584708 24.428660704987056 7.505025253169417
      vertex 5.6 24.67614807840235 7.818826668428235
      vertex 5.6 24.494974746830582 7.505025253169417
    endloop
  endfacet
  facet normal 0.22604462437945155 0.8436100229619486 -0.48705847384815415
    outer loop
      vertex 5.6 24.494974746830582 7.505025253169417
      vertex 5.6 24.67614807840235 7.818826668428235
      vertex 5.847487373415292 24.428660704987056 7.505025253169417
    endloop
  endfacet
  facet normal -0.8436100229619504 0.22604462437945566 -0.4870584738481494
    outer loop
      vertex 5.1713392950129435 24.247487373415293 7.505025253169417
      vertex 4.9238519215976515 24 7.818826668428235
      vertex 5.014438587383534 24.338074039201175 7.818826668428235
    endloop
  endfacet
  facet normal -0.6175653985824927 0.6175653985824994 -0.48705847384814643
    outer loop
      vertex 5.352512626584708 24.428660704987056 7.505025253169417
      vertex 5.014438587383534 24.338074039201175 7.818826668428235
      vertex 5.261925960798826 24.585561412616464 7.818826668428235
    endloop
  endfacet
  facet normal -0.2260446243794628 0.8436100229619501 -0.48705847384814643
    outer loop
      vertex 5.352512626584708 24.428660704987056 7.505025253169417
      vertex 5.261925960798826 24.585561412616464 7.818826668428235
      vertex 5.6 24.67614807840235 7.818826668428235
    endloop
  endfacet
  facet normal 0.6175653985824938 -0.6175653985824968 -0.4870584738481482
    outer loop
      vertex 5.847487373415292 23.571339295012944 7.505025253169417
      vertex 6.028660704987056 23.752512626584707 7.505025253169417
      vertex 6.185561412616465 23.661925960798825 7.818826668428235
    endloop
  endfacet
  facet normal 0.2260446243794628 -0.8436100229619501 -0.48705847384814643
    outer loop
      vertex 5.847487373415292 23.571339295012944 7.505025253169417
      vertex 5.938074039201173 23.414438587383536 7.818826668428235
      vertex 5.6 23.32385192159765 7.818826668428235
    endloop
  endfacet
  facet normal 0.6175653985824927 -0.6175653985824994 -0.48705847384814643
    outer loop
      vertex 5.847487373415292 23.571339295012944 7.505025253169417
      vertex 6.185561412616465 23.661925960798825 7.818826668428235
      vertex 5.938074039201173 23.414438587383536 7.818826668428235
    endloop
  endfacet
  facet normal 0.8436100229619504 -0.22604462437945566 -0.4870584738481494
    outer loop
      vertex 6.028660704987056 23.752512626584707 7.505025253169417
      vertex 6.276148078402348 24 7.818826668428235
      vertex 6.185561412616465 23.661925960798825 7.818826668428235
    endloop
  endfacet
  facet normal 0.8436100229619502 -0.22604462437945413 -0.48705847384815026
    outer loop
      vertex 6.028660704987056 23.752512626584707 7.505025253169417
      vertex 6.094974746830583 24 7.505025253169417
      vertex 6.276148078402348 24 7.818826668428235
    endloop
  endfacet
  facet normal 0.8436100229619502 0.22604462437945413 -0.48705847384815026
    outer loop
      vertex 6.094974746830583 24 7.505025253169417
      vertex 6.028660704987056 24.247487373415293 7.505025253169417
      vertex 6.276148078402348 24 7.818826668428235
    endloop
  endfacet
  facet normal 0.6175653985824938 0.6175653985824968 -0.4870584738481483
    outer loop
      vertex 6.028660704987056 24.247487373415293 7.505025253169417
      vertex 5.847487373415292 24.428660704987056 7.505025253169417
      vertex 6.185561412616465 24.338074039201175 7.818826668428235
    endloop
  endfacet
  facet normal 0.8436100229619504 0.22604462437945566 -0.4870584738481494
    outer loop
      vertex 6.028660704987056 24.247487373415293 7.505025253169417
      vertex 6.185561412616465 24.338074039201175 7.818826668428235
      vertex 6.276148078402348 24 7.818826668428235
    endloop
  endfacet
  facet normal 0.2260446243794628 0.8436100229619501 -0.48705847384814643
    outer loop
      vertex 5.847487373415292 24.428660704987056 7.505025253169417
      vertex 5.6 24.67614807840235 7.818826668428235
      vertex 5.938074039201173 24.585561412616464 7.818826668428235
    endloop
  endfacet
  facet normal 0.6175653985824927 0.6175653985824994 -0.48705847384814643
    outer loop
      vertex 5.847487373415292 24.428660704987056 7.505025253169417
      vertex 5.938074039201173 24.585561412616464 7.818826668428235
      vertex 6.185561412616465 24.338074039201175 7.818826668428235
    endloop
  endfacet
  facet normal -0.7071067811865437 -0.7071067811865513 0
    outer loop
      vertex 5.261925960798826 23.414438587383536 7.818826668428235
      vertex 5.014438587383534 23.661925960798825 8.181173331571765
      vertex 5.014438587383534 23.661925960798825 7.818826668428235
    endloop
  endfacet
  facet normal -0.25881904510252857 -0.9659258262890661 0
    outer loop
      vertex 5.261925960798826 23.414438587383536 7.818826668428235
      vertex 5.6 23.32385192159765 7.818826668428235
      vertex 5.6 23.32385192159765 8.181173331571765
    endloop
  endfacet
  facet normal -0.9659258262890682 -0.25881904510252085 0
    outer loop
      vertex 4.9238519215976515 24 7.818826668428235
      vertex 5.014438587383534 23.661925960798825 7.818826668428235
      vertex 4.9238519215976515 24 8.181173331571765
    endloop
  endfacet
  facet normal -0.9659258262890682 0.25881904510252085 0
    outer loop
      vertex 4.9238519215976515 24 7.818826668428235
      vertex 5.014438587383534 24.338074039201175 8.181173331571765
      vertex 5.014438587383534 24.338074039201175 7.818826668428235
    endloop
  endfacet
  facet normal -0.7071067811865437 0.7071067811865513 0
    outer loop
      vertex 5.014438587383534 24.338074039201175 7.818826668428235
      vertex 5.261925960798826 24.585561412616464 8.181173331571765
      vertex 5.261925960798826 24.585561412616464 7.818826668428235
    endloop
  endfacet
  facet normal -0.25881904510252857 0.9659258262890661 0
    outer loop
      vertex 5.261925960798826 24.585561412616464 7.818826668428235
      vertex 5.261925960798826 24.585561412616464 8.181173331571765
      vertex 5.6 24.67614807840235 7.818826668428235
    endloop
  endfacet
  facet normal 0.25881904510252857 0.9659258262890661 0
    outer loop
      vertex 5.6 24.67614807840235 7.818826668428235
      vertex 5.6 24.67614807840235 8.181173331571765
      vertex 5.938074039201173 24.585561412616464 7.818826668428235
    endloop
  endfacet
  facet normal 0.25881904510252857 -0.9659258262890661 0
    outer loop
      vertex 5.6 23.32385192159765 7.818826668428235
      vertex 5.938074039201173 23.414438587383536 7.818826668428235
      vertex 5.938074039201173 23.414438587383536 8.181173331571765
    endloop
  endfacet
  facet normal 0.7071067811865437 -0.7071067811865513 0
    outer loop
      vertex 5.938074039201173 23.414438587383536 7.818826668428235
      vertex 6.185561412616465 23.661925960798825 7.818826668428235
      vertex 5.938074039201173 23.414438587383536 8.181173331571765
    endloop
  endfacet
  facet normal 0.9659258262890682 -0.25881904510252085 0
    outer loop
      vertex 6.185561412616465 23.661925960798825 7.818826668428235
      vertex 6.276148078402348 24 7.818826668428235
      vertex 6.185561412616465 23.661925960798825 8.181173331571765
    endloop
  endfacet
  facet normal 0.7071067811865437 0.7071067811865513 0
    outer loop
      vertex 5.938074039201173 24.585561412616464 7.818826668428235
      vertex 6.185561412616465 24.338074039201175 8.181173331571765
      vertex 6.185561412616465 24.338074039201175 7.818826668428235
    endloop
  endfacet
  facet normal 0.9659258262890682 0.25881904510252085 0
    outer loop
      vertex 6.276148078402348 24 7.818826668428235
      vertex 6.185561412616465 24.338074039201175 7.818826668428235
      vertex 6.276148078402348 24 8.181173331571765
    endloop
  endfacet
  facet normal -0.9659258262890682 -0.25881904510252085 0
    outer loop
      vertex 5.014438587383534 23.661925960798825 7.818826668428235
      vertex 5.014438587383534 23.661925960798825 8.181173331571765
      vertex 4.9238519215976515 24 8.181173331571765
    endloop
  endfacet
  facet normal -0.7071067811865437 -0.7071067811865513 0
    outer loop
      vertex 5.261925960798826 23.414438587383536 7.818826668428235
      vertex 5.261925960798826 23.414438587383536 8.181173331571765
      vertex 5.014438587383534 23.661925960798825 8.181173331571765
    endloop
  endfacet
  facet normal -0.25881904510252857 -0.9659258262890661 0
    outer loop
      vertex 5.261925960798826 23.414438587383536 7.818826668428235
      vertex 5.6 23.32385192159765 8.181173331571765
      vertex 5.261925960798826 23.414438587383536 8.181173331571765
    endloop
  endfacet
  facet normal 0.25881904510252857 -0.9659258262890661 0
    outer loop
      vertex 5.6 23.32385192159765 7.818826668428235
      vertex 5.938074039201173 23.414438587383536 8.181173331571765
      vertex 5.6 23.32385192159765 8.181173331571765
    endloop
  endfacet
  facet normal -0.9659258262890682 0.25881904510252085 0
    outer loop
      vertex 4.9238519215976515 24 7.818826668428235
      vertex 4.9238519215976515 24 8.181173331571765
      vertex 5.014438587383534 24.338074039201175 8.181173331571765
    endloop
  endfacet
  facet normal -0.7071067811865437 0.7071067811865513 0
    outer loop
      vertex 5.014438587383534 24.338074039201175 7.818826668428235
      vertex 5.014438587383534 24.338074039201175 8.181173331571765
      vertex 5.261925960798826 24.585561412616464 8.181173331571765
    endloop
  endfacet
  facet normal -0.25881904510252857 0.9659258262890661 0
    outer loop
      vertex 5.6 24.67614807840235 7.818826668428235
      vertex 5.261925960798826 24.585561412616464 8.181173331571765
      vertex 5.6 24.67614807840235 8.181173331571765
    endloop
  endfacet
  facet normal 0.7071067811865437 -0.7071067811865513 0
    outer loop
      vertex 6.185561412616465 23.661925960798825 7.818826668428235
      vertex 6.185561412616465 23.661925960798825 8.181173331571765
      vertex 5.938074039201173 23.414438587383536 8.181173331571765
    endloop
  endfacet
  facet normal 0.25881904510252857 0.9659258262890661 0
    outer loop
      vertex 5.938074039201173 24.585561412616464 7.818826668428235
      vertex 5.6 24.67614807840235 8.181173331571765
      vertex 5.938074039201173 24.585561412616464 8.181173331571765
    endloop
  endfacet
  facet normal 0.7071067811865437 0.7071067811865513 0
    outer loop
      vertex 5.938074039201173 24.585561412616464 7.818826668428235
      vertex 5.938074039201173 24.585561412616464 8.181173331571765
      vertex 6.185561412616465 24.338074039201175 8.181173331571765
    endloop
  endfacet
  facet normal 0.9659258262890682 -0.25881904510252085 0
    outer loop
      vertex 6.276148078402348 24 7.818826668428235
      vertex 6.276148078402348 24 8.181173331571765
      vertex 6.185561412616465 23.661925960798825 8.181173331571765
    endloop
  endfacet
  facet normal 0.9659258262890682 0.25881904510252085 0
    outer loop
      vertex 6.185561412616465 24.338074039201175 7.818826668428235
      vertex 6.185561412616465 24.338074039201175 8.181173331571765
      vertex 6.276148078402348 24 8.181173331571765
    endloop
  endfacet
  facet normal -0.843610022961951 -0.22604462437945577 0.48705847384814815
    outer loop
      vertex 4.9238519215976515 24 8.181173331571765
      vertex 5.014438587383534 23.661925960798825 8.181173331571765
      vertex 5.1713392950129435 23.752512626584707 8.494974746830584
    endloop
  endfacet
  facet normal -0.6175653985824925 -0.6175653985824991 0.48705847384814693
    outer loop
      vertex 5.261925960798826 23.414438587383536 8.181173331571765
      vertex 5.1713392950129435 23.752512626584707 8.494974746830584
      vertex 5.014438587383534 23.661925960798825 8.181173331571765
    endloop
  endfacet
  facet normal -0.22604462437946293 -0.8436100229619506 0.4870584738481454
    outer loop
      vertex 5.261925960798826 23.414438587383536 8.181173331571765
      vertex 5.6 23.32385192159765 8.181173331571765
      vertex 5.352512626584708 23.571339295012944 8.494974746830584
    endloop
  endfacet
  facet normal -0.6175653985824952 -0.6175653985824981 0.48705847384814505
    outer loop
      vertex 5.261925960798826 23.414438587383536 8.181173331571765
      vertex 5.352512626584708 23.571339295012944 8.494974746830584
      vertex 5.1713392950129435 23.752512626584707 8.494974746830584
    endloop
  endfacet
  facet normal -0.22604462437945172 -0.8436100229619492 0.48705847384815304
    outer loop
      vertex 5.6 23.32385192159765 8.181173331571765
      vertex 5.6 23.505025253169418 8.494974746830584
      vertex 5.352512626584708 23.571339295012944 8.494974746830584
    endloop
  endfacet
  facet normal 0.22604462437945172 -0.8436100229619492 0.48705847384815304
    outer loop
      vertex 5.6 23.32385192159765 8.181173331571765
      vertex 5.847487373415292 23.571339295012944 8.494974746830584
      vertex 5.6 23.505025253169418 8.494974746830584
    endloop
  endfacet
  facet normal -0.843610022961951 0.22604462437945577 0.48705847384814815
    outer loop
      vertex 4.9238519215976515 24 8.181173331571765
      vertex 5.1713392950129435 24.247487373415293 8.494974746830584
      vertex 5.014438587383534 24.338074039201175 8.181173331571765
    endloop
  endfacet
  facet normal -0.6175653985824925 0.6175653985824991 0.4870584738481469
    outer loop
      vertex 5.014438587383534 24.338074039201175 8.181173331571765
      vertex 5.1713392950129435 24.247487373415293 8.494974746830584
      vertex 5.261925960798826 24.585561412616464 8.181173331571765
    endloop
  endfacet
  facet normal -0.22604462437946293 0.8436100229619506 0.4870584738481454
    outer loop
      vertex 5.261925960798826 24.585561412616464 8.181173331571765
      vertex 5.352512626584708 24.428660704987056 8.494974746830584
      vertex 5.6 24.67614807840235 8.181173331571765
    endloop
  endfacet
  facet normal -0.8436100229619509 -0.22604462437945436 0.4870584738481492
    outer loop
      vertex 4.9238519215976515 24 8.181173331571765
      vertex 5.1713392950129435 23.752512626584707 8.494974746830584
      vertex 5.1050252531694165 24 8.494974746830584
    endloop
  endfacet
  facet normal -0.8436100229619509 0.22604462437945436 0.4870584738481492
    outer loop
      vertex 4.9238519215976515 24 8.181173331571765
      vertex 5.1050252531694165 24 8.494974746830584
      vertex 5.1713392950129435 24.247487373415293 8.494974746830584
    endloop
  endfacet
  facet normal -0.6175653985824952 0.6175653985824981 0.48705847384814505
    outer loop
      vertex 5.261925960798826 24.585561412616464 8.181173331571765
      vertex 5.1713392950129435 24.247487373415293 8.494974746830584
      vertex 5.352512626584708 24.428660704987056 8.494974746830584
    endloop
  endfacet
  facet normal -0.22604462437945172 0.8436100229619492 0.48705847384815304
    outer loop
      vertex 5.6 24.67614807840235 8.181173331571765
      vertex 5.352512626584708 24.428660704987056 8.494974746830584
      vertex 5.6 24.494974746830582 8.494974746830584
    endloop
  endfacet
  facet normal 0.22604462437945172 0.8436100229619492 0.48705847384815304
    outer loop
      vertex 5.6 24.67614807840235 8.181173331571765
      vertex 5.6 24.494974746830582 8.494974746830584
      vertex 5.847487373415292 24.428660704987056 8.494974746830584
    endloop
  endfacet
  facet normal 0.22604462437946293 -0.8436100229619506 0.4870584738481453
    outer loop
      vertex 5.6 23.32385192159765 8.181173331571765
      vertex 5.938074039201173 23.414438587383536 8.181173331571765
      vertex 5.847487373415292 23.571339295012944 8.494974746830584
    endloop
  endfacet
  facet normal 0.6175653985824932 -0.6175653985824999 0.4870584738481453
    outer loop
      vertex 5.938074039201173 23.414438587383536 8.181173331571765
      vertex 6.185561412616465 23.661925960798825 8.181173331571765
      vertex 5.847487373415292 23.571339295012944 8.494974746830584
    endloop
  endfacet
  facet normal 0.843610022961951 -0.22604462437945577 0.4870584738481482
    outer loop
      vertex 6.185561412616465 23.661925960798825 8.181173331571765
      vertex 6.276148078402348 24 8.181173331571765
      vertex 6.028660704987056 23.752512626584707 8.494974746830584
    endloop
  endfacet
  facet normal 0.6175653985824944 -0.6175653985824974 0.4870584738481473
    outer loop
      vertex 6.185561412616465 23.661925960798825 8.181173331571765
      vertex 6.028660704987056 23.752512626584707 8.494974746830584
      vertex 5.847487373415292 23.571339295012944 8.494974746830584
    endloop
  endfacet
  facet normal 0.843610022961951 0.22604462437945577 0.48705847384814815
    outer loop
      vertex 6.276148078402348 24 8.181173331571765
      vertex 6.185561412616465 24.338074039201175 8.181173331571765
      vertex 6.028660704987056 24.247487373415293 8.494974746830584
    endloop
  endfacet
  facet normal 0.22604462437946293 0.8436100229619506 0.4870584738481453
    outer loop
      vertex 5.6 24.67614807840235 8.181173331571765
      vertex 5.847487373415292 24.428660704987056 8.494974746830584
      vertex 5.938074039201173 24.585561412616464 8.181173331571765
    endloop
  endfacet
  facet normal 0.6175653985824932 0.6175653985824999 0.4870584738481453
    outer loop
      vertex 5.938074039201173 24.585561412616464 8.181173331571765
      vertex 5.847487373415292 24.428660704987056 8.494974746830584
      vertex 6.185561412616465 24.338074039201175 8.181173331571765
    endloop
  endfacet
  facet normal 0.8436100229619509 -0.22604462437945436 0.4870584738481492
    outer loop
      vertex 6.276148078402348 24 8.181173331571765
      vertex 6.094974746830583 24 8.494974746830584
      vertex 6.028660704987056 23.752512626584707 8.494974746830584
    endloop
  endfacet
  facet normal 0.8436100229619509 0.22604462437945436 0.4870584738481492
    outer loop
      vertex 6.276148078402348 24 8.181173331571765
      vertex 6.028660704987056 24.247487373415293 8.494974746830584
      vertex 6.094974746830583 24 8.494974746830584
    endloop
  endfacet
  facet normal 0.6175653985824944 0.6175653985824974 0.4870584738481473
    outer loop
      vertex 6.185561412616465 24.338074039201175 8.181173331571765
      vertex 5.847487373415292 24.428660704987056 8.494974746830584
      vertex 6.028660704987056 24.247487373415293 8.494974746830584
    endloop
  endfacet
  facet normal -0.36278404373896644 -0.36278404373896833 0.858356263574051
    outer loop
      vertex 5.1713392950129435 23.752512626584707 8.494974746830584
      vertex 5.352512626584708 23.571339295012944 8.494974746830584
      vertex 5.44309929237059 23.90941333421412 8.676148078402347
    endloop
  endfacet
  facet normal -0.13278817609610502 -0.4955722198350747 0.8583562635740513
    outer loop
      vertex 5.352512626584708 23.571339295012944 8.494974746830584
      vertex 5.6 23.505025253169418 8.494974746830584
      vertex 5.509413334214117 23.843099292370592 8.676148078402347
    endloop
  endfacet
  facet normal 0.1327881760961052 -0.4955722198350753 0.8583562635740508
    outer loop
      vertex 5.6 23.505025253169418 8.494974746830584
      vertex 5.847487373415292 23.571339295012944 8.494974746830584
      vertex 5.6 23.818826668428237 8.676148078402347
    endloop
  endfacet
  facet normal -0.3627840437389644 -0.3627840437389691 0.8583562635740516
    outer loop
      vertex 5.352512626584708 23.571339295012944 8.494974746830584
      vertex 5.509413334214117 23.843099292370592 8.676148078402347
      vertex 5.44309929237059 23.90941333421412 8.676148078402347
    endloop
  endfacet
  facet normal -0.13278817609610838 -0.4955722198350751 0.8583562635740505
    outer loop
      vertex 5.6 23.505025253169418 8.494974746830584
      vertex 5.6 23.818826668428237 8.676148078402347
      vertex 5.509413334214117 23.843099292370592 8.676148078402347
    endloop
  endfacet
  facet normal 0.13278817609610769 -0.49557221983507344 0.8583562635740516
    outer loop
      vertex 5.847487373415292 23.571339295012944 8.494974746830584
      vertex 5.690586665785882 23.843099292370592 8.676148078402347
      vertex 5.6 23.818826668428237 8.676148078402347
    endloop
  endfacet
  facet normal -0.49557221983507627 -0.13278817609610674 0.8583562635740499
    outer loop
      vertex 5.1713392950129435 23.752512626584707 8.494974746830584
      vertex 5.418826668428235 24 8.676148078402347
      vertex 5.1050252531694165 24 8.494974746830584
    endloop
  endfacet
  facet normal -0.49557221983507627 0.13278817609610674 0.8583562635740499
    outer loop
      vertex 5.1050252531694165 24 8.494974746830584
      vertex 5.418826668428235 24 8.676148078402347
      vertex 5.1713392950129435 24.247487373415293 8.494974746830584
    endloop
  endfacet
  facet normal -0.36278404373896644 0.36278404373896833 0.858356263574051
    outer loop
      vertex 5.1713392950129435 24.247487373415293 8.494974746830584
      vertex 5.44309929237059 24.09058666578588 8.676148078402347
      vertex 5.352512626584708 24.428660704987056 8.494974746830584
    endloop
  endfacet
  facet normal -0.13278817609610502 0.4955722198350747 0.8583562635740513
    outer loop
      vertex 5.352512626584708 24.428660704987056 8.494974746830584
      vertex 5.509413334214117 24.156900707629408 8.676148078402347
      vertex 5.6 24.494974746830582 8.494974746830584
    endloop
  endfacet
  facet normal 0.13278817609610505 0.4955722198350748 0.8583562635740513
    outer loop
      vertex 5.6 24.494974746830582 8.494974746830584
      vertex 5.690586665785882 24.156900707629408 8.676148078402347
      vertex 5.847487373415292 24.428660704987056 8.494974746830584
    endloop
  endfacet
  facet normal -0.4955722198350743 -0.13278817609610946 0.8583562635740509
    outer loop
      vertex 5.1713392950129435 23.752512626584707 8.494974746830584
      vertex 5.44309929237059 23.90941333421412 8.676148078402347
      vertex 5.418826668428235 24 8.676148078402347
    endloop
  endfacet
  facet normal -0.4955722198350743 0.13278817609610946 0.8583562635740509
    outer loop
      vertex 5.1713392950129435 24.247487373415293 8.494974746830584
      vertex 5.418826668428235 24 8.676148078402347
      vertex 5.44309929237059 24.09058666578588 8.676148078402347
    endloop
  endfacet
  facet normal -0.3627840437389644 0.3627840437389691 0.8583562635740516
    outer loop
      vertex 5.352512626584708 24.428660704987056 8.494974746830584
      vertex 5.44309929237059 24.09058666578588 8.676148078402347
      vertex 5.509413334214117 24.156900707629408 8.676148078402347
    endloop
  endfacet
  facet normal -0.13278817609610838 0.4955722198350751 0.8583562635740505
    outer loop
      vertex 5.6 24.494974746830582 8.494974746830584
      vertex 5.509413334214117 24.156900707629408 8.676148078402347
      vertex 5.6 24.181173331571763 8.676148078402347
    endloop
  endfacet
  facet normal 0.13278817609610838 0.4955722198350751 0.8583562635740505
    outer loop
      vertex 5.6 24.494974746830582 8.494974746830584
      vertex 5.6 24.181173331571763 8.676148078402347
      vertex 5.690586665785882 24.156900707629408 8.676148078402347
    endloop
  endfacet
  facet normal 0 0 1
    outer loop
      vertex 5.44309929237059 23.90941333421412 8.676148078402347
      vertex 5.44309929237059 24.09058666578588 8.676148078402347
      vertex 5.418826668428235 24 8.676148078402347
    endloop
  endfacet
  facet normal 0 0 1
    outer loop
      vertex 5.509413334214117 23.843099292370592 8.676148078402347
      vertex 5.44309929237059 24.09058666578588 8.676148078402347
      vertex 5.44309929237059 23.90941333421412 8.676148078402347
    endloop
  endfacet
  facet normal 0 0 1
    outer loop
      vertex 5.509413334214117 23.843099292370592 8.676148078402347
      vertex 5.6 23.818826668428237 8.676148078402347
      vertex 5.509413334214117 24.156900707629408 8.676148078402347
    endloop
  endfacet
  facet normal 0 0 1
    outer loop
      vertex 5.509413334214117 23.843099292370592 8.676148078402347
      vertex 5.509413334214117 24.156900707629408 8.676148078402347
      vertex 5.44309929237059 24.09058666578588 8.676148078402347
    endloop
  endfacet
  facet normal 0 0 1
    outer loop
      vertex 5.6 23.818826668428237 8.676148078402347
      vertex 5.690586665785882 23.843099292370592 8.676148078402347
      vertex 5.6 24.181173331571763 8.676148078402347
    endloop
  endfacet
  facet normal 0 0 1
    outer loop
      vertex 5.6 23.818826668428237 8.676148078402347
      vertex 5.6 24.181173331571763 8.676148078402347
      vertex 5.509413334214117 24.156900707629408 8.676148078402347
    endloop
  endfacet
  facet normal 0 0 1
    outer loop
      vertex 5.690586665785882 23.843099292370592 8.676148078402347
      vertex 5.756900707629409 23.90941333421412 8.676148078402347
      vertex 5.690586665785882 24.156900707629408 8.676148078402347
    endloop
  endfacet
  facet normal 0 0 1
    outer loop
      vertex 5.690586665785882 23.843099292370592 8.676148078402347
      vertex 5.690586665785882 24.156900707629408 8.676148078402347
      vertex 5.6 24.181173331571763 8.676148078402347
    endloop
  endfacet
  facet normal 0 0 1
    outer loop
      vertex 5.756900707629409 23.90941333421412 8.676148078402347
      vertex 5.756900707629409 24.09058666578588 8.676148078402347
      vertex 5.690586665785882 24.156900707629408 8.676148078402347
    endloop
  endfacet
  facet normal 0.36278404373896644 -0.36278404373896833 0.858356263574051
    outer loop
      vertex 5.847487373415292 23.571339295012944 8.494974746830584
      vertex 6.028660704987056 23.752512626584707 8.494974746830584
      vertex 5.756900707629409 23.90941333421412 8.676148078402347
    endloop
  endfacet
  facet normal 0.3627840437389644 -0.3627840437389691 0.8583562635740516
    outer loop
      vertex 5.847487373415292 23.571339295012944 8.494974746830584
      vertex 5.756900707629409 23.90941333421412 8.676148078402347
      vertex 5.690586665785882 23.843099292370592 8.676148078402347
    endloop
  endfacet
  facet normal 0.36278404373896644 0.36278404373896833 0.858356263574051
    outer loop
      vertex 6.028660704987056 24.247487373415293 8.494974746830584
      vertex 5.847487373415292 24.428660704987056 8.494974746830584
      vertex 5.756900707629409 24.09058666578588 8.676148078402347
    endloop
  endfacet
  facet normal 0.49557221983507627 -0.13278817609610674 0.8583562635740499
    outer loop
      vertex 6.028660704987056 23.752512626584707 8.494974746830584
      vertex 6.094974746830583 24 8.494974746830584
      vertex 5.781173331571765 24 8.676148078402347
    endloop
  endfacet
  facet normal 0.49557221983507627 0.13278817609610674 0.8583562635740499
    outer loop
      vertex 6.094974746830583 24 8.494974746830584
      vertex 6.028660704987056 24.247487373415293 8.494974746830584
      vertex 5.781173331571765 24 8.676148078402347
    endloop
  endfacet
  facet normal 0.4955722198350743 -0.13278817609610946 0.8583562635740509
    outer loop
      vertex 6.028660704987056 23.752512626584707 8.494974746830584
      vertex 5.781173331571765 24 8.676148078402347
      vertex 5.756900707629409 23.90941333421412 8.676148078402347
    endloop
  endfacet
  facet normal 0.4955722198350743 0.13278817609610946 0.8583562635740509
    outer loop
      vertex 6.028660704987056 24.247487373415293 8.494974746830584
      vertex 5.756900707629409 24.09058666578588 8.676148078402347
      vertex 5.781173331571765 24 8.676148078402347
    endloop
  endfacet
  facet normal 0.3627840437389644 0.3627840437389691 0.8583562635740516
    outer loop
      vertex 5.847487373415292 24.428660704987056 8.494974746830584
      vertex 5.690586665785882 24.156900707629408 8.676148078402347
      vertex 5.756900707629409 24.09058666578588 8.676148078402347
    endloop
  endfacet
  facet normal 0 0 1
    outer loop
      vertex 5.756900707629409 23.90941333421412 8.676148078402347
      vertex 5.781173331571765 24 8.676148078402347
      vertex 5.756900707629409 24.09058666578588 8.676148078402347
    endloop
  endfacet
  facet normal 0 0 -1
    outer loop
      vertex 37.80201010126777 -5.797989898732233 0
      vertex 37.757512886940354 -5.739999999999999 0
      vertex 38.19798989873223 -5.797989898732233 0
    endloop
  endfacet
  facet normal 0 0 -1
    outer loop
      vertex 37.80201010126777 -5.797989898732233 0
      vertex 38.14 -5.842487113059643 0
      vertex 37.86 -5.842487113059643 0
    endloop
  endfacet
  facet normal 0 0 -1
    outer loop
      vertex 37.86 -5.842487113059643 0
      vertex 38.07246933262871 -5.870459231360939 0
      vertex 37.92753066737129 -5.870459231360939 0
    endloop
  endfacet
  facet normal 0 0 -1
    outer loop
      vertex 37.92753066737129 -5.870459231360939 0
      vertex 38.07246933262871 -5.870459231360939 0
      vertex 38 -5.88 0
    endloop
  endfacet
  facet normal 0 0 -1
    outer loop
      vertex 37.86 -5.842487113059643 0
      vertex 38.14 -5.842487113059643 0
      vertex 38.07246933262871 -5.870459231360939 0
    endloop
  endfacet
  facet normal 0 0 -1
    outer loop
      vertex 37.80201010126777 -5.797989898732233 0
      vertex 38.19798989873223 -5.797989898732233 0
      vertex 38.14 -5.842487113059643 0
    endloop
  endfacet
  facet normal 0 0 -1
    outer loop
      vertex 37.72954076863906 -5.6724693326287055 0
      vertex 38.242487113059646 -5.739999999999999 0
      vertex 37.757512886940354 -5.739999999999999 0
    endloop
  endfacet
  facet normal 0 0 -1
    outer loop
      vertex 37.72 -5.6 0
      vertex 37.72954076863906 -5.527530667371294 0
      vertex 38.28 -5.6 0
    endloop
  endfacet
  facet normal 0 0 -1
    outer loop
      vertex 37.72954076863906 -5.6724693326287055 0
      vertex 37.72 -5.6 0
      vertex 38.27045923136094 -5.6724693326287055 0
    endloop
  endfacet
  facet normal 0 0 -1
    outer loop
      vertex 37.757512886940354 -5.739999999999999 0
      vertex 38.242487113059646 -5.739999999999999 0
      vertex 38.19798989873223 -5.797989898732233 0
    endloop
  endfacet
  facet normal 0 0 -1
    outer loop
      vertex 37.757512886940354 -5.46 0
      vertex 38.27045923136094 -5.527530667371294 0
      vertex 37.72954076863906 -5.527530667371294 0
    endloop
  endfacet
  facet normal 0 0 -1
    outer loop
      vertex 37.80201010126777 -5.402010101267766 0
      vertex 37.86 -5.3575128869403565 0
      vertex 38.19798989873223 -5.402010101267766 0
    endloop
  endfacet
  facet normal 0 0 -1
    outer loop
      vertex 37.757512886940354 -5.46 0
      vertex 37.80201010126777 -5.402010101267766 0
      vertex 38.242487113059646 -5.46 0
    endloop
  endfacet
  facet normal 0 0 -1
    outer loop
      vertex 37.86 -5.3575128869403565 0
      vertex 38.14 -5.3575128869403565 0
      vertex 38.19798989873223 -5.402010101267766 0
    endloop
  endfacet
  facet normal 0 0 -1
    outer loop
      vertex 37.72954076863906 -5.6724693326287055 0
      vertex 38.27045923136094 -5.6724693326287055 0
      vertex 38.242487113059646 -5.739999999999999 0
    endloop
  endfacet
  facet normal 0 0 -1
    outer loop
      vertex 37.72 -5.6 0
      vertex 38.28 -5.6 0
      vertex 38.27045923136094 -5.6724693326287055 0
    endloop
  endfacet
  facet normal 0 0 -1
    outer loop
      vertex 37.757512886940354 -5.46 0
      vertex 38.242487113059646 -5.46 0
      vertex 38.27045923136094 -5.527530667371294 0
    endloop
  endfacet
  facet normal 0 0 -1
    outer loop
      vertex 37.72954076863906 -5.527530667371294 0
      vertex 38.27045923136094 -5.527530667371294 0
      vertex 38.28 -5.6 0
    endloop
  endfacet
  facet normal 0 0 -1
    outer loop
      vertex 37.80201010126777 -5.402010101267766 0
      vertex 38.19798989873223 -5.402010101267766 0
      vertex 38.242487113059646 -5.46 0
    endloop
  endfacet
  facet normal 0 0 -1
    outer loop
      vertex 37.86 -5.3575128869403565 0
      vertex 37.92753066737129 -5.329540768639061 0
      vertex 38.14 -5.3575128869403565 0
    endloop
  endfacet
  facet normal 0 0 -1
    outer loop
      vertex 37.92753066737129 -5.329540768639061 0
      vertex 38 -5.319999999999999 0
      vertex 38.07246933262871 -5.329540768639061 0
    endloop
  endfacet
  facet normal 0 0 -1
    outer loop
      vertex 38.14 -5.3575128869403565 0
      vertex 37.92753066737129 -5.329540768639061 0
      vertex 38.07246933262871 -5.329540768639061 0
    endloop
  endfacet
  facet normal -0.6087614290087391 -0.7933533402912211 0
    outer loop
      vertex 37.80201010126777 -5.797989898732233 0
      vertex 37.86 -5.842487113059643 0
      vertex 37.80201010126777 -5.797989898732233 7.386612204649416
    endloop
  endfacet
  facet normal -0.923879532511305 -0.38268343236504604 0
    outer loop
      vertex 37.72954076863906 -5.6724693326287055 0
      vertex 37.757512886940354 -5.739999999999999 0
      vertex 37.757512886940354 -5.739999999999999 7.380909525217808
    endloop
  endfacet
  facet normal -0.9914448613738067 0.13052619222007938 0
    outer loop
      vertex 37.72 -5.6 0
      vertex 37.72 -5.6 7.380909525217808
      vertex 37.72954076863906 -5.527530667371294 0
    endloop
  endfacet
  facet normal -0.9914448613738067 -0.13052619222007938 0
    outer loop
      vertex 37.72954076863906 -5.6724693326287055 0
      vertex 37.72 -5.6 7.380909525217808
      vertex 37.72 -5.6 0
    endloop
  endfacet
  facet normal -0.7933533402912052 -0.6087614290087596 0
    outer loop
      vertex 37.80201010126777 -5.797989898732233 0
      vertex 37.757512886940354 -5.739999999999999 7.380909525217808
      vertex 37.757512886940354 -5.739999999999999 0
    endloop
  endfacet
  facet normal -0.923879532511305 0.38268343236504604 0
    outer loop
      vertex 37.757512886940354 -5.46 0
      vertex 37.72954076863906 -5.527530667371294 0
      vertex 37.757512886940354 -5.46 7.380909525217808
    endloop
  endfacet
  facet normal -0.6087614290087392 0.7933533402912211 0
    outer loop
      vertex 37.80201010126777 -5.402010101267766 0
      vertex 37.86 -5.3575128869403565 7.380909525217808
      vertex 37.86 -5.3575128869403565 0
    endloop
  endfacet
  facet normal -0.7933533402912052 0.6087614290087596 0
    outer loop
      vertex 37.757512886940354 -5.46 0
      vertex 37.757512886940354 -5.46 7.380909525217808
      vertex 37.80201010126777 -5.402010101267766 0
    endloop
  endfacet
  facet normal -0.13052619222005393 -0.99144486137381 0
    outer loop
      vertex 37.92753066737129 -5.870459231360939 0
      vertex 38 -5.88 0
      vertex 37.92753066737129 -5.870459231360939 7.386612204649415
    endloop
  endfacet
  facet normal -0.3826834323650875 -0.9238795325112876 0
    outer loop
      vertex 37.86 -5.842487113059643 0
      vertex 37.92753066737129 -5.870459231360939 0
      vertex 37.86 -5.842487113059643 7.380909525217808
    endloop
  endfacet
  facet normal 0.13052619222005393 -0.99144486137381 0
    outer loop
      vertex 38 -5.88 0
      vertex 38.07246933262871 -5.870459231360939 0
      vertex 38 -5.88 7.380909525217808
    endloop
  endfacet
  facet normal 0.6087614290087392 -0.7933533402912211 0
    outer loop
      vertex 38.14 -5.842487113059643 0
      vertex 38.19798989873223 -5.797989898732233 0
      vertex 38.14 -5.842487113059643 7.380909525217808
    endloop
  endfacet
  facet normal 0.3826834323650875 -0.9238795325112876 0
    outer loop
      vertex 38.07246933262871 -5.870459231360939 0
      vertex 38.14 -5.842487113059643 0
      vertex 38.07246933262871 -5.870459231360939 7.386612204649415
    endloop
  endfacet
  facet normal 0.923879532511305 -0.38268343236504604 0
    outer loop
      vertex 38.27045923136094 -5.6724693326287055 0
      vertex 38.242487113059646 -5.739999999999999 7.380909525217808
      vertex 38.242487113059646 -5.739999999999999 0
    endloop
  endfacet
  facet normal 0.7933533402912052 -0.6087614290087596 0
    outer loop
      vertex 38.19798989873223 -5.797989898732233 0
      vertex 38.242487113059646 -5.739999999999999 0
      vertex 38.242487113059646 -5.739999999999999 7.380909525217808
    endloop
  endfacet
  facet normal 0.923879532511305 0.38268343236504604 0
    outer loop
      vertex 38.242487113059646 -5.46 0
      vertex 38.242487113059646 -5.46 7.380909525217808
      vertex 38.27045923136094 -5.527530667371294 0
    endloop
  endfacet
  facet normal 0.6087614290087391 0.7933533402912211 0
    outer loop
      vertex 38.14 -5.3575128869403565 0
      vertex 38.19798989873223 -5.402010101267766 7.386612204649416
      vertex 38.19798989873223 -5.402010101267766 0
    endloop
  endfacet
  facet normal 0.7933533402912052 0.6087614290087596 0
    outer loop
      vertex 38.242487113059646 -5.46 0
      vertex 38.19798989873223 -5.402010101267766 0
      vertex 38.242487113059646 -5.46 7.380909525217808
    endloop
  endfacet
  facet normal -0.3826834323650875 0.9238795325112876 0
    outer loop
      vertex 37.86 -5.3575128869403565 0
      vertex 37.92753066737129 -5.329540768639061 7.386612204649415
      vertex 37.92753066737129 -5.329540768639061 0
    endloop
  endfacet
  facet normal -0.13052619222005393 0.99144486137381 0
    outer loop
      vertex 37.92753066737129 -5.329540768639061 0
      vertex 38 -5.319999999999999 7.380909525217808
      vertex 38 -5.319999999999999 0
    endloop
  endfacet
  facet normal 0.13052619222005393 0.99144486137381 0
    outer loop
      vertex 38 -5.319999999999999 0
      vertex 38.07246933262871 -5.329540768639061 7.386612204649415
      vertex 38.07246933262871 -5.329540768639061 0
    endloop
  endfacet
  facet normal 0.3826834323650875 0.9238795325112876 0
    outer loop
      vertex 38.14 -5.3575128869403565 0
      vertex 38.07246933262871 -5.329540768639061 0
      vertex 38.14 -5.3575128869403565 7.380909525217808
    endloop
  endfacet
  facet normal 0.9914448613738067 0.13052619222007938 0
    outer loop
      vertex 38.27045923136094 -5.527530667371294 0
      vertex 38.28 -5.6 7.380909525217808
      vertex 38.28 -5.6 0
    endloop
  endfacet
  facet normal 0.9914448613738067 -0.13052619222007938 0
    outer loop
      vertex 38.27045923136094 -5.6724693326287055 0
      vertex 38.28 -5.6 0
      vertex 38.28 -5.6 7.380909525217808
    endloop
  endfacet
  facet normal -0.7933533402912052 -0.6087614290087597 0
    outer loop
      vertex 37.80201010126777 -5.797989898732233 0
      vertex 37.80201010126777 -5.797989898732233 7.386612204649416
      vertex 37.757512886940354 -5.739999999999999 7.380909525217808
    endloop
  endfacet
  facet normal -0.6087614290087392 -0.7933533402912211 0
    outer loop
      vertex 37.86 -5.842487113059643 0
      vertex 37.86 -5.842487113059643 7.380909525217808
      vertex 37.80201010126777 -5.797989898732233 7.386612204649416
    endloop
  endfacet
  facet normal -0.9238795325113048 -0.38268343236504604 0
    outer loop
      vertex 37.72954076863906 -5.6724693326287055 0
      vertex 37.757512886940354 -5.739999999999999 7.380909525217808
      vertex 37.72954076863906 -5.6724693326287055 7.386612204649416
    endloop
  endfacet
  facet normal -0.9914448613738067 -0.13052619222007938 0
    outer loop
      vertex 37.72954076863906 -5.6724693326287055 0
      vertex 37.72954076863906 -5.6724693326287055 7.386612204649416
      vertex 37.72 -5.6 7.380909525217808
    endloop
  endfacet
  facet normal -0.9238795325113048 0.38268343236504604 0
    outer loop
      vertex 37.72954076863906 -5.527530667371294 0
      vertex 37.72954076863906 -5.527530667371294 7.386612204649416
      vertex 37.757512886940354 -5.46 7.380909525217808
    endloop
  endfacet
  facet normal -0.9914448613738067 0.13052619222007938 0
    outer loop
      vertex 37.72954076863906 -5.527530667371294 0
      vertex 37.72 -5.6 7.380909525217808
      vertex 37.72954076863906 -5.527530667371294 7.386612204649416
    endloop
  endfacet
  facet normal -0.6087614290087391 0.7933533402912211 0
    outer loop
      vertex 37.80201010126777 -5.402010101267766 0
      vertex 37.80201010126777 -5.402010101267766 7.386612204649416
      vertex 37.86 -5.3575128869403565 7.380909525217808
    endloop
  endfacet
  facet normal -0.7933533402912052 0.6087614290087597 0
    outer loop
      vertex 37.80201010126777 -5.402010101267766 0
      vertex 37.757512886940354 -5.46 7.380909525217808
      vertex 37.80201010126777 -5.402010101267766 7.386612204649416
    endloop
  endfacet
  facet normal -0.3826834323650875 -0.9238795325112876 0
    outer loop
      vertex 37.92753066737129 -5.870459231360939 0
      vertex 37.92753066737129 -5.870459231360939 7.386612204649415
      vertex 37.86 -5.842487113059643 7.380909525217808
    endloop
  endfacet
  facet normal -0.13052619222005393 -0.99144486137381 0
    outer loop
      vertex 38 -5.88 0
      vertex 38 -5.88 7.380909525217808
      vertex 37.92753066737129 -5.870459231360939 7.386612204649415
    endloop
  endfacet
  facet normal 0.13052619222005393 -0.99144486137381 0
    outer loop
      vertex 38.07246933262871 -5.870459231360939 0
      vertex 38.07246933262871 -5.870459231360939 7.386612204649415
      vertex 38 -5.88 7.380909525217808
    endloop
  endfacet
  facet normal 0.3826834323650875 -0.9238795325112876 0
    outer loop
      vertex 38.14 -5.842487113059643 0
      vertex 38.14 -5.842487113059643 7.380909525217808
      vertex 38.07246933262871 -5.870459231360939 7.386612204649415
    endloop
  endfacet
  facet normal 0.7933533402912052 -0.6087614290087597 0
    outer loop
      vertex 38.19798989873223 -5.797989898732233 0
      vertex 38.242487113059646 -5.739999999999999 7.380909525217808
      vertex 38.19798989873223 -5.797989898732233 7.386612204649416
    endloop
  endfacet
  facet normal 0.6087614290087391 -0.7933533402912211 0
    outer loop
      vertex 38.19798989873223 -5.797989898732233 0
      vertex 38.19798989873223 -5.797989898732233 7.386612204649416
      vertex 38.14 -5.842487113059643 7.380909525217808
    endloop
  endfacet
  facet normal 0.9238795325113048 -0.38268343236504604 0
    outer loop
      vertex 38.27045923136094 -5.6724693326287055 0
      vertex 38.27045923136094 -5.6724693326287055 7.386612204649416
      vertex 38.242487113059646 -5.739999999999999 7.380909525217808
    endloop
  endfacet
  facet normal 0.6087614290087392 0.7933533402912211 0
    outer loop
      vertex 38.14 -5.3575128869403565 0
      vertex 38.14 -5.3575128869403565 7.380909525217808
      vertex 38.19798989873223 -5.402010101267766 7.386612204649416
    endloop
  endfacet
  facet normal 0.9238795325113048 0.38268343236504604 0
    outer loop
      vertex 38.27045923136094 -5.527530667371294 0
      vertex 38.242487113059646 -5.46 7.380909525217808
      vertex 38.27045923136094 -5.527530667371294 7.386612204649416
    endloop
  endfacet
  facet normal 0.7933533402912052 0.6087614290087597 0
    outer loop
      vertex 38.19798989873223 -5.402010101267766 0
      vertex 38.19798989873223 -5.402010101267766 7.386612204649416
      vertex 38.242487113059646 -5.46 7.380909525217808
    endloop
  endfacet
  facet normal -0.13052619222005393 0.99144486137381 0
    outer loop
      vertex 37.92753066737129 -5.329540768639061 0
      vertex 37.92753066737129 -5.329540768639061 7.386612204649415
      vertex 38 -5.319999999999999 7.380909525217808
    endloop
  endfacet
  facet normal -0.3826834323650875 0.9238795325112876 0
    outer loop
      vertex 37.86 -5.3575128869403565 0
      vertex 37.86 -5.3575128869403565 7.380909525217808
      vertex 37.92753066737129 -5.329540768639061 7.386612204649415
    endloop
  endfacet
  facet normal 0.13052619222005393 0.99144486137381 0
    outer loop
      vertex 38 -5.319999999999999 0
      vertex 38 -5.319999999999999 7.380909525217808
      vertex 38.07246933262871 -5.329540768639061 7.386612204649415
    endloop
  endfacet
  facet normal 0.3826834323650875 0.9238795325112876 0
    outer loop
      vertex 38.07246933262871 -5.329540768639061 0
      vertex 38.07246933262871 -5.329540768639061 7.386612204649415
      vertex 38.14 -5.3575128869403565 7.380909525217808
    endloop
  endfacet
  facet normal 0.9914448613738067 -0.13052619222007938 0
    outer loop
      vertex 38.27045923136094 -5.6724693326287055 0
      vertex 38.28 -5.6 7.380909525217808
      vertex 38.27045923136094 -5.6724693326287055 7.386612204649416
    endloop
  endfacet
  facet normal 0.9914448613738067 0.13052619222007938 0
    outer loop
      vertex 38.27045923136094 -5.527530667371294 0
      vertex 38.27045923136094 -5.527530667371294 7.386612204649416
      vertex 38.28 -5.6 7.380909525217808
    endloop
  endfacet
  facet normal 0 0 -1
    outer loop
      vertex -5.870459231360939 -38.07246933262871 0
      vertex -5.88 -38 0
      vertex -5.870459231360939 -37.92753066737129 0
    endloop
  endfacet
  facet normal 0 0 -1
    outer loop
      vertex -5.870459231360939 -38.07246933262871 0
      vertex -5.842487113059643 -37.86 0
      vertex -5.842487113059643 -38.14 0
    endloop
  endfacet
  facet normal 0 0 -1
    outer loop
      vertex -5.797989898732233 -38.19798989873223 0
      vertex -5.842487113059643 -38.14 0
      vertex -5.797989898732233 -37.80201010126777 0
    endloop
  endfacet
  facet normal 0 0 -1
    outer loop
      vertex -5.797989898732233 -38.19798989873223 0
      vertex -5.797989898732233 -37.80201010126777 0
      vertex -5.739999999999999 -37.757512886940354 0
    endloop
  endfacet
  facet normal 0 0 -1
    outer loop
      vertex -5.842487113059643 -38.14 0
      vertex -5.842487113059643 -37.86 0
      vertex -5.797989898732233 -37.80201010126777 0
    endloop
  endfacet
  facet normal 0 0 -1
    outer loop
      vertex -5.870459231360939 -38.07246933262871 0
      vertex -5.870459231360939 -37.92753066737129 0
      vertex -5.842487113059643 -37.86 0
    endloop
  endfacet
  facet normal 0 0 -1
    outer loop
      vertex -5.6724693326287055 -38.27045923136094 0
      vertex -5.739999999999999 -38.242487113059646 0
      vertex -5.6724693326287055 -37.72954076863906 0
    endloop
  endfacet
  facet normal 0 0 -1
    outer loop
      vertex -5.6 -38.28 0
      vertex -5.6724693326287055 -38.27045923136094 0
      vertex -5.6 -37.72 0
    endloop
  endfacet
  facet normal 0 0 -1
    outer loop
      vertex -5.797989898732233 -38.19798989873223 0
      vertex -5.739999999999999 -37.757512886940354 0
      vertex -5.739999999999999 -38.242487113059646 0
    endloop
  endfacet
  facet normal 0 0 -1
    outer loop
      vertex -5.739999999999999 -38.242487113059646 0
      vertex -5.739999999999999 -37.757512886940354 0
      vertex -5.6724693326287055 -37.72954076863906 0
    endloop
  endfacet
  facet normal 0 0 -1
    outer loop
      vertex -5.6 -38.28 0
      vertex -5.6 -37.72 0
      vertex -5.527530667371294 -37.72954076863906 0
    endloop
  endfacet
  facet normal 0 0 -1
    outer loop
      vertex -5.6724693326287055 -38.27045923136094 0
      vertex -5.6724693326287055 -37.72954076863906 0
      vertex -5.6 -37.72 0
    endloop
  endfacet
  facet normal 0 0 -1
    outer loop
      vertex -5.46 -38.242487113059646 0
      vertex -5.527530667371294 -38.27045923136094 0
      vertex -5.46 -37.757512886940354 0
    endloop
  endfacet
  facet normal 0 0 -1
    outer loop
      vertex -5.6 -38.28 0
      vertex -5.527530667371294 -37.72954076863906 0
      vertex -5.527530667371294 -38.27045923136094 0
    endloop
  endfacet
  facet normal 0 0 -1
    outer loop
      vertex -5.46 -38.242487113059646 0
      vertex -5.402010101267766 -37.80201010126777 0
      vertex -5.402010101267766 -38.19798989873223 0
    endloop
  endfacet
  facet normal 0 0 -1
    outer loop
      vertex -5.527530667371294 -38.27045923136094 0
      vertex -5.527530667371294 -37.72954076863906 0
      vertex -5.46 -37.757512886940354 0
    endloop
  endfacet
  facet normal 0 0 -1
    outer loop
      vertex -5.402010101267766 -38.19798989873223 0
      vertex -5.3575128869403565 -37.86 0
      vertex -5.3575128869403565 -38.14 0
    endloop
  endfacet
  facet normal 0 0 -1
    outer loop
      vertex -5.402010101267766 -38.19798989873223 0
      vertex -5.402010101267766 -37.80201010126777 0
      vertex -5.3575128869403565 -37.86 0
    endloop
  endfacet
  facet normal 0 0 -1
    outer loop
      vertex -5.46 -38.242487113059646 0
      vertex -5.46 -37.757512886940354 0
      vertex -5.402010101267766 -37.80201010126777 0
    endloop
  endfacet
  facet normal 0 0 -1
    outer loop
      vertex -5.3575128869403565 -38.14 0
      vertex -5.3575128869403565 -37.86 0
      vertex -5.329540768639061 -37.92753066737129 0
    endloop
  endfacet
  facet normal 0 0 -1
    outer loop
      vertex -5.329540768639061 -38.07246933262871 0
      vertex -5.329540768639061 -37.92753066737129 0
      vertex -5.319999999999999 -38 0
    endloop
  endfacet
  facet normal 0 0 -1
    outer loop
      vertex -5.3575128869403565 -38.14 0
      vertex -5.329540768639061 -37.92753066737129 0
      vertex -5.329540768639061 -38.07246933262871 0
    endloop
  endfacet
  facet normal -0.7933533402912211 -0.6087614290087392 0
    outer loop
      vertex -5.797989898732233 -38.19798989873223 0
      vertex -5.842487113059643 -38.14 7.380909525217808
      vertex -5.842487113059643 -38.14 0
    endloop
  endfacet
  facet normal -0.9238795325112876 -0.3826834323650875 0
    outer loop
      vertex -5.870459231360939 -38.07246933262871 0
      vertex -5.842487113059643 -38.14 0
      vertex -5.870459231360939 -38.07246933262871 7.386612204649415
    endloop
  endfacet
  facet normal -0.99144486137381 -0.13052619222005393 0
    outer loop
      vertex -5.870459231360939 -38.07246933262871 0
      vertex -5.88 -38 7.380909525217808
      vertex -5.88 -38 0
    endloop
  endfacet
  facet normal -0.99144486137381 0.13052619222005393 0
    outer loop
      vertex -5.88 -38 0
      vertex -5.870459231360939 -37.92753066737129 7.386612204649415
      vertex -5.870459231360939 -37.92753066737129 0
    endloop
  endfacet
  facet normal -0.9238795325112876 0.3826834323650875 0
    outer loop
      vertex -5.870459231360939 -37.92753066737129 0
      vertex -5.842487113059643 -37.86 7.380909525217808
      vertex -5.842487113059643 -37.86 0
    endloop
  endfacet
  facet normal 0.13052619222007938 -0.9914448613738067 0
    outer loop
      vertex -5.6 -38.28 0
      vertex -5.527530667371294 -38.27045923136094 0
      vertex -5.6 -38.28 7.380909525217808
    endloop
  endfacet
  facet normal -0.13052619222007938 -0.9914448613738067 0
    outer loop
      vertex -5.6 -38.28 0
      vertex -5.6 -38.28 7.380909525217808
      vertex -5.6724693326287055 -38.27045923136094 0
    endloop
  endfacet
  facet normal -0.38268343236504604 -0.923879532511305 0
    outer loop
      vertex -5.6724693326287055 -38.27045923136094 0
      vertex -5.739999999999999 -38.242487113059646 7.380909525217808
      vertex -5.739999999999999 -38.242487113059646 0
    endloop
  endfacet
  facet normal -0.6087614290087596 -0.7933533402912052 0
    outer loop
      vertex -5.797989898732233 -38.19798989873223 0
      vertex -5.739999999999999 -38.242487113059646 0
      vertex -5.739999999999999 -38.242487113059646 7.380909525217808
    endloop
  endfacet
  facet normal 0.38268343236504604 -0.923879532511305 0
    outer loop
      vertex -5.46 -38.242487113059646 0
      vertex -5.46 -38.242487113059646 7.380909525217808
      vertex -5.527530667371294 -38.27045923136094 0
    endloop
  endfacet
  facet normal 0.7933533402912211 -0.6087614290087391 0
    outer loop
      vertex -5.402010101267766 -38.19798989873223 0
      vertex -5.3575128869403565 -38.14 0
      vertex -5.402010101267766 -38.19798989873223 7.386612204649416
    endloop
  endfacet
  facet normal 0.6087614290087596 -0.7933533402912052 0
    outer loop
      vertex -5.46 -38.242487113059646 0
      vertex -5.402010101267766 -38.19798989873223 0
      vertex -5.46 -38.242487113059646 7.380909525217808
    endloop
  endfacet
  facet normal 0.9238795325112876 -0.3826834323650875 0
    outer loop
      vertex -5.3575128869403565 -38.14 0
      vertex -5.329540768639061 -38.07246933262871 0
      vertex -5.3575128869403565 -38.14 7.380909525217808
    endloop
  endfacet
  facet normal 0.99144486137381 0.13052619222005393 0
    outer loop
      vertex -5.319999999999999 -38 0
      vertex -5.329540768639061 -37.92753066737129 0
      vertex -5.319999999999999 -38 7.380909525217808
    endloop
  endfacet
  facet normal 0.99144486137381 -0.13052619222005393 0
    outer loop
      vertex -5.329540768639061 -38.07246933262871 0
      vertex -5.319999999999999 -38 0
      vertex -5.329540768639061 -38.07246933262871 7.386612204649415
    endloop
  endfacet
  facet normal 0.9238795325112876 0.3826834323650875 0
    outer loop
      vertex -5.329540768639061 -37.92753066737129 0
      vertex -5.3575128869403565 -37.86 0
      vertex -5.329540768639061 -37.92753066737129 7.386612204649415
    endloop
  endfacet
  facet normal -0.7933533402912211 0.6087614290087391 0
    outer loop
      vertex -5.797989898732233 -37.80201010126777 0
      vertex -5.842487113059643 -37.86 0
      vertex -5.797989898732233 -37.80201010126777 7.386612204649416
    endloop
  endfacet
  facet normal -0.6087614290087596 0.7933533402912052 0
    outer loop
      vertex -5.797989898732233 -37.80201010126777 0
      vertex -5.739999999999999 -37.757512886940354 7.380909525217808
      vertex -5.739999999999999 -37.757512886940354 0
    endloop
  endfacet
  facet normal -0.38268343236504604 0.923879532511305 0
    outer loop
      vertex -5.6724693326287055 -37.72954076863906 0
      vertex -5.739999999999999 -37.757512886940354 0
      vertex -5.739999999999999 -37.757512886940354 7.380909525217808
    endloop
  endfacet
  facet normal 0.13052619222007938 0.9914448613738067 0
    outer loop
      vertex -5.6 -37.72 0
      vertex -5.6 -37.72 7.380909525217808
      vertex -5.527530667371294 -37.72954076863906 0
    endloop
  endfacet
  facet normal -0.13052619222007938 0.9914448613738067 0
    outer loop
      vertex -5.6724693326287055 -37.72954076863906 0
      vertex -5.6 -37.72 7.380909525217808
      vertex -5.6 -37.72 0
    endloop
  endfacet
  facet normal 0.38268343236504604 0.923879532511305 0
    outer loop
      vertex -5.46 -37.757512886940354 0
      vertex -5.527530667371294 -37.72954076863906 0
      vertex -5.46 -37.757512886940354 7.380909525217808
    endloop
  endfacet
  facet normal 0.7933533402912211 0.6087614290087392 0
    outer loop
      vertex -5.402010101267766 -37.80201010126777 0
      vertex -5.3575128869403565 -37.86 7.380909525217808
      vertex -5.3575128869403565 -37.86 0
    endloop
  endfacet
  facet normal 0.6087614290087596 0.7933533402912052 0
    outer loop
      vertex -5.46 -37.757512886940354 0
      vertex -5.46 -37.757512886940354 7.380909525217808
      vertex -5.402010101267766 -37.80201010126777 0
    endloop
  endfacet
  facet normal -0.6087614290087597 -0.7933533402912052 0
    outer loop
      vertex -5.797989898732233 -38.19798989873223 0
      vertex -5.739999999999999 -38.242487113059646 7.380909525217808
      vertex -5.797989898732233 -38.19798989873223 7.386612204649416
    endloop
  endfacet
  facet normal -0.7933533402912211 -0.6087614290087391 0
    outer loop
      vertex -5.797989898732233 -38.19798989873223 0
      vertex -5.797989898732233 -38.19798989873223 7.386612204649416
      vertex -5.842487113059643 -38.14 7.380909525217808
    endloop
  endfacet
  facet normal -0.9238795325112876 -0.3826834323650875 0
    outer loop
      vertex -5.842487113059643 -38.14 0
      vertex -5.842487113059643 -38.14 7.380909525217808
      vertex -5.870459231360939 -38.07246933262871 7.386612204649415
    endloop
  endfacet
  facet normal -0.99144486137381 0.13052619222005393 0
    outer loop
      vertex -5.88 -38 0
      vertex -5.88 -38 7.380909525217808
      vertex -5.870459231360939 -37.92753066737129 7.386612204649415
    endloop
  endfacet
  facet normal -0.99144486137381 -0.13052619222005393 0
    outer loop
      vertex -5.870459231360939 -38.07246933262871 0
      vertex -5.870459231360939 -38.07246933262871 7.386612204649415
      vertex -5.88 -38 7.380909525217808
    endloop
  endfacet
  facet normal -0.9238795325112876 0.3826834323650875 0
    outer loop
      vertex -5.870459231360939 -37.92753066737129 0
      vertex -5.870459231360939 -37.92753066737129 7.386612204649415
      vertex -5.842487113059643 -37.86 7.380909525217808
    endloop
  endfacet
  facet normal -0.13052619222007938 -0.9914448613738067 0
    outer loop
      vertex -5.6724693326287055 -38.27045923136094 0
      vertex -5.6 -38.28 7.380909525217808
      vertex -5.6724693326287055 -38.27045923136094 7.386612204649416
    endloop
  endfacet
  facet normal 0.13052619222007938 -0.9914448613738067 0
    outer loop
      vertex -5.527530667371294 -38.27045923136094 0
      vertex -5.527530667371294 -38.27045923136094 7.386612204649416
      vertex -5.6 -38.28 7.380909525217808
    endloop
  endfacet
  facet normal -0.38268343236504604 -0.9238795325113048 0
    outer loop
      vertex -5.6724693326287055 -38.27045923136094 0
      vertex -5.6724693326287055 -38.27045923136094 7.386612204649416
      vertex -5.739999999999999 -38.242487113059646 7.380909525217808
    endloop
  endfacet
  facet normal 0.38268343236504604 -0.9238795325113048 0
    outer loop
      vertex -5.527530667371294 -38.27045923136094 0
      vertex -5.46 -38.242487113059646 7.380909525217808
      vertex -5.527530667371294 -38.27045923136094 7.386612204649416
    endloop
  endfacet
  facet normal 0.6087614290087597 -0.7933533402912052 0
    outer loop
      vertex -5.402010101267766 -38.19798989873223 0
      vertex -5.402010101267766 -38.19798989873223 7.386612204649416
      vertex -5.46 -38.242487113059646 7.380909525217808
    endloop
  endfacet
  facet normal 0.7933533402912211 -0.6087614290087392 0
    outer loop
      vertex -5.3575128869403565 -38.14 0
      vertex -5.3575128869403565 -38.14 7.380909525217808
      vertex -5.402010101267766 -38.19798989873223 7.386612204649416
    endloop
  endfacet
  facet normal 0.9238795325112876 -0.3826834323650875 0
    outer loop
      vertex -5.329540768639061 -38.07246933262871 0
      vertex -5.329540768639061 -38.07246933262871 7.386612204649415
      vertex -5.3575128869403565 -38.14 7.380909525217808
    endloop
  endfacet
  facet normal 0.99144486137381 -0.13052619222005393 0
    outer loop
      vertex -5.319999999999999 -38 0
      vertex -5.319999999999999 -38 7.380909525217808
      vertex -5.329540768639061 -38.07246933262871 7.386612204649415
    endloop
  endfacet
  facet normal 0.99144486137381 0.13052619222005393 0
    outer loop
      vertex -5.329540768639061 -37.92753066737129 0
      vertex -5.329540768639061 -37.92753066737129 7.386612204649415
      vertex -5.319999999999999 -38 7.380909525217808
    endloop
  endfacet
  facet normal 0.9238795325112876 0.3826834323650875 0
    outer loop
      vertex -5.3575128869403565 -37.86 0
      vertex -5.3575128869403565 -37.86 7.380909525217808
      vertex -5.329540768639061 -37.92753066737129 7.386612204649415
    endloop
  endfacet
  facet normal -0.6087614290087597 0.7933533402912052 0
    outer loop
      vertex -5.797989898732233 -37.80201010126777 0
      vertex -5.797989898732233 -37.80201010126777 7.386612204649416
      vertex -5.739999999999999 -37.757512886940354 7.380909525217808
    endloop
  endfacet
  facet normal -0.7933533402912211 0.6087614290087392 0
    outer loop
      vertex -5.842487113059643 -37.86 0
      vertex -5.842487113059643 -37.86 7.380909525217808
      vertex -5.797989898732233 -37.80201010126777 7.386612204649416
    endloop
  endfacet
  facet normal -0.38268343236504604 0.9238795325113048 0
    outer loop
      vertex -5.6724693326287055 -37.72954076863906 0
      vertex -5.739999999999999 -37.757512886940354 7.380909525217808
      vertex -5.6724693326287055 -37.72954076863906 7.386612204649416
    endloop
  endfacet
  facet normal -0.13052619222007938 0.9914448613738067 0
    outer loop
      vertex -5.6724693326287055 -37.72954076863906 0
      vertex -5.6724693326287055 -37.72954076863906 7.386612204649416
      vertex -5.6 -37.72 7.380909525217808
    endloop
  endfacet
  facet normal 0.38268343236504604 0.9238795325113048 0
    outer loop
      vertex -5.527530667371294 -37.72954076863906 0
      vertex -5.527530667371294 -37.72954076863906 7.386612204649416
      vertex -5.46 -37.757512886940354 7.380909525217808
    endloop
  endfacet
  facet normal 0.13052619222007938 0.9914448613738067 0
    outer loop
      vertex -5.527530667371294 -37.72954076863906 0
      vertex -5.6 -37.72 7.380909525217808
      vertex -5.527530667371294 -37.72954076863906 7.386612204649416
    endloop
  endfacet
  facet normal 0.7933533402912211 0.6087614290087391 0
    outer loop
      vertex -5.402010101267766 -37.80201010126777 0
      vertex -5.402010101267766 -37.80201010126777 7.386612204649416
      vertex -5.3575128869403565 -37.86 7.380909525217808
    endloop
  endfacet
  facet normal 0.6087614290087597 0.7933533402912052 0
    outer loop
      vertex -5.402010101267766 -37.80201010126777 0
      vertex -5.46 -37.757512886940354 7.380909525217808
      vertex -5.402010101267766 -37.80201010126777 7.386612204649416
    endloop
  endfacet
  facet normal 0 0 -1
    outer loop
      vertex -37.92753066737129 5.329540768639061 0
      vertex -38.14 5.3575128869403565 0
      vertex -37.86 5.3575128869403565 0
    endloop
  endfacet
  facet normal 0 0 -1
    outer loop
      vertex -38.07246933262871 5.329540768639061 0
      vertex -37.92753066737129 5.329540768639061 0
      vertex -38 5.319999999999999 0
    endloop
  endfacet
  facet normal 0 0 -1
    outer loop
      vertex -38.07246933262871 5.329540768639061 0
      vertex -38.14 5.3575128869403565 0
      vertex -37.92753066737129 5.329540768639061 0
    endloop
  endfacet
  facet normal 0 0 -1
    outer loop
      vertex -38.19798989873223 5.402010101267766 0
      vertex -38.242487113059646 5.46 0
      vertex -37.80201010126777 5.402010101267766 0
    endloop
  endfacet
  facet normal 0 0 -1
    outer loop
      vertex -38.242487113059646 5.46 0
      vertex -38.27045923136094 5.527530667371294 0
      vertex -37.757512886940354 5.46 0
    endloop
  endfacet
  facet normal 0 0 -1
    outer loop
      vertex -38.28 5.6 0
      vertex -37.72954076863906 5.527530667371294 0
      vertex -38.27045923136094 5.527530667371294 0
    endloop
  endfacet
  facet normal 0 0 -1
    outer loop
      vertex -38.28 5.6 0
      vertex -38.27045923136094 5.6724693326287055 0
      vertex -37.72 5.6 0
    endloop
  endfacet
  facet normal 0 0 -1
    outer loop
      vertex -38.27045923136094 5.6724693326287055 0
      vertex -38.242487113059646 5.739999999999999 0
      vertex -37.72954076863906 5.6724693326287055 0
    endloop
  endfacet
  facet normal 0 0 -1
    outer loop
      vertex -38.19798989873223 5.402010101267766 0
      vertex -37.86 5.3575128869403565 0
      vertex -38.14 5.3575128869403565 0
    endloop
  endfacet
  facet normal 0 0 -1
    outer loop
      vertex -38.19798989873223 5.402010101267766 0
      vertex -37.80201010126777 5.402010101267766 0
      vertex -37.86 5.3575128869403565 0
    endloop
  endfacet
  facet normal 0 0 -1
    outer loop
      vertex -38.242487113059646 5.46 0
      vertex -37.757512886940354 5.46 0
      vertex -37.80201010126777 5.402010101267766 0
    endloop
  endfacet
  facet normal 0 0 -1
    outer loop
      vertex -38.27045923136094 5.527530667371294 0
      vertex -37.72954076863906 5.527530667371294 0
      vertex -37.757512886940354 5.46 0
    endloop
  endfacet
  facet normal 0 0 -1
    outer loop
      vertex -38.242487113059646 5.739999999999999 0
      vertex -38.19798989873223 5.797989898732233 0
      vertex -37.757512886940354 5.739999999999999 0
    endloop
  endfacet
  facet normal 0 0 -1
    outer loop
      vertex -38.28 5.6 0
      vertex -37.72 5.6 0
      vertex -37.72954076863906 5.527530667371294 0
    endloop
  endfacet
  facet normal 0 0 -1
    outer loop
      vertex -38.27045923136094 5.6724693326287055 0
      vertex -37.72954076863906 5.6724693326287055 0
      vertex -37.72 5.6 0
    endloop
  endfacet
  facet normal 0 0 -1
    outer loop
      vertex -38.242487113059646 5.739999999999999 0
      vertex -37.757512886940354 5.739999999999999 0
      vertex -37.72954076863906 5.6724693326287055 0
    endloop
  endfacet
  facet normal 0 0 -1
    outer loop
      vertex -38.14 5.842487113059643 0
      vertex -38.07246933262871 5.870459231360939 0
      vertex -37.86 5.842487113059643 0
    endloop
  endfacet
  facet normal 0 0 -1
    outer loop
      vertex -38.19798989873223 5.797989898732233 0
      vertex -38.14 5.842487113059643 0
      vertex -37.80201010126777 5.797989898732233 0
    endloop
  endfacet
  facet normal 0 0 -1
    outer loop
      vertex -38.07246933262871 5.870459231360939 0
      vertex -38 5.88 0
      vertex -37.92753066737129 5.870459231360939 0
    endloop
  endfacet
  facet normal 0 0 -1
    outer loop
      vertex -38.19798989873223 5.797989898732233 0
      vertex -37.80201010126777 5.797989898732233 0
      vertex -37.757512886940354 5.739999999999999 0
    endloop
  endfacet
  facet normal 0 0 -1
    outer loop
      vertex -38.14 5.842487113059643 0
      vertex -37.86 5.842487113059643 0
      vertex -37.80201010126777 5.797989898732233 0
    endloop
  endfacet
  facet normal 0 0 -1
    outer loop
      vertex -38.07246933262871 5.870459231360939 0
      vertex -37.92753066737129 5.870459231360939 0
      vertex -37.86 5.842487113059643 0
    endloop
  endfacet
  facet normal -0.9914448613738067 -0.13052619222007938 0
    outer loop
      vertex -38.28 5.6 0
      vertex -38.27045923136094 5.527530667371294 0
      vertex -38.28 5.6 7.380909525217808
    endloop
  endfacet
  facet normal -0.9914448613738067 0.13052619222007938 0
    outer loop
      vertex -38.28 5.6 0
      vertex -38.28 5.6 7.380909525217808
      vertex -38.27045923136094 5.6724693326287055 0
    endloop
  endfacet
  facet normal -0.3826834323650875 -0.9238795325112876 0
    outer loop
      vertex -38.07246933262871 5.329540768639061 0
      vertex -38.14 5.3575128869403565 7.380909525217808
      vertex -38.14 5.3575128869403565 0
    endloop
  endfacet
  facet normal 0.13052619222005393 -0.99144486137381 0
    outer loop
      vertex -38 5.319999999999999 0
      vertex -37.92753066737129 5.329540768639061 0
      vertex -38 5.319999999999999 7.380909525217808
    endloop
  endfacet
  facet normal -0.13052619222005393 -0.99144486137381 0
    outer loop
      vertex -38.07246933262871 5.329540768639061 0
      vertex -38 5.319999999999999 0
      vertex -38.07246933262871 5.329540768639061 7.386612204649415
    endloop
  endfacet
  facet normal 0.3826834323650875 -0.9238795325112876 0
    outer loop
      vertex -37.92753066737129 5.329540768639061 0
      vertex -37.86 5.3575128869403565 0
      vertex -37.92753066737129 5.329540768639061 7.386612204649415
    endloop
  endfacet
  facet normal -0.6087614290087391 -0.7933533402912211 0
    outer loop
      vertex -38.19798989873223 5.402010101267766 0
      vertex -38.14 5.3575128869403565 0
      vertex -38.19798989873223 5.402010101267766 7.386612204649416
    endloop
  endfacet
  facet normal -0.7933533402912052 -0.6087614290087596 0
    outer loop
      vertex -38.19798989873223 5.402010101267766 0
      vertex -38.242487113059646 5.46 7.380909525217808
      vertex -38.242487113059646 5.46 0
    endloop
  endfacet
  facet normal -0.923879532511305 -0.38268343236504604 0
    outer loop
      vertex -38.242487113059646 5.46 0
      vertex -38.242487113059646 5.46 7.380909525217808
      vertex -38.27045923136094 5.527530667371294 0
    endloop
  endfacet
  facet normal -0.923879532511305 0.38268343236504604 0
    outer loop
      vertex -38.27045923136094 5.6724693326287055 0
      vertex -38.242487113059646 5.739999999999999 7.380909525217808
      vertex -38.242487113059646 5.739999999999999 0
    endloop
  endfacet
  facet normal -0.7933533402912052 0.6087614290087596 0
    outer loop
      vertex -38.242487113059646 5.739999999999999 0
      vertex -38.242487113059646 5.739999999999999 7.380909525217808
      vertex -38.19798989873223 5.797989898732233 0
    endloop
  endfacet
  facet normal -0.6087614290087392 0.7933533402912211 0
    outer loop
      vertex -38.19798989873223 5.797989898732233 0
      vertex -38.14 5.842487113059643 7.380909525217808
      vertex -38.14 5.842487113059643 0
    endloop
  endfacet
  facet normal -0.3826834323650875 0.9238795325112876 0
    outer loop
      vertex -38.14 5.842487113059643 0
      vertex -38.07246933262871 5.870459231360939 7.386612204649415
      vertex -38.07246933262871 5.870459231360939 0
    endloop
  endfacet
  facet normal -0.13052619222005393 0.99144486137381 0
    outer loop
      vertex -38.07246933262871 5.870459231360939 0
      vertex -38 5.88 7.380909525217808
      vertex -38 5.88 0
    endloop
  endfacet
  facet normal 0.3826834323650875 0.9238795325112876 0
    outer loop
      vertex -37.92753066737129 5.870459231360939 0
      vertex -37.86 5.842487113059643 7.380909525217808
      vertex -37.86 5.842487113059643 0
    endloop
  endfacet
  facet normal 0.13052619222005393 0.99144486137381 0
    outer loop
      vertex -38 5.88 0
      vertex -37.92753066737129 5.870459231360939 7.386612204649415
      vertex -37.92753066737129 5.870459231360939 0
    endloop
  endfacet
  facet normal 0.6087614290087392 -0.7933533402912211 0
    outer loop
      vertex -37.80201010126777 5.402010101267766 0
      vertex -37.86 5.3575128869403565 7.380909525217808
      vertex -37.86 5.3575128869403565 0
    endloop
  endfacet
  facet normal 0.7933533402912052 -0.6087614290087596 0
    outer loop
      vertex -37.80201010126777 5.402010101267766 0
      vertex -37.757512886940354 5.46 0
      vertex -37.757512886940354 5.46 7.380909525217808
    endloop
  endfacet
  facet normal 0.923879532511305 -0.38268343236504604 0
    outer loop
      vertex -37.757512886940354 5.46 0
      vertex -37.72954076863906 5.527530667371294 0
      vertex -37.757512886940354 5.46 7.380909525217808
    endloop
  endfacet
  facet normal 0.7933533402912052 0.6087614290087596 0
    outer loop
      vertex -37.757512886940354 5.739999999999999 0
      vertex -37.80201010126777 5.797989898732233 0
      vertex -37.757512886940354 5.739999999999999 7.380909525217808
    endloop
  endfacet
  facet normal 0.9914448613738067 -0.13052619222007938 0
    outer loop
      vertex -37.72954076863906 5.527530667371294 0
      vertex -37.72 5.6 0
      vertex -37.72 5.6 7.380909525217808
    endloop
  endfacet
  facet normal 0.9914448613738067 0.13052619222007938 0
    outer loop
      vertex -37.72 5.6 0
      vertex -37.72954076863906 5.6724693326287055 0
      vertex -37.72 5.6 7.380909525217808
    endloop
  endfacet
  facet normal 0.923879532511305 0.38268343236504604 0
    outer loop
      vertex -37.72954076863906 5.6724693326287055 0
      vertex -37.757512886940354 5.739999999999999 0
      vertex -37.757512886940354 5.739999999999999 7.380909525217808
    endloop
  endfacet
  facet normal 0.6087614290087391 0.7933533402912211 0
    outer loop
      vertex -37.80201010126777 5.797989898732233 0
      vertex -37.86 5.842487113059643 0
      vertex -37.80201010126777 5.797989898732233 7.386612204649416
    endloop
  endfacet
  facet normal -0.9914448613738067 -0.13052619222007938 0
    outer loop
      vertex -38.27045923136094 5.527530667371294 0
      vertex -38.27045923136094 5.527530667371294 7.386612204649416
      vertex -38.28 5.6 7.380909525217808
    endloop
  endfacet
  facet normal -0.9914448613738067 0.13052619222007938 0
    outer loop
      vertex -38.27045923136094 5.6724693326287055 0
      vertex -38.28 5.6 7.380909525217808
      vertex -38.27045923136094 5.6724693326287055 7.386612204649416
    endloop
  endfacet
  facet normal -0.3826834323650875 -0.9238795325112876 0
    outer loop
      vertex -38.07246933262871 5.329540768639061 0
      vertex -38.07246933262871 5.329540768639061 7.386612204649415
      vertex -38.14 5.3575128869403565 7.380909525217808
    endloop
  endfacet
  facet normal -0.13052619222005393 -0.99144486137381 0
    outer loop
      vertex -38 5.319999999999999 0
      vertex -38 5.319999999999999 7.380909525217808
      vertex -38.07246933262871 5.329540768639061 7.386612204649415
    endloop
  endfacet
  facet normal 0.13052619222005393 -0.99144486137381 0
    outer loop
      vertex -37.92753066737129 5.329540768639061 0
      vertex -37.92753066737129 5.329540768639061 7.386612204649415
      vertex -38 5.319999999999999 7.380909525217808
    endloop
  endfacet
  facet normal 0.3826834323650875 -0.9238795325112876 0
    outer loop
      vertex -37.86 5.3575128869403565 0
      vertex -37.86 5.3575128869403565 7.380909525217808
      vertex -37.92753066737129 5.329540768639061 7.386612204649415
    endloop
  endfacet
  facet normal -0.7933533402912052 -0.6087614290087597 0
    outer loop
      vertex -38.19798989873223 5.402010101267766 0
      vertex -38.19798989873223 5.402010101267766 7.386612204649416
      vertex -38.242487113059646 5.46 7.380909525217808
    endloop
  endfacet
  facet normal -0.9238795325113048 -0.38268343236504604 0
    outer loop
      vertex -38.27045923136094 5.527530667371294 0
      vertex -38.242487113059646 5.46 7.380909525217808
      vertex -38.27045923136094 5.527530667371294 7.386612204649416
    endloop
  endfacet
  facet normal -0.6087614290087392 -0.7933533402912211 0
    outer loop
      vertex -38.14 5.3575128869403565 0
      vertex -38.14 5.3575128869403565 7.380909525217808
      vertex -38.19798989873223 5.402010101267766 7.386612204649416
    endloop
  endfacet
  facet normal -0.9238795325113048 0.38268343236504604 0
    outer loop
      vertex -38.27045923136094 5.6724693326287055 0
      vertex -38.27045923136094 5.6724693326287055 7.386612204649416
      vertex -38.242487113059646 5.739999999999999 7.380909525217808
    endloop
  endfacet
  facet normal -0.7933533402912052 0.6087614290087597 0
    outer loop
      vertex -38.19798989873223 5.797989898732233 0
      vertex -38.242487113059646 5.739999999999999 7.380909525217808
      vertex -38.19798989873223 5.797989898732233 7.386612204649416
    endloop
  endfacet
  facet normal -0.6087614290087391 0.7933533402912211 0
    outer loop
      vertex -38.19798989873223 5.797989898732233 0
      vertex -38.19798989873223 5.797989898732233 7.386612204649416
      vertex -38.14 5.842487113059643 7.380909525217808
    endloop
  endfacet
  facet normal -0.3826834323650875 0.9238795325112876 0
    outer loop
      vertex -38.14 5.842487113059643 0
      vertex -38.14 5.842487113059643 7.380909525217808
      vertex -38.07246933262871 5.870459231360939 7.386612204649415
    endloop
  endfacet
  facet normal 0.13052619222005393 0.99144486137381 0
    outer loop
      vertex -38 5.88 0
      vertex -38 5.88 7.380909525217808
      vertex -37.92753066737129 5.870459231360939 7.386612204649415
    endloop
  endfacet
  facet normal -0.13052619222005393 0.99144486137381 0
    outer loop
      vertex -38.07246933262871 5.870459231360939 0
      vertex -38.07246933262871 5.870459231360939 7.386612204649415
      vertex -38 5.88 7.380909525217808
    endloop
  endfacet
  facet normal 0.3826834323650875 0.9238795325112876 0
    outer loop
      vertex -37.92753066737129 5.870459231360939 0
      vertex -37.92753066737129 5.870459231360939 7.386612204649415
      vertex -37.86 5.842487113059643 7.380909525217808
    endloop
  endfacet
  facet normal 0.6087614290087391 -0.7933533402912211 0
    outer loop
      vertex -37.80201010126777 5.402010101267766 0
      vertex -37.80201010126777 5.402010101267766 7.386612204649416
      vertex -37.86 5.3575128869403565 7.380909525217808
    endloop
  endfacet
  facet normal 0.7933533402912052 -0.6087614290087597 0
    outer loop
      vertex -37.80201010126777 5.402010101267766 0
      vertex -37.757512886940354 5.46 7.380909525217808
      vertex -37.80201010126777 5.402010101267766 7.386612204649416
    endloop
  endfacet
  facet normal 0.9238795325113048 -0.38268343236504604 0
    outer loop
      vertex -37.72954076863906 5.527530667371294 0
      vertex -37.72954076863906 5.527530667371294 7.386612204649416
      vertex -37.757512886940354 5.46 7.380909525217808
    endloop
  endfacet
  facet normal 0.9914448613738067 -0.13052619222007938 0
    outer loop
      vertex -37.72954076863906 5.527530667371294 0
      vertex -37.72 5.6 7.380909525217808
      vertex -37.72954076863906 5.527530667371294 7.386612204649416
    endloop
  endfacet
  facet normal 0.9914448613738067 0.13052619222007938 0
    outer loop
      vertex -37.72954076863906 5.6724693326287055 0
      vertex -37.72954076863906 5.6724693326287055 7.386612204649416
      vertex -37.72 5.6 7.380909525217808
    endloop
  endfacet
  facet normal 0.9238795325113048 0.38268343236504604 0
    outer loop
      vertex -37.72954076863906 5.6724693326287055 0
      vertex -37.757512886940354 5.739999999999999 7.380909525217808
      vertex -37.72954076863906 5.6724693326287055 7.386612204649416
    endloop
  endfacet
  facet normal 0.7933533402912052 0.6087614290087597 0
    outer loop
      vertex -37.80201010126777 5.797989898732233 0
      vertex -37.80201010126777 5.797989898732233 7.386612204649416
      vertex -37.757512886940354 5.739999999999999 7.380909525217808
    endloop
  endfacet
  facet normal 0.6087614290087392 0.7933533402912211 0
    outer loop
      vertex -37.86 5.842487113059643 0
      vertex -37.86 5.842487113059643 7.380909525217808
      vertex -37.80201010126777 5.797989898732233 7.386612204649416
    endloop
  endfacet
  facet normal 0 0 -1
    outer loop
      vertex 5.3575128869403565 37.86 0
      vertex 5.329540768639061 37.92753066737129 0
      vertex 5.3575128869403565 38.14 0
    endloop
  endfacet
  facet normal 0 0 -1
    outer loop
      vertex 5.329540768639061 37.92753066737129 0
      vertex 5.319999999999999 38 0
      vertex 5.329540768639061 38.07246933262871 0
    endloop
  endfacet
  facet normal 0 0 -1
    outer loop
      vertex 5.329540768639061 37.92753066737129 0
      vertex 5.329540768639061 38.07246933262871 0
      vertex 5.3575128869403565 38.14 0
    endloop
  endfacet
  facet normal 0 0 -1
    outer loop
      vertex 5.402010101267766 37.80201010126777 0
      vertex 5.3575128869403565 37.86 0
      vertex 5.402010101267766 38.19798989873223 0
    endloop
  endfacet
  facet normal 0 0 -1
    outer loop
      vertex 5.402010101267766 37.80201010126777 0
      vertex 5.46 38.242487113059646 0
      vertex 5.46 37.757512886940354 0
    endloop
  endfacet
  facet normal 0 0 -1
    outer loop
      vertex 5.3575128869403565 37.86 0
      vertex 5.3575128869403565 38.14 0
      vertex 5.402010101267766 38.19798989873223 0
    endloop
  endfacet
  facet normal 0 0 -1
    outer loop
      vertex 5.46 37.757512886940354 0
      vertex 5.527530667371294 38.27045923136094 0
      vertex 5.527530667371294 37.72954076863906 0
    endloop
  endfacet
  facet normal 0 0 -1
    outer loop
      vertex 5.402010101267766 37.80201010126777 0
      vertex 5.402010101267766 38.19798989873223 0
      vertex 5.46 38.242487113059646 0
    endloop
  endfacet
  facet normal 0 0 -1
    outer loop
      vertex 5.46 37.757512886940354 0
      vertex 5.46 38.242487113059646 0
      vertex 5.527530667371294 38.27045923136094 0
    endloop
  endfacet
  facet normal 0 0 -1
    outer loop
      vertex 5.527530667371294 37.72954076863906 0
      vertex 5.527530667371294 38.27045923136094 0
      vertex 5.6 38.28 0
    endloop
  endfacet
  facet normal 0 0 -1
    outer loop
      vertex 5.527530667371294 37.72954076863906 0
      vertex 5.6 38.28 0
      vertex 5.6 37.72 0
    endloop
  endfacet
  facet normal 0 0 -1
    outer loop
      vertex 5.6 37.72 0
      vertex 5.6724693326287055 38.27045923136094 0
      vertex 5.6724693326287055 37.72954076863906 0
    endloop
  endfacet
  facet normal 0 0 -1
    outer loop
      vertex 5.6724693326287055 37.72954076863906 0
      vertex 5.739999999999999 38.242487113059646 0
      vertex 5.739999999999999 37.757512886940354 0
    endloop
  endfacet
  facet normal 0 0 -1
    outer loop
      vertex 5.739999999999999 37.757512886940354 0
      vertex 5.739999999999999 38.242487113059646 0
      vertex 5.797989898732233 38.19798989873223 0
    endloop
  endfacet
  facet normal 0 0 -1
    outer loop
      vertex 5.6 37.72 0
      vertex 5.6 38.28 0
      vertex 5.6724693326287055 38.27045923136094 0
    endloop
  endfacet
  facet normal 0 0 -1
    outer loop
      vertex 5.6724693326287055 37.72954076863906 0
      vertex 5.6724693326287055 38.27045923136094 0
      vertex 5.739999999999999 38.242487113059646 0
    endloop
  endfacet
  facet normal 0 0 -1
    outer loop
      vertex 5.739999999999999 37.757512886940354 0
      vertex 5.797989898732233 38.19798989873223 0
      vertex 5.797989898732233 37.80201010126777 0
    endloop
  endfacet
  facet normal 0 0 -1
    outer loop
      vertex 5.797989898732233 37.80201010126777 0
      vertex 5.842487113059643 38.14 0
      vertex 5.842487113059643 37.86 0
    endloop
  endfacet
  facet normal 0 0 -1
    outer loop
      vertex 5.842487113059643 37.86 0
      vertex 5.870459231360939 38.07246933262871 0
      vertex 5.870459231360939 37.92753066737129 0
    endloop
  endfacet
  facet normal 0 0 -1
    outer loop
      vertex 5.842487113059643 37.86 0
      vertex 5.842487113059643 38.14 0
      vertex 5.870459231360939 38.07246933262871 0
    endloop
  endfacet
  facet normal 0 0 -1
    outer loop
      vertex 5.797989898732233 37.80201010126777 0
      vertex 5.797989898732233 38.19798989873223 0
      vertex 5.842487113059643 38.14 0
    endloop
  endfacet
  facet normal 0 0 -1
    outer loop
      vertex 5.870459231360939 37.92753066737129 0
      vertex 5.870459231360939 38.07246933262871 0
      vertex 5.88 38 0
    endloop
  endfacet
  facet normal -0.7933533402912211 -0.6087614290087392 0
    outer loop
      vertex 5.402010101267766 37.80201010126777 0
      vertex 5.3575128869403565 37.86 7.380909525217808
      vertex 5.3575128869403565 37.86 0
    endloop
  endfacet
  facet normal -0.6087614290087596 -0.7933533402912052 0
    outer loop
      vertex 5.402010101267766 37.80201010126777 0
      vertex 5.46 37.757512886940354 0
      vertex 5.46 37.757512886940354 7.380909525217808
    endloop
  endfacet
  facet normal -0.38268343236504604 -0.923879532511305 0
    outer loop
      vertex 5.46 37.757512886940354 0
      vertex 5.527530667371294 37.72954076863906 0
      vertex 5.46 37.757512886940354 7.380909525217808
    endloop
  endfacet
  facet normal -0.13052619222007938 -0.9914448613738067 0
    outer loop
      vertex 5.527530667371294 37.72954076863906 0
      vertex 5.6 37.72 0
      vertex 5.6 37.72 7.380909525217808
    endloop
  endfacet
  facet normal 0.13052619222007938 -0.9914448613738067 0
    outer loop
      vertex 5.6 37.72 0
      vertex 5.6724693326287055 37.72954076863906 0
      vertex 5.6 37.72 7.380909525217808
    endloop
  endfacet
  facet normal 0.38268343236504604 -0.923879532511305 0
    outer loop
      vertex 5.6724693326287055 37.72954076863906 0
      vertex 5.739999999999999 37.757512886940354 0
      vertex 5.739999999999999 37.757512886940354 7.380909525217808
    endloop
  endfacet
  facet normal 0.6087614290087596 -0.7933533402912052 0
    outer loop
      vertex 5.739999999999999 37.757512886940354 0
      vertex 5.797989898732233 37.80201010126777 0
      vertex 5.739999999999999 37.757512886940354 7.380909525217808
    endloop
  endfacet
  facet normal 0.7933533402912211 -0.6087614290087391 0
    outer loop
      vertex 5.797989898732233 37.80201010126777 0
      vertex 5.842487113059643 37.86 0
      vertex 5.797989898732233 37.80201010126777 7.386612204649416
    endloop
  endfacet
  facet normal -0.9238795325112876 -0.3826834323650875 0
    outer loop
      vertex 5.3575128869403565 37.86 0
      vertex 5.329540768639061 37.92753066737129 7.386612204649415
      vertex 5.329540768639061 37.92753066737129 0
    endloop
  endfacet
  facet normal -0.99144486137381 -0.13052619222005393 0
    outer loop
      vertex 5.329540768639061 37.92753066737129 0
      vertex 5.319999999999999 38 7.380909525217808
      vertex 5.319999999999999 38 0
    endloop
  endfacet
  facet normal -0.99144486137381 0.13052619222005393 0
    outer loop
      vertex 5.319999999999999 38 0
      vertex 5.329540768639061 38.07246933262871 7.386612204649415
      vertex 5.329540768639061 38.07246933262871 0
    endloop
  endfacet
  facet normal -0.9238795325112876 0.3826834323650875 0
    outer loop
      vertex 5.329540768639061 38.07246933262871 0
      vertex 5.3575128869403565 38.14 7.380909525217808
      vertex 5.3575128869403565 38.14 0
    endloop
  endfacet
  facet normal -0.7933533402912211 0.6087614290087391 0
    outer loop
      vertex 5.3575128869403565 38.14 0
      vertex 5.402010101267766 38.19798989873223 7.386612204649416
      vertex 5.402010101267766 38.19798989873223 0
    endloop
  endfacet
  facet normal -0.6087614290087596 0.7933533402912052 0
    outer loop
      vertex 5.402010101267766 38.19798989873223 0
      vertex 5.46 38.242487113059646 7.380909525217808
      vertex 5.46 38.242487113059646 0
    endloop
  endfacet
  facet normal -0.38268343236504604 0.923879532511305 0
    outer loop
      vertex 5.46 38.242487113059646 0
      vertex 5.46 38.242487113059646 7.380909525217808
      vertex 5.527530667371294 38.27045923136094 0
    endloop
  endfacet
  facet normal 0.38268343236504604 0.923879532511305 0
    outer loop
      vertex 5.6724693326287055 38.27045923136094 0
      vertex 5.739999999999999 38.242487113059646 7.380909525217808
      vertex 5.739999999999999 38.242487113059646 0
    endloop
  endfacet
  facet normal 0.6087614290087596 0.7933533402912052 0
    outer loop
      vertex 5.739999999999999 38.242487113059646 0
      vertex 5.739999999999999 38.242487113059646 7.380909525217808
      vertex 5.797989898732233 38.19798989873223 0
    endloop
  endfacet
  facet normal -0.13052619222007938 0.9914448613738067 0
    outer loop
      vertex 5.527530667371294 38.27045923136094 0
      vertex 5.6 38.28 7.380909525217808
      vertex 5.6 38.28 0
    endloop
  endfacet
  facet normal 0.13052619222007938 0.9914448613738067 0
    outer loop
      vertex 5.6724693326287055 38.27045923136094 0
      vertex 5.6 38.28 0
      vertex 5.6 38.28 7.380909525217808
    endloop
  endfacet
  facet normal 0.9238795325112876 -0.3826834323650875 0
    outer loop
      vertex 5.842487113059643 37.86 0
      vertex 5.870459231360939 37.92753066737129 0
      vertex 5.842487113059643 37.86 7.380909525217808
    endloop
  endfacet
  facet normal 0.99144486137381 -0.13052619222005393 0
    outer loop
      vertex 5.870459231360939 37.92753066737129 0
      vertex 5.88 38 0
      vertex 5.870459231360939 37.92753066737129 7.386612204649415
    endloop
  endfacet
  facet normal 0.99144486137381 0.13052619222005393 0
    outer loop
      vertex 5.88 38 0
      vertex 5.870459231360939 38.07246933262871 0
      vertex 5.88 38 7.380909525217808
    endloop
  endfacet
  facet normal 0.7933533402912211 0.6087614290087392 0
    outer loop
      vertex 5.842487113059643 38.14 0
      vertex 5.797989898732233 38.19798989873223 0
      vertex 5.842487113059643 38.14 7.380909525217808
    endloop
  endfacet
  facet normal 0.9238795325112876 0.3826834323650875 0
    outer loop
      vertex 5.842487113059643 38.14 0
      vertex 5.870459231360939 38.07246933262871 7.386612204649415
      vertex 5.870459231360939 38.07246933262871 0
    endloop
  endfacet
  facet normal -0.7933533402912211 -0.6087614290087391 0
    outer loop
      vertex 5.402010101267766 37.80201010126777 0
      vertex 5.402010101267766 37.80201010126777 7.386612204649416
      vertex 5.3575128869403565 37.86 7.380909525217808
    endloop
  endfacet
  facet normal -0.6087614290087597 -0.7933533402912052 0
    outer loop
      vertex 5.402010101267766 37.80201010126777 0
      vertex 5.46 37.757512886940354 7.380909525217808
      vertex 5.402010101267766 37.80201010126777 7.386612204649416
    endloop
  endfacet
  facet normal -0.38268343236504604 -0.9238795325113048 0
    outer loop
      vertex 5.527530667371294 37.72954076863906 0
      vertex 5.527530667371294 37.72954076863906 7.386612204649416
      vertex 5.46 37.757512886940354 7.380909525217808
    endloop
  endfacet
  facet normal -0.13052619222007938 -0.9914448613738067 0
    outer loop
      vertex 5.527530667371294 37.72954076863906 0
      vertex 5.6 37.72 7.380909525217808
      vertex 5.527530667371294 37.72954076863906 7.386612204649416
    endloop
  endfacet
  facet normal 0.13052619222007938 -0.9914448613738067 0
    outer loop
      vertex 5.6724693326287055 37.72954076863906 0
      vertex 5.6724693326287055 37.72954076863906 7.386612204649416
      vertex 5.6 37.72 7.380909525217808
    endloop
  endfacet
  facet normal 0.38268343236504604 -0.9238795325113048 0
    outer loop
      vertex 5.6724693326287055 37.72954076863906 0
      vertex 5.739999999999999 37.757512886940354 7.380909525217808
      vertex 5.6724693326287055 37.72954076863906 7.386612204649416
    endloop
  endfacet
  facet normal 0.6087614290087597 -0.7933533402912052 0
    outer loop
      vertex 5.797989898732233 37.80201010126777 0
      vertex 5.797989898732233 37.80201010126777 7.386612204649416
      vertex 5.739999999999999 37.757512886940354 7.380909525217808
    endloop
  endfacet
  facet normal 0.7933533402912211 -0.6087614290087392 0
    outer loop
      vertex 5.842487113059643 37.86 0
      vertex 5.842487113059643 37.86 7.380909525217808
      vertex 5.797989898732233 37.80201010126777 7.386612204649416
    endloop
  endfacet
  facet normal -0.99144486137381 -0.13052619222005393 0
    outer loop
      vertex 5.329540768639061 37.92753066737129 0
      vertex 5.329540768639061 37.92753066737129 7.386612204649415
      vertex 5.319999999999999 38 7.380909525217808
    endloop
  endfacet
  facet normal -0.9238795325112876 -0.3826834323650875 0
    outer loop
      vertex 5.3575128869403565 37.86 0
      vertex 5.3575128869403565 37.86 7.380909525217808
      vertex 5.329540768639061 37.92753066737129 7.386612204649415
    endloop
  endfacet
  facet normal -0.99144486137381 0.13052619222005393 0
    outer loop
      vertex 5.319999999999999 38 0
      vertex 5.319999999999999 38 7.380909525217808
      vertex 5.329540768639061 38.07246933262871 7.386612204649415
    endloop
  endfacet
  facet normal -0.9238795325112876 0.3826834323650875 0
    outer loop
      vertex 5.329540768639061 38.07246933262871 0
      vertex 5.329540768639061 38.07246933262871 7.386612204649415
      vertex 5.3575128869403565 38.14 7.380909525217808
    endloop
  endfacet
  facet normal -0.7933533402912211 0.6087614290087392 0
    outer loop
      vertex 5.3575128869403565 38.14 0
      vertex 5.3575128869403565 38.14 7.380909525217808
      vertex 5.402010101267766 38.19798989873223 7.386612204649416
    endloop
  endfacet
  facet normal -0.6087614290087597 0.7933533402912052 0
    outer loop
      vertex 5.402010101267766 38.19798989873223 0
      vertex 5.402010101267766 38.19798989873223 7.386612204649416
      vertex 5.46 38.242487113059646 7.380909525217808
    endloop
  endfacet
  facet normal -0.38268343236504604 0.9238795325113048 0
    outer loop
      vertex 5.527530667371294 38.27045923136094 0
      vertex 5.46 38.242487113059646 7.380909525217808
      vertex 5.527530667371294 38.27045923136094 7.386612204649416
    endloop
  endfacet
  facet normal 0.38268343236504604 0.9238795325113048 0
    outer loop
      vertex 5.6724693326287055 38.27045923136094 0
      vertex 5.6724693326287055 38.27045923136094 7.386612204649416
      vertex 5.739999999999999 38.242487113059646 7.380909525217808
    endloop
  endfacet
  facet normal -0.13052619222007938 0.9914448613738067 0
    outer loop
      vertex 5.527530667371294 38.27045923136094 0
      vertex 5.527530667371294 38.27045923136094 7.386612204649416
      vertex 5.6 38.28 7.380909525217808
    endloop
  endfacet
  facet normal 0.13052619222007938 0.9914448613738067 0
    outer loop
      vertex 5.6724693326287055 38.27045923136094 0
      vertex 5.6 38.28 7.380909525217808
      vertex 5.6724693326287055 38.27045923136094 7.386612204649416
    endloop
  endfacet
  facet normal 0.9238795325112876 -0.3826834323650875 0
    outer loop
      vertex 5.870459231360939 37.92753066737129 0
      vertex 5.870459231360939 37.92753066737129 7.386612204649415
      vertex 5.842487113059643 37.86 7.380909525217808
    endloop
  endfacet
  facet normal 0.99144486137381 -0.13052619222005393 0
    outer loop
      vertex 5.88 38 0
      vertex 5.88 38 7.380909525217808
      vertex 5.870459231360939 37.92753066737129 7.386612204649415
    endloop
  endfacet
  facet normal 0.99144486137381 0.13052619222005393 0
    outer loop
      vertex 5.870459231360939 38.07246933262871 0
      vertex 5.870459231360939 38.07246933262871 7.386612204649415
      vertex 5.88 38 7.380909525217808
    endloop
  endfacet
  facet normal 0.9238795325112876 0.3826834323650875 0
    outer loop
      vertex 5.842487113059643 38.14 0
      vertex 5.842487113059643 38.14 7.380909525217808
      vertex 5.870459231360939 38.07246933262871 7.386612204649415
    endloop
  endfacet
  facet normal 0.6087614290087597 0.7933533402912052 0
    outer loop
      vertex 5.797989898732233 38.19798989873223 0
      vertex 5.739999999999999 38.242487113059646 7.380909525217808
      vertex 5.797989898732233 38.19798989873223 7.386612204649416
    endloop
  endfacet
  facet normal 0.7933533402912211 0.6087614290087391 0
    outer loop
      vertex 5.797989898732233 38.19798989873223 0
      vertex 5.797989898732233 38.19798989873223 7.386612204649416
      vertex 5.842487113059643 38.14 7.380909525217808
    endloop
  endfacet
  facet normal -0.36278404373895645 -0.3627840437389886 -0.8583562635740469
    outer loop
      vertex 37.80201010126777 -5.797989898732233 7.386612204649416
      vertex 37.57133929501294 -5.847487373415292 7.505025253169417
      vertex 37.757512886940354 -5.739999999999999 7.380909525217808
    endloop
  endfacet
  facet normal -0.36278404373898443 -0.36278404373896594 -0.8583562635740446
    outer loop
      vertex 37.80201010126777 -5.797989898732233 7.386612204649416
      vertex 37.86 -5.842487113059643 7.380909525217808
      vertex 37.75251262658471 -6.028660704987056 7.505025253169417
    endloop
  endfacet
  facet normal -0.13278817609611607 -0.49557221983507677 -0.8583562635740483
    outer loop
      vertex 37.86 -5.842487113059643 7.380909525217808
      vertex 37.92753066737129 -5.870459231360939 7.386612204649415
      vertex 37.75251262658471 -6.028660704987056 7.505025253169417
    endloop
  endfacet
  facet normal -0.4955722198350751 0.13278817609612262 -0.8583562635740484
    outer loop
      vertex 37.72 -5.6 7.380909525217808
      vertex 37.505025253169414 -5.6 7.505025253169417
      vertex 37.72954076863906 -5.527530667371294 7.386612204649416
    endloop
  endfacet
  facet normal -0.4955722198350751 -0.13278817609612262 -0.8583562635740484
    outer loop
      vertex 37.72954076863906 -5.6724693326287055 7.386612204649416
      vertex 37.505025253169414 -5.6 7.505025253169417
      vertex 37.72 -5.6 7.380909525217808
    endloop
  endfacet
  facet normal -0.49557221983508903 -0.13278817609608395 -0.8583562635740463
    outer loop
      vertex 37.72954076863906 -5.6724693326287055 7.386612204649416
      vertex 37.757512886940354 -5.739999999999999 7.380909525217808
      vertex 37.57133929501294 -5.847487373415292 7.505025253169417
    endloop
  endfacet
  facet normal -0.49557221983506605 0.13278817609607316 -0.8583562635740611
    outer loop
      vertex 37.757512886940354 -5.46 7.380909525217808
      vertex 37.72954076863906 -5.527530667371294 7.386612204649416
      vertex 37.505025253169414 -5.6 7.505025253169417
    endloop
  endfacet
  facet normal -0.36278404373895645 0.3627840437389886 -0.8583562635740469
    outer loop
      vertex 37.757512886940354 -5.46 7.380909525217808
      vertex 37.57133929501294 -5.352512626584708 7.505025253169417
      vertex 37.80201010126777 -5.402010101267766 7.386612204649416
    endloop
  endfacet
  facet normal -0.36278404373898443 0.36278404373896594 -0.8583562635740446
    outer loop
      vertex 37.80201010126777 -5.402010101267766 7.386612204649416
      vertex 37.75251262658471 -5.1713392950129435 7.505025253169417
      vertex 37.86 -5.3575128869403565 7.380909525217808
    endloop
  endfacet
  facet normal -0.13278817609611607 0.49557221983507677 -0.8583562635740483
    outer loop
      vertex 37.86 -5.3575128869403565 7.380909525217808
      vertex 37.75251262658471 -5.1713392950129435 7.505025253169417
      vertex 37.92753066737129 -5.329540768639061 7.386612204649415
    endloop
  endfacet
  facet normal -0.36278404373896156 -0.36278404373897405 -0.8583562635740508
    outer loop
      vertex 37.80201010126777 -5.797989898732233 7.386612204649416
      vertex 37.75251262658471 -6.028660704987056 7.505025253169417
      vertex 37.57133929501294 -5.847487373415292 7.505025253169417
    endloop
  endfacet
  facet normal -0.4955722198350717 -0.1327881760961042 -0.8583562635740531
    outer loop
      vertex 37.72954076863906 -5.6724693326287055 7.386612204649416
      vertex 37.57133929501294 -5.847487373415292 7.505025253169417
      vertex 37.505025253169414 -5.6 7.505025253169417
    endloop
  endfacet
  facet normal -0.4955722198350782 0.13278817609610594 -0.8583562635740491
    outer loop
      vertex 37.757512886940354 -5.46 7.380909525217808
      vertex 37.505025253169414 -5.6 7.505025253169417
      vertex 37.57133929501294 -5.352512626584708 7.505025253169417
    endloop
  endfacet
  facet normal -0.36278404373896156 0.36278404373897405 -0.8583562635740508
    outer loop
      vertex 37.80201010126777 -5.402010101267766 7.386612204649416
      vertex 37.57133929501294 -5.352512626584708 7.505025253169417
      vertex 37.75251262658471 -5.1713392950129435 7.505025253169417
    endloop
  endfacet
  facet normal -0.13278817609609897 -0.4955722198350797 -0.8583562635740493
    outer loop
      vertex 37.92753066737129 -5.870459231360939 7.386612204649415
      vertex 38 -5.88 7.380909525217808
      vertex 38 -6.094974746830583 7.505025253169417
    endloop
  endfacet
  facet normal 0.132788176096099 -0.4955722198350798 -0.8583562635740493
    outer loop
      vertex 38 -5.88 7.380909525217808
      vertex 38.07246933262871 -5.870459231360939 7.386612204649415
      vertex 38 -6.094974746830583 7.505025253169417
    endloop
  endfacet
  facet normal 0.13278817609611607 -0.49557221983507677 -0.8583562635740483
    outer loop
      vertex 38.07246933262871 -5.870459231360939 7.386612204649415
      vertex 38.14 -5.842487113059643 7.380909525217808
      vertex 38.24748737341529 -6.028660704987056 7.505025253169417
    endloop
  endfacet
  facet normal 0.36278404373898443 -0.36278404373896583 -0.8583562635740445
    outer loop
      vertex 38.14 -5.842487113059643 7.380909525217808
      vertex 38.19798989873223 -5.797989898732233 7.386612204649416
      vertex 38.24748737341529 -6.028660704987056 7.505025253169417
    endloop
  endfacet
  facet normal 0.36278404373895645 -0.3627840437389886 -0.8583562635740469
    outer loop
      vertex 38.19798989873223 -5.797989898732233 7.386612204649416
      vertex 38.242487113059646 -5.739999999999999 7.380909525217808
      vertex 38.42866070498706 -5.847487373415292 7.505025253169417
    endloop
  endfacet
  facet normal -0.13278817609609897 0.4955722198350797 -0.8583562635740493
    outer loop
      vertex 37.92753066737129 -5.329540768639061 7.386612204649415
      vertex 38 -5.1050252531694165 7.505025253169417
      vertex 38 -5.319999999999999 7.380909525217808
    endloop
  endfacet
  facet normal 0.132788176096099 0.4955722198350798 -0.8583562635740493
    outer loop
      vertex 38 -5.319999999999999 7.380909525217808
      vertex 38 -5.1050252531694165 7.505025253169417
      vertex 38.07246933262871 -5.329540768639061 7.386612204649415
    endloop
  endfacet
  facet normal 0.13278817609611607 0.49557221983507677 -0.8583562635740483
    outer loop
      vertex 38.14 -5.3575128869403565 7.380909525217808
      vertex 38.07246933262871 -5.329540768639061 7.386612204649415
      vertex 38.24748737341529 -5.1713392950129435 7.505025253169417
    endloop
  endfacet
  facet normal 0.36278404373898443 0.36278404373896583 -0.8583562635740445
    outer loop
      vertex 38.14 -5.3575128869403565 7.380909525217808
      vertex 38.24748737341529 -5.1713392950129435 7.505025253169417
      vertex 38.19798989873223 -5.402010101267766 7.386612204649416
    endloop
  endfacet
  facet normal 0.49557221983508903 -0.13278817609608395 -0.8583562635740463
    outer loop
      vertex 38.27045923136094 -5.6724693326287055 7.386612204649416
      vertex 38.42866070498706 -5.847487373415292 7.505025253169417
      vertex 38.242487113059646 -5.739999999999999 7.380909525217808
    endloop
  endfacet
  facet normal 0.4955722198350751 0.13278817609612262 -0.8583562635740484
    outer loop
      vertex 38.27045923136094 -5.527530667371294 7.386612204649416
      vertex 38.494974746830586 -5.6 7.505025253169417
      vertex 38.28 -5.6 7.380909525217808
    endloop
  endfacet
  facet normal 0.4955722198350751 -0.13278817609612262 -0.8583562635740484
    outer loop
      vertex 38.27045923136094 -5.6724693326287055 7.386612204649416
      vertex 38.28 -5.6 7.380909525217808
      vertex 38.494974746830586 -5.6 7.505025253169417
    endloop
  endfacet
  facet normal 0.36278404373895645 0.3627840437389886 -0.8583562635740469
    outer loop
      vertex 38.242487113059646 -5.46 7.380909525217808
      vertex 38.19798989873223 -5.402010101267766 7.386612204649416
      vertex 38.42866070498706 -5.352512626584708 7.505025253169417
    endloop
  endfacet
  facet normal 0.49557221983508903 0.13278817609608395 -0.8583562635740463
    outer loop
      vertex 38.242487113059646 -5.46 7.380909525217808
      vertex 38.42866070498706 -5.352512626584708 7.505025253169417
      vertex 38.27045923136094 -5.527530667371294 7.386612204649416
    endloop
  endfacet
  facet normal -0.13278817609611016 -0.49557221983508176 -0.8583562635740464
    outer loop
      vertex 37.75251262658471 -6.028660704987056 7.505025253169417
      vertex 37.92753066737129 -5.870459231360939 7.386612204649415
      vertex 38 -6.094974746830583 7.505025253169417
    endloop
  endfacet
  facet normal 0.13278817609611016 -0.49557221983508176 -0.8583562635740464
    outer loop
      vertex 38.07246933262871 -5.870459231360939 7.386612204649415
      vertex 38.24748737341529 -6.028660704987056 7.505025253169417
      vertex 38 -6.094974746830583 7.505025253169417
    endloop
  endfacet
  facet normal 0.36278404373896156 -0.36278404373897405 -0.8583562635740508
    outer loop
      vertex 38.19798989873223 -5.797989898732233 7.386612204649416
      vertex 38.42866070498706 -5.847487373415292 7.505025253169417
      vertex 38.24748737341529 -6.028660704987056 7.505025253169417
    endloop
  endfacet
  facet normal -0.13278817609611016 0.49557221983508176 -0.8583562635740464
    outer loop
      vertex 37.75251262658471 -5.1713392950129435 7.505025253169417
      vertex 38 -5.1050252531694165 7.505025253169417
      vertex 37.92753066737129 -5.329540768639061 7.386612204649415
    endloop
  endfacet
  facet normal 0.13278817609611016 0.49557221983508176 -0.8583562635740464
    outer loop
      vertex 38.07246933262871 -5.329540768639061 7.386612204649415
      vertex 38 -5.1050252531694165 7.505025253169417
      vertex 38.24748737341529 -5.1713392950129435 7.505025253169417
    endloop
  endfacet
  facet normal 0.4955722198350717 -0.1327881760961042 -0.8583562635740531
    outer loop
      vertex 38.27045923136094 -5.6724693326287055 7.386612204649416
      vertex 38.494974746830586 -5.6 7.505025253169417
      vertex 38.42866070498706 -5.847487373415292 7.505025253169417
    endloop
  endfacet
  facet normal 0.4955722198350717 0.1327881760961042 -0.8583562635740531
    outer loop
      vertex 38.27045923136094 -5.527530667371294 7.386612204649416
      vertex 38.42866070498706 -5.352512626584708 7.505025253169417
      vertex 38.494974746830586 -5.6 7.505025253169417
    endloop
  endfacet
  facet normal 0.36278404373896156 0.36278404373897405 -0.8583562635740508
    outer loop
      vertex 38.19798989873223 -5.402010101267766 7.386612204649416
      vertex 38.24748737341529 -5.1713392950129435 7.505025253169417
      vertex 38.42866070498706 -5.352512626584708 7.505025253169417
    endloop
  endfacet
  facet normal -0.6175653985824818 -0.6175653985825031 -0.48705847384815554
    outer loop
      vertex 37.57133929501294 -5.847487373415292 7.505025253169417
      vertex 37.75251262658471 -6.028660704987056 7.505025253169417
      vertex 37.661925960798825 -6.185561412616465 7.818826668428235
    endloop
  endfacet
  facet normal -0.843610022961954 -0.2260446243794639 -0.4870584738481391
    outer loop
      vertex 37.57133929501294 -5.847487373415292 7.505025253169417
      vertex 37.414438587383536 -5.938074039201173 7.818826668428235
      vertex 37.32385192159765 -5.6 7.818826668428235
    endloop
  endfacet
  facet normal -0.6175653985825016 -0.6175653985824949 -0.48705847384814116
    outer loop
      vertex 37.57133929501294 -5.847487373415292 7.505025253169417
      vertex 37.661925960798825 -6.185561412616465 7.818826668428235
      vertex 37.414438587383536 -5.938074039201173 7.818826668428235
    endloop
  endfacet
  facet normal -0.22604462437945538 -0.8436100229619494 -0.4870584738481512
    outer loop
      vertex 37.75251262658471 -6.028660704987056 7.505025253169417
      vertex 38 -6.276148078402348 7.818826668428235
      vertex 37.661925960798825 -6.185561412616465 7.818826668428235
    endloop
  endfacet
  facet normal -0.8436100229619526 -0.2260446243794526 -0.48705847384814693
    outer loop
      vertex 37.57133929501294 -5.847487373415292 7.505025253169417
      vertex 37.32385192159765 -5.6 7.818826668428235
      vertex 37.505025253169414 -5.6 7.505025253169417
    endloop
  endfacet
  facet normal -0.8436100229619526 0.2260446243794526 -0.48705847384814693
    outer loop
      vertex 37.505025253169414 -5.6 7.505025253169417
      vertex 37.32385192159765 -5.6 7.818826668428235
      vertex 37.57133929501294 -5.352512626584708 7.505025253169417
    endloop
  endfacet
  facet normal -0.6175653985824818 0.6175653985825031 -0.48705847384815554
    outer loop
      vertex 37.57133929501294 -5.352512626584708 7.505025253169417
      vertex 37.661925960798825 -5.014438587383534 7.818826668428235
      vertex 37.75251262658471 -5.1713392950129435 7.505025253169417
    endloop
  endfacet
  facet normal -0.843610022961954 0.2260446243794639 -0.4870584738481391
    outer loop
      vertex 37.57133929501294 -5.352512626584708 7.505025253169417
      vertex 37.32385192159765 -5.6 7.818826668428235
      vertex 37.414438587383536 -5.261925960798826 7.818826668428235
    endloop
  endfacet
  facet normal -0.6175653985825016 0.6175653985824949 -0.48705847384814116
    outer loop
      vertex 37.57133929501294 -5.352512626584708 7.505025253169417
      vertex 37.414438587383536 -5.261925960798826 7.818826668428235
      vertex 37.661925960798825 -5.014438587383534 7.818826668428235
    endloop
  endfacet
  facet normal -0.22604462437945538 0.8436100229619494 -0.4870584738481512
    outer loop
      vertex 37.75251262658471 -5.1713392950129435 7.505025253169417
      vertex 37.661925960798825 -5.014438587383534 7.818826668428235
      vertex 38 -4.9238519215976515 7.818826668428235
    endloop
  endfacet
  facet normal -0.22604462437945722 -0.8436100229619495 -0.4870584738481499
    outer loop
      vertex 37.75251262658471 -6.028660704987056 7.505025253169417
      vertex 38 -6.094974746830583 7.505025253169417
      vertex 38 -6.276148078402348 7.818826668428235
    endloop
  endfacet
  facet normal 0.22604462437945722 -0.8436100229619495 -0.4870584738481499
    outer loop
      vertex 38 -6.094974746830583 7.505025253169417
      vertex 38.24748737341529 -6.028660704987056 7.505025253169417
      vertex 38 -6.276148078402348 7.818826668428235
    endloop
  endfacet
  facet normal 0.6175653985824818 -0.6175653985825031 -0.48705847384815554
    outer loop
      vertex 38.24748737341529 -6.028660704987056 7.505025253169417
      vertex 38.42866070498706 -5.847487373415292 7.505025253169417
      vertex 38.338074039201175 -6.185561412616465 7.818826668428235
    endloop
  endfacet
  facet normal 0.22604462437945538 -0.8436100229619494 -0.4870584738481512
    outer loop
      vertex 38.24748737341529 -6.028660704987056 7.505025253169417
      vertex 38.338074039201175 -6.185561412616465 7.818826668428235
      vertex 38 -6.276148078402348 7.818826668428235
    endloop
  endfacet
  facet normal 0.6175653985825016 -0.6175653985824949 -0.48705847384814116
    outer loop
      vertex 38.42866070498706 -5.847487373415292 7.505025253169417
      vertex 38.585561412616464 -5.938074039201173 7.818826668428235
      vertex 38.338074039201175 -6.185561412616465 7.818826668428235
    endloop
  endfacet
  facet normal 0.843610022961954 -0.2260446243794639 -0.4870584738481391
    outer loop
      vertex 38.42866070498706 -5.847487373415292 7.505025253169417
      vertex 38.67614807840235 -5.6 7.818826668428235
      vertex 38.585561412616464 -5.938074039201173 7.818826668428235
    endloop
  endfacet
  facet normal -0.22604462437945722 0.8436100229619495 -0.4870584738481499
    outer loop
      vertex 37.75251262658471 -5.1713392950129435 7.505025253169417
      vertex 38 -4.9238519215976515 7.818826668428235
      vertex 38 -5.1050252531694165 7.505025253169417
    endloop
  endfacet
  facet normal 0.22604462437945722 0.8436100229619495 -0.4870584738481499
    outer loop
      vertex 38 -5.1050252531694165 7.505025253169417
      vertex 38 -4.9238519215976515 7.818826668428235
      vertex 38.24748737341529 -5.1713392950129435 7.505025253169417
    endloop
  endfacet
  facet normal 0.8436100229619526 -0.2260446243794526 -0.48705847384814693
    outer loop
      vertex 38.42866070498706 -5.847487373415292 7.505025253169417
      vertex 38.494974746830586 -5.6 7.505025253169417
      vertex 38.67614807840235 -5.6 7.818826668428235
    endloop
  endfacet
  facet normal 0.8436100229619526 0.2260446243794526 -0.48705847384814693
    outer loop
      vertex 38.42866070498706 -5.352512626584708 7.505025253169417
      vertex 38.67614807840235 -5.6 7.818826668428235
      vertex 38.494974746830586 -5.6 7.505025253169417
    endloop
  endfacet
  facet normal 0.6175653985824818 0.6175653985825031 -0.48705847384815554
    outer loop
      vertex 38.24748737341529 -5.1713392950129435 7.505025253169417
      vertex 38.338074039201175 -5.014438587383534 7.818826668428235
      vertex 38.42866070498706 -5.352512626584708 7.505025253169417
    endloop
  endfacet
  facet normal 0.22604462437945538 0.8436100229619494 -0.4870584738481512
    outer loop
      vertex 38.24748737341529 -5.1713392950129435 7.505025253169417
      vertex 38 -4.9238519215976515 7.818826668428235
      vertex 38.338074039201175 -5.014438587383534 7.818826668428235
    endloop
  endfacet
  facet normal 0.843610022961954 0.2260446243794639 -0.4870584738481391
    outer loop
      vertex 38.42866070498706 -5.352512626584708 7.505025253169417
      vertex 38.585561412616464 -5.261925960798826 7.818826668428235
      vertex 38.67614807840235 -5.6 7.818826668428235
    endloop
  endfacet
  facet normal 0.6175653985825016 0.6175653985824949 -0.48705847384814116
    outer loop
      vertex 38.42866070498706 -5.352512626584708 7.505025253169417
      vertex 38.338074039201175 -5.014438587383534 7.818826668428235
      vertex 38.585561412616464 -5.261925960798826 7.818826668428235
    endloop
  endfacet
  facet normal -0.9659258262890661 -0.25881904510252857 0
    outer loop
      vertex 37.414438587383536 -5.938074039201173 7.818826668428235
      vertex 37.414438587383536 -5.938074039201173 8.181173331571765
      vertex 37.32385192159765 -5.6 7.818826668428235
    endloop
  endfacet
  facet normal -0.25881904510252085 -0.9659258262890682 0
    outer loop
      vertex 37.661925960798825 -6.185561412616465 7.818826668428235
      vertex 38 -6.276148078402348 7.818826668428235
      vertex 37.661925960798825 -6.185561412616465 8.181173331571765
    endloop
  endfacet
  facet normal -0.7071067811865513 -0.7071067811865437 0
    outer loop
      vertex 37.414438587383536 -5.938074039201173 7.818826668428235
      vertex 37.661925960798825 -6.185561412616465 7.818826668428235
      vertex 37.414438587383536 -5.938074039201173 8.181173331571765
    endloop
  endfacet
  facet normal -0.9659258262890661 0.25881904510252857 0
    outer loop
      vertex 37.32385192159765 -5.6 7.818826668428235
      vertex 37.32385192159765 -5.6 8.181173331571765
      vertex 37.414438587383536 -5.261925960798826 7.818826668428235
    endloop
  endfacet
  facet normal -0.7071067811865513 0.7071067811865437 0
    outer loop
      vertex 37.414438587383536 -5.261925960798826 7.818826668428235
      vertex 37.661925960798825 -5.014438587383534 8.181173331571765
      vertex 37.661925960798825 -5.014438587383534 7.818826668428235
    endloop
  endfacet
  facet normal -0.7071067811865513 -0.7071067811865437 0
    outer loop
      vertex 37.661925960798825 -6.185561412616465 7.818826668428235
      vertex 37.661925960798825 -6.185561412616465 8.181173331571765
      vertex 37.414438587383536 -5.938074039201173 8.181173331571765
    endloop
  endfacet
  facet normal -0.9659258262890661 -0.25881904510252857 0
    outer loop
      vertex 37.32385192159765 -5.6 7.818826668428235
      vertex 37.414438587383536 -5.938074039201173 8.181173331571765
      vertex 37.32385192159765 -5.6 8.181173331571765
    endloop
  endfacet
  facet normal -0.9659258262890661 0.25881904510252857 0
    outer loop
      vertex 37.414438587383536 -5.261925960798826 7.818826668428235
      vertex 37.32385192159765 -5.6 8.181173331571765
      vertex 37.414438587383536 -5.261925960798826 8.181173331571765
    endloop
  endfacet
  facet normal -0.7071067811865513 0.7071067811865437 0
    outer loop
      vertex 37.414438587383536 -5.261925960798826 7.818826668428235
      vertex 37.414438587383536 -5.261925960798826 8.181173331571765
      vertex 37.661925960798825 -5.014438587383534 8.181173331571765
    endloop
  endfacet
  facet normal -0.25881904510252085 0.9659258262890682 0
    outer loop
      vertex 37.661925960798825 -5.014438587383534 7.818826668428235
      vertex 37.661925960798825 -5.014438587383534 8.181173331571765
      vertex 38 -4.9238519215976515 8.181173331571765
    endloop
  endfacet
  facet normal 0.25881904510252085 -0.9659258262890682 0
    outer loop
      vertex 38 -6.276148078402348 7.818826668428235
      vertex 38.338074039201175 -6.185561412616465 7.818826668428235
      vertex 38 -6.276148078402348 8.181173331571765
    endloop
  endfacet
  facet normal 0.7071067811865513 -0.7071067811865437 0
    outer loop
      vertex 38.338074039201175 -6.185561412616465 7.818826668428235
      vertex 38.585561412616464 -5.938074039201173 7.818826668428235
      vertex 38.338074039201175 -6.185561412616465 8.181173331571765
    endloop
  endfacet
  facet normal -0.25881904510252085 0.9659258262890682 0
    outer loop
      vertex 37.661925960798825 -5.014438587383534 7.818826668428235
      vertex 38 -4.9238519215976515 8.181173331571765
      vertex 38 -4.9238519215976515 7.818826668428235
    endloop
  endfacet
  facet normal 0.25881904510252085 0.9659258262890682 0
    outer loop
      vertex 38.338074039201175 -5.014438587383534 7.818826668428235
      vertex 38 -4.9238519215976515 7.818826668428235
      vertex 38.338074039201175 -5.014438587383534 8.181173331571765
    endloop
  endfacet
  facet normal 0.9659258262890661 -0.25881904510252857 0
    outer loop
      vertex 38.585561412616464 -5.938074039201173 7.818826668428235
      vertex 38.67614807840235 -5.6 7.818826668428235
      vertex 38.67614807840235 -5.6 8.181173331571765
    endloop
  endfacet
  facet normal 0.9659258262890661 0.25881904510252857 0
    outer loop
      vertex 38.67614807840235 -5.6 7.818826668428235
      vertex 38.585561412616464 -5.261925960798826 7.818826668428235
      vertex 38.585561412616464 -5.261925960798826 8.181173331571765
    endloop
  endfacet
  facet normal 0.7071067811865513 0.7071067811865437 0
    outer loop
      vertex 38.338074039201175 -5.014438587383534 7.818826668428235
      vertex 38.585561412616464 -5.261925960798826 8.181173331571765
      vertex 38.585561412616464 -5.261925960798826 7.818826668428235
    endloop
  endfacet
  facet normal -0.25881904510252085 -0.9659258262890682 0
    outer loop
      vertex 38 -6.276148078402348 7.818826668428235
      vertex 38 -6.276148078402348 8.181173331571765
      vertex 37.661925960798825 -6.185561412616465 8.181173331571765
    endloop
  endfacet
  facet normal 0.25881904510252085 -0.9659258262890682 0
    outer loop
      vertex 38.338074039201175 -6.185561412616465 7.818826668428235
      vertex 38.338074039201175 -6.185561412616465 8.181173331571765
      vertex 38 -6.276148078402348 8.181173331571765
    endloop
  endfacet
  facet normal 0.7071067811865513 -0.7071067811865437 0
    outer loop
      vertex 38.585561412616464 -5.938074039201173 7.818826668428235
      vertex 38.585561412616464 -5.938074039201173 8.181173331571765
      vertex 38.338074039201175 -6.185561412616465 8.181173331571765
    endloop
  endfacet
  facet normal 0.9659258262890661 -0.25881904510252857 0
    outer loop
      vertex 38.585561412616464 -5.938074039201173 7.818826668428235
      vertex 38.67614807840235 -5.6 8.181173331571765
      vertex 38.585561412616464 -5.938074039201173 8.181173331571765
    endloop
  endfacet
  facet normal 0.25881904510252085 0.9659258262890682 0
    outer loop
      vertex 38 -4.9238519215976515 7.818826668428235
      vertex 38 -4.9238519215976515 8.181173331571765
      vertex 38.338074039201175 -5.014438587383534 8.181173331571765
    endloop
  endfacet
  facet normal 0.9659258262890661 0.25881904510252857 0
    outer loop
      vertex 38.67614807840235 -5.6 7.818826668428235
      vertex 38.585561412616464 -5.261925960798826 8.181173331571765
      vertex 38.67614807840235 -5.6 8.181173331571765
    endloop
  endfacet
  facet normal 0.7071067811865513 0.7071067811865437 0
    outer loop
      vertex 38.338074039201175 -5.014438587383534 7.818826668428235
      vertex 38.338074039201175 -5.014438587383534 8.181173331571765
      vertex 38.585561412616464 -5.261925960798826 8.181173331571765
    endloop
  endfacet
  facet normal -0.8436100229619548 -0.22604462437946402 0.48705847384813816
    outer loop
      vertex 37.414438587383536 -5.938074039201173 8.181173331571765
      vertex 37.57133929501294 -5.847487373415292 8.494974746830584
      vertex 37.32385192159765 -5.6 8.181173331571765
    endloop
  endfacet
  facet normal -0.6175653985825019 -0.6175653985824952 0.48705847384814
    outer loop
      vertex 37.414438587383536 -5.938074039201173 8.181173331571765
      vertex 37.661925960798825 -6.185561412616465 8.181173331571765
      vertex 37.57133929501294 -5.847487373415292 8.494974746830584
    endloop
  endfacet
  facet normal -0.22604462437945547 -0.8436100229619499 0.48705847384815015
    outer loop
      vertex 37.661925960798825 -6.185561412616465 8.181173331571765
      vertex 38 -6.276148078402348 8.181173331571765
      vertex 37.75251262658471 -6.028660704987056 8.494974746830584
    endloop
  endfacet
  facet normal -0.6175653985824823 -0.6175653985825035 0.48705847384815454
    outer loop
      vertex 37.661925960798825 -6.185561412616465 8.181173331571765
      vertex 37.75251262658471 -6.028660704987056 8.494974746830584
      vertex 37.57133929501294 -5.847487373415292 8.494974746830584
    endloop
  endfacet
  facet normal -0.8436100229619548 0.22604462437946402 0.4870584738481382
    outer loop
      vertex 37.32385192159765 -5.6 8.181173331571765
      vertex 37.57133929501294 -5.352512626584708 8.494974746830584
      vertex 37.414438587383536 -5.261925960798826 8.181173331571765
    endloop
  endfacet
  facet normal -0.6175653985824971 0.6175653985824904 0.48705847384815226
    outer loop
      vertex 37.414438587383536 -5.261925960798826 8.181173331571765
      vertex 37.75251262658471 -5.1713392950129435 8.494974746830584
      vertex 37.661925960798825 -5.014438587383534 8.181173331571765
    endloop
  endfacet
  facet normal -0.22604462437945547 0.8436100229619499 0.48705847384815015
    outer loop
      vertex 37.661925960798825 -5.014438587383534 8.181173331571765
      vertex 37.75251262658471 -5.1713392950129435 8.494974746830584
      vertex 38 -4.9238519215976515 8.181173331571765
    endloop
  endfacet
  facet normal -0.8436100229619532 -0.2260446243794527 0.4870584738481458
    outer loop
      vertex 37.32385192159765 -5.6 8.181173331571765
      vertex 37.57133929501294 -5.847487373415292 8.494974746830584
      vertex 37.505025253169414 -5.6 8.494974746830584
    endloop
  endfacet
  facet normal -0.8436100229619532 0.2260446243794527 0.4870584738481458
    outer loop
      vertex 37.32385192159765 -5.6 8.181173331571765
      vertex 37.505025253169414 -5.6 8.494974746830584
      vertex 37.57133929501294 -5.352512626584708 8.494974746830584
    endloop
  endfacet
  facet normal -0.6175653985824889 0.61756539858251 0.4870584738481378
    outer loop
      vertex 37.414438587383536 -5.261925960798826 8.181173331571765
      vertex 37.57133929501294 -5.352512626584708 8.494974746830584
      vertex 37.75251262658471 -5.1713392950129435 8.494974746830584
    endloop
  endfacet
  facet normal 0.22604462437945547 -0.8436100229619499 0.48705847384815015
    outer loop
      vertex 38 -6.276148078402348 8.181173331571765
      vertex 38.338074039201175 -6.185561412616465 8.181173331571765
      vertex 38.24748737341529 -6.028660704987056 8.494974746830584
    endloop
  endfacet
  facet normal 0.6175653985825019 -0.6175653985824952 0.48705847384814005
    outer loop
      vertex 38.338074039201175 -6.185561412616465 8.181173331571765
      vertex 38.585561412616464 -5.938074039201173 8.181173331571765
      vertex 38.42866070498706 -5.847487373415292 8.494974746830584
    endloop
  endfacet
  facet normal 0.8436100229619548 -0.22604462437946402 0.48705847384813816
    outer loop
      vertex 38.585561412616464 -5.938074039201173 8.181173331571765
      vertex 38.67614807840235 -5.6 8.181173331571765
      vertex 38.42866070498706 -5.847487373415292 8.494974746830584
    endloop
  endfacet
  facet normal -0.22604462437945744 -0.8436100229619502 0.4870584738481489
    outer loop
      vertex 38 -6.276148078402348 8.181173331571765
      vertex 38 -6.094974746830583 8.494974746830584
      vertex 37.75251262658471 -6.028660704987056 8.494974746830584
    endloop
  endfacet
  facet normal 0.22604462437945744 -0.8436100229619502 0.4870584738481489
    outer loop
      vertex 38 -6.276148078402348 8.181173331571765
      vertex 38.24748737341529 -6.028660704987056 8.494974746830584
      vertex 38 -6.094974746830583 8.494974746830584
    endloop
  endfacet
  facet normal 0.6175653985824823 -0.6175653985825035 0.48705847384815454
    outer loop
      vertex 38.338074039201175 -6.185561412616465 8.181173331571765
      vertex 38.42866070498706 -5.847487373415292 8.494974746830584
      vertex 38.24748737341529 -6.028660704987056 8.494974746830584
    endloop
  endfacet
  facet normal 0.22604462437945547 0.8436100229619499 0.48705847384815015
    outer loop
      vertex 38.338074039201175 -5.014438587383534 8.181173331571765
      vertex 38 -4.9238519215976515 8.181173331571765
      vertex 38.24748737341529 -5.1713392950129435 8.494974746830584
    endloop
  endfacet
  facet normal 0.8436100229619548 0.22604462437946402 0.4870584738481382
    outer loop
      vertex 38.67614807840235 -5.6 8.181173331571765
      vertex 38.585561412616464 -5.261925960798826 8.181173331571765
      vertex 38.42866070498706 -5.352512626584708 8.494974746830584
    endloop
  endfacet
  facet normal 0.6175653985824971 0.6175653985824904 0.48705847384815226
    outer loop
      vertex 38.338074039201175 -5.014438587383534 8.181173331571765
      vertex 38.24748737341529 -5.1713392950129435 8.494974746830584
      vertex 38.585561412616464 -5.261925960798826 8.181173331571765
    endloop
  endfacet
  facet normal -0.22604462437945744 0.8436100229619502 0.4870584738481489
    outer loop
      vertex 38 -4.9238519215976515 8.181173331571765
      vertex 37.75251262658471 -5.1713392950129435 8.494974746830584
      vertex 38 -5.1050252531694165 8.494974746830584
    endloop
  endfacet
  facet normal 0.22604462437945744 0.8436100229619502 0.4870584738481489
    outer loop
      vertex 38 -4.9238519215976515 8.181173331571765
      vertex 38 -5.1050252531694165 8.494974746830584
      vertex 38.24748737341529 -5.1713392950129435 8.494974746830584
    endloop
  endfacet
  facet normal 0.8436100229619532 -0.2260446243794527 0.4870584738481458
    outer loop
      vertex 38.67614807840235 -5.6 8.181173331571765
      vertex 38.494974746830586 -5.6 8.494974746830584
      vertex 38.42866070498706 -5.847487373415292 8.494974746830584
    endloop
  endfacet
  facet normal 0.8436100229619532 0.2260446243794527 0.4870584738481458
    outer loop
      vertex 38.67614807840235 -5.6 8.181173331571765
      vertex 38.42866070498706 -5.352512626584708 8.494974746830584
      vertex 38.494974746830586 -5.6 8.494974746830584
    endloop
  endfacet
  facet normal 0.6175653985824889 0.61756539858251 0.4870584738481378
    outer loop
      vertex 38.585561412616464 -5.261925960798826 8.181173331571765
      vertex 38.24748737341529 -5.1713392950129435 8.494974746830584
      vertex 38.42866070498706 -5.352512626584708 8.494974746830584
    endloop
  endfacet
  facet normal -0.3627840437389642 -0.36278404373897666 0.8583562635740485
    outer loop
      vertex 37.57133929501294 -5.847487373415292 8.494974746830584
      vertex 37.75251262658471 -6.028660704987056 8.494974746830584
      vertex 37.909413334214115 -5.756900707629409 8.676148078402347
    endloop
  endfacet
  facet normal -0.3627840437389691 -0.3627840437389644 0.8583562635740516
    outer loop
      vertex 37.57133929501294 -5.847487373415292 8.494974746830584
      vertex 37.909413334214115 -5.756900707629409 8.676148078402347
      vertex 37.84309929237059 -5.690586665785882 8.676148078402347
    endloop
  endfacet
  facet normal -0.4955722198350712 -0.13278817609610408 0.8583562635740534
    outer loop
      vertex 37.57133929501294 -5.847487373415292 8.494974746830584
      vertex 37.81882666842824 -5.6 8.676148078402347
      vertex 37.505025253169414 -5.6 8.494974746830584
    endloop
  endfacet
  facet normal -0.4955722198350748 0.13278817609610505 0.8583562635740513
    outer loop
      vertex 37.505025253169414 -5.6 8.494974746830584
      vertex 37.84309929237059 -5.509413334214117 8.676148078402347
      vertex 37.57133929501294 -5.352512626584708 8.494974746830584
    endloop
  endfacet
  facet normal -0.3627840437389642 0.36278404373897666 0.8583562635740485
    outer loop
      vertex 37.57133929501294 -5.352512626584708 8.494974746830584
      vertex 37.909413334214115 -5.44309929237059 8.676148078402347
      vertex 37.75251262658471 -5.1713392950129435 8.494974746830584
    endloop
  endfacet
  facet normal -0.4955722198350819 -0.13278817609609048 0.8583562635740494
    outer loop
      vertex 37.57133929501294 -5.847487373415292 8.494974746830584
      vertex 37.84309929237059 -5.690586665785882 8.676148078402347
      vertex 37.81882666842824 -5.6 8.676148078402347
    endloop
  endfacet
  facet normal -0.4955722198350723 0.13278817609608815 0.8583562635740553
    outer loop
      vertex 37.505025253169414 -5.6 8.494974746830584
      vertex 37.81882666842824 -5.6 8.676148078402347
      vertex 37.84309929237059 -5.509413334214117 8.676148078402347
    endloop
  endfacet
  facet normal -0.3627840437389691 0.3627840437389644 0.8583562635740516
    outer loop
      vertex 37.57133929501294 -5.352512626584708 8.494974746830584
      vertex 37.84309929237059 -5.509413334214117 8.676148078402347
      vertex 37.909413334214115 -5.44309929237059 8.676148078402347
    endloop
  endfacet
  facet normal -0.1327881760961086 -0.4955722198350761 0.8583562635740498
    outer loop
      vertex 37.75251262658471 -6.028660704987056 8.494974746830584
      vertex 38 -6.094974746830583 8.494974746830584
      vertex 38 -5.781173331571765 8.676148078402347
    endloop
  endfacet
  facet normal 0.1327881760961086 -0.4955722198350761 0.8583562635740498
    outer loop
      vertex 38 -6.094974746830583 8.494974746830584
      vertex 38.24748737341529 -6.028660704987056 8.494974746830584
      vertex 38 -5.781173331571765 8.676148078402347
    endloop
  endfacet
  facet normal 0.3627840437389642 -0.36278404373897666 0.8583562635740485
    outer loop
      vertex 38.24748737341529 -6.028660704987056 8.494974746830584
      vertex 38.42866070498706 -5.847487373415292 8.494974746830584
      vertex 38.090586665785885 -5.756900707629409 8.676148078402347
    endloop
  endfacet
  facet normal -0.1327881760961055 -0.4955722198350789 0.8583562635740489
    outer loop
      vertex 37.75251262658471 -6.028660704987056 8.494974746830584
      vertex 38 -5.781173331571765 8.676148078402347
      vertex 37.909413334214115 -5.756900707629409 8.676148078402347
    endloop
  endfacet
  facet normal 0.1327881760961055 -0.4955722198350789 0.8583562635740489
    outer loop
      vertex 38.24748737341529 -6.028660704987056 8.494974746830584
      vertex 38.090586665785885 -5.756900707629409 8.676148078402347
      vertex 38 -5.781173331571765 8.676148078402347
    endloop
  endfacet
  facet normal 0.3627840437389691 -0.3627840437389644 0.8583562635740516
    outer loop
      vertex 38.42866070498706 -5.847487373415292 8.494974746830584
      vertex 38.15690070762941 -5.690586665785882 8.676148078402347
      vertex 38.090586665785885 -5.756900707629409 8.676148078402347
    endloop
  endfacet
  facet normal 0 0 1
    outer loop
      vertex 38 -5.781173331571765 8.676148078402347
      vertex 38.090586665785885 -5.756900707629409 8.676148078402347
      vertex 37.909413334214115 -5.756900707629409 8.676148078402347
    endloop
  endfacet
  facet normal -0.1327881760961086 0.4955722198350761 0.8583562635740498
    outer loop
      vertex 37.75251262658471 -5.1713392950129435 8.494974746830584
      vertex 38 -5.418826668428235 8.676148078402347
      vertex 38 -5.1050252531694165 8.494974746830584
    endloop
  endfacet
  facet normal 0.1327881760961086 0.4955722198350761 0.8583562635740498
    outer loop
      vertex 38 -5.1050252531694165 8.494974746830584
      vertex 38 -5.418826668428235 8.676148078402347
      vertex 38.24748737341529 -5.1713392950129435 8.494974746830584
    endloop
  endfacet
  facet normal 0.3627840437389642 0.36278404373897666 0.8583562635740485
    outer loop
      vertex 38.24748737341529 -5.1713392950129435 8.494974746830584
      vertex 38.090586665785885 -5.44309929237059 8.676148078402347
      vertex 38.42866070498706 -5.352512626584708 8.494974746830584
    endloop
  endfacet
  facet normal 0.4955722198350747 -0.13278817609610502 0.8583562635740513
    outer loop
      vertex 38.42866070498706 -5.847487373415292 8.494974746830584
      vertex 38.494974746830586 -5.6 8.494974746830584
      vertex 38.15690070762941 -5.690586665785882 8.676148078402347
    endloop
  endfacet
  facet normal 0.4955722198350747 0.13278817609610502 0.8583562635740513
    outer loop
      vertex 38.42866070498706 -5.352512626584708 8.494974746830584
      vertex 38.15690070762941 -5.509413334214117 8.676148078402347
      vertex 38.494974746830586 -5.6 8.494974746830584
    endloop
  endfacet
  facet normal 0.3627840437389691 0.3627840437389644 0.8583562635740516
    outer loop
      vertex 38.42866070498706 -5.352512626584708 8.494974746830584
      vertex 38.090586665785885 -5.44309929237059 8.676148078402347
      vertex 38.15690070762941 -5.509413334214117 8.676148078402347
    endloop
  endfacet
  facet normal 0 0 1
    outer loop
      vertex 37.84309929237059 -5.690586665785882 8.676148078402347
      vertex 38.18117333157176 -5.6 8.676148078402347
      vertex 37.81882666842824 -5.6 8.676148078402347
    endloop
  endfacet
  facet normal 0 0 1
    outer loop
      vertex 37.84309929237059 -5.690586665785882 8.676148078402347
      vertex 37.909413334214115 -5.756900707629409 8.676148078402347
      vertex 38.15690070762941 -5.690586665785882 8.676148078402347
    endloop
  endfacet
  facet normal 0 0 1
    outer loop
      vertex 37.84309929237059 -5.690586665785882 8.676148078402347
      vertex 38.15690070762941 -5.690586665785882 8.676148078402347
      vertex 38.18117333157176 -5.6 8.676148078402347
    endloop
  endfacet
  facet normal 0 0 1
    outer loop
      vertex 37.909413334214115 -5.756900707629409 8.676148078402347
      vertex 38.090586665785885 -5.756900707629409 8.676148078402347
      vertex 38.15690070762941 -5.690586665785882 8.676148078402347
    endloop
  endfacet
  facet normal 0 0 1
    outer loop
      vertex 37.81882666842824 -5.6 8.676148078402347
      vertex 38.18117333157176 -5.6 8.676148078402347
      vertex 38.15690070762941 -5.509413334214117 8.676148078402347
    endloop
  endfacet
  facet normal 0 0 1
    outer loop
      vertex 37.84309929237059 -5.509413334214117 8.676148078402347
      vertex 38.090586665785885 -5.44309929237059 8.676148078402347
      vertex 37.909413334214115 -5.44309929237059 8.676148078402347
    endloop
  endfacet
  facet normal 0 0 1
    outer loop
      vertex 37.81882666842824 -5.6 8.676148078402347
      vertex 38.15690070762941 -5.509413334214117 8.676148078402347
      vertex 37.84309929237059 -5.509413334214117 8.676148078402347
    endloop
  endfacet
  facet normal 0 0 1
    outer loop
      vertex 37.84309929237059 -5.509413334214117 8.676148078402347
      vertex 38.15690070762941 -5.509413334214117 8.676148078402347
      vertex 38.090586665785885 -5.44309929237059 8.676148078402347
    endloop
  endfacet
  facet normal 0 0 1
    outer loop
      vertex 37.909413334214115 -5.44309929237059 8.676148078402347
      vertex 38.090586665785885 -5.44309929237059 8.676148078402347
      vertex 38 -5.418826668428235 8.676148078402347
    endloop
  endfacet
  facet normal -0.1327881760961055 0.4955722198350789 0.8583562635740489
    outer loop
      vertex 37.75251262658471 -5.1713392950129435 8.494974746830584
      vertex 37.909413334214115 -5.44309929237059 8.676148078402347
      vertex 38 -5.418826668428235 8.676148078402347
    endloop
  endfacet
  facet normal 0.1327881760961055 0.4955722198350789 0.8583562635740489
    outer loop
      vertex 38.24748737341529 -5.1713392950129435 8.494974746830584
      vertex 38 -5.418826668428235 8.676148078402347
      vertex 38.090586665785885 -5.44309929237059 8.676148078402347
    endloop
  endfacet
  facet normal 0.4955722198350723 0.13278817609608815 0.8583562635740553
    outer loop
      vertex 38.494974746830586 -5.6 8.494974746830584
      vertex 38.15690070762941 -5.509413334214117 8.676148078402347
      vertex 38.18117333157176 -5.6 8.676148078402347
    endloop
  endfacet
  facet normal 0.4955722198350723 -0.13278817609608815 0.8583562635740553
    outer loop
      vertex 38.494974746830586 -5.6 8.494974746830584
      vertex 38.18117333157176 -5.6 8.676148078402347
      vertex 38.15690070762941 -5.690586665785882 8.676148078402347
    endloop
  endfacet
  facet normal -0.3627840437389886 -0.36278404373895645 -0.8583562635740469
    outer loop
      vertex -5.797989898732233 -38.19798989873223 7.386612204649416
      vertex -5.739999999999999 -38.242487113059646 7.380909525217808
      vertex -5.847487373415292 -38.42866070498706 7.505025253169417
    endloop
  endfacet
  facet normal -0.36278404373896594 -0.36278404373898443 -0.8583562635740446
    outer loop
      vertex -5.797989898732233 -38.19798989873223 7.386612204649416
      vertex -6.028660704987056 -38.24748737341529 7.505025253169417
      vertex -5.842487113059643 -38.14 7.380909525217808
    endloop
  endfacet
  facet normal -0.49557221983507677 -0.13278817609611607 -0.8583562635740483
    outer loop
      vertex -5.870459231360939 -38.07246933262871 7.386612204649415
      vertex -5.842487113059643 -38.14 7.380909525217808
      vertex -6.028660704987056 -38.24748737341529 7.505025253169417
    endloop
  endfacet
  facet normal -0.4955722198350798 0.132788176096099 -0.8583562635740493
    outer loop
      vertex -5.88 -38 7.380909525217808
      vertex -6.094974746830583 -38 7.505025253169417
      vertex -5.870459231360939 -37.92753066737129 7.386612204649415
    endloop
  endfacet
  facet normal -0.4955722198350797 -0.13278817609609897 -0.8583562635740493
    outer loop
      vertex -5.870459231360939 -38.07246933262871 7.386612204649415
      vertex -6.094974746830583 -38 7.505025253169417
      vertex -5.88 -38 7.380909525217808
    endloop
  endfacet
  facet normal -0.13278817609608395 -0.49557221983508903 -0.8583562635740463
    outer loop
      vertex -5.6724693326287055 -38.27045923136094 7.386612204649416
      vertex -5.847487373415292 -38.42866070498706 7.505025253169417
      vertex -5.739999999999999 -38.242487113059646 7.380909525217808
    endloop
  endfacet
  facet normal 0.13278817609612262 -0.4955722198350751 -0.8583562635740484
    outer loop
      vertex -5.6 -38.28 7.380909525217808
      vertex -5.527530667371294 -38.27045923136094 7.386612204649416
      vertex -5.6 -38.494974746830586 7.505025253169417
    endloop
  endfacet
  facet normal -0.13278817609612262 -0.4955722198350751 -0.8583562635740484
    outer loop
      vertex -5.6 -38.28 7.380909525217808
      vertex -5.6 -38.494974746830586 7.505025253169417
      vertex -5.6724693326287055 -38.27045923136094 7.386612204649416
    endloop
  endfacet
  facet normal 0.3627840437389886 -0.36278404373895645 -0.8583562635740469
    outer loop
      vertex -5.46 -38.242487113059646 7.380909525217808
      vertex -5.402010101267766 -38.19798989873223 7.386612204649416
      vertex -5.352512626584708 -38.42866070498706 7.505025253169417
    endloop
  endfacet
  facet normal 0.13278817609608395 -0.49557221983508903 -0.8583562635740463
    outer loop
      vertex -5.46 -38.242487113059646 7.380909525217808
      vertex -5.352512626584708 -38.42866070498706 7.505025253169417
      vertex -5.527530667371294 -38.27045923136094 7.386612204649416
    endloop
  endfacet
  facet normal 0.36278404373896594 -0.36278404373898443 -0.8583562635740446
    outer loop
      vertex -5.402010101267766 -38.19798989873223 7.386612204649416
      vertex -5.3575128869403565 -38.14 7.380909525217808
      vertex -5.1713392950129435 -38.24748737341529 7.505025253169417
    endloop
  endfacet
  facet normal 0.49557221983507677 -0.13278817609611607 -0.8583562635740483
    outer loop
      vertex -5.3575128869403565 -38.14 7.380909525217808
      vertex -5.329540768639061 -38.07246933262871 7.386612204649415
      vertex -5.1713392950129435 -38.24748737341529 7.505025253169417
    endloop
  endfacet
  facet normal 0.4955722198350798 0.132788176096099 -0.8583562635740493
    outer loop
      vertex -5.319999999999999 -38 7.380909525217808
      vertex -5.329540768639061 -37.92753066737129 7.386612204649415
      vertex -5.1050252531694165 -38 7.505025253169417
    endloop
  endfacet
  facet normal 0.4955722198350797 -0.13278817609609897 -0.8583562635740493
    outer loop
      vertex -5.329540768639061 -38.07246933262871 7.386612204649415
      vertex -5.319999999999999 -38 7.380909525217808
      vertex -5.1050252531694165 -38 7.505025253169417
    endloop
  endfacet
  facet normal -0.36278404373897405 -0.36278404373896156 -0.8583562635740508
    outer loop
      vertex -5.797989898732233 -38.19798989873223 7.386612204649416
      vertex -5.847487373415292 -38.42866070498706 7.505025253169417
      vertex -6.028660704987056 -38.24748737341529 7.505025253169417
    endloop
  endfacet
  facet normal -0.49557221983508176 -0.13278817609611016 -0.8583562635740464
    outer loop
      vertex -5.870459231360939 -38.07246933262871 7.386612204649415
      vertex -6.028660704987056 -38.24748737341529 7.505025253169417
      vertex -6.094974746830583 -38 7.505025253169417
    endloop
  endfacet
  facet normal -0.49557221983508176 0.13278817609611016 -0.8583562635740464
    outer loop
      vertex -5.870459231360939 -37.92753066737129 7.386612204649415
      vertex -6.094974746830583 -38 7.505025253169417
      vertex -6.028660704987056 -37.75251262658471 7.505025253169417
    endloop
  endfacet
  facet normal -0.1327881760961042 -0.4955722198350717 -0.8583562635740531
    outer loop
      vertex -5.6724693326287055 -38.27045923136094 7.386612204649416
      vertex -5.6 -38.494974746830586 7.505025253169417
      vertex -5.847487373415292 -38.42866070498706 7.505025253169417
    endloop
  endfacet
  facet normal 0.1327881760961042 -0.4955722198350717 -0.8583562635740531
    outer loop
      vertex -5.527530667371294 -38.27045923136094 7.386612204649416
      vertex -5.352512626584708 -38.42866070498706 7.505025253169417
      vertex -5.6 -38.494974746830586 7.505025253169417
    endloop
  endfacet
  facet normal 0.36278404373897405 -0.36278404373896156 -0.8583562635740508
    outer loop
      vertex -5.402010101267766 -38.19798989873223 7.386612204649416
      vertex -5.1713392950129435 -38.24748737341529 7.505025253169417
      vertex -5.352512626584708 -38.42866070498706 7.505025253169417
    endloop
  endfacet
  facet normal 0.49557221983508176 -0.13278817609611016 -0.8583562635740464
    outer loop
      vertex -5.329540768639061 -38.07246933262871 7.386612204649415
      vertex -5.1050252531694165 -38 7.505025253169417
      vertex -5.1713392950129435 -38.24748737341529 7.505025253169417
    endloop
  endfacet
  facet normal 0.49557221983508176 0.13278817609611016 -0.8583562635740464
    outer loop
      vertex -5.329540768639061 -37.92753066737129 7.386612204649415
      vertex -5.1713392950129435 -37.75251262658471 7.505025253169417
      vertex -5.1050252531694165 -38 7.505025253169417
    endloop
  endfacet
  facet normal -0.36278404373896594 0.36278404373898443 -0.8583562635740446
    outer loop
      vertex -5.797989898732233 -37.80201010126777 7.386612204649416
      vertex -5.842487113059643 -37.86 7.380909525217808
      vertex -6.028660704987056 -37.75251262658471 7.505025253169417
    endloop
  endfacet
  facet normal -0.49557221983507677 0.13278817609611607 -0.8583562635740483
    outer loop
      vertex -5.870459231360939 -37.92753066737129 7.386612204649415
      vertex -6.028660704987056 -37.75251262658471 7.505025253169417
      vertex -5.842487113059643 -37.86 7.380909525217808
    endloop
  endfacet
  facet normal -0.3627840437389886 0.36278404373895645 -0.8583562635740469
    outer loop
      vertex -5.797989898732233 -37.80201010126777 7.386612204649416
      vertex -5.847487373415292 -37.57133929501294 7.505025253169417
      vertex -5.739999999999999 -37.757512886940354 7.380909525217808
    endloop
  endfacet
  facet normal -0.13278817609608395 0.49557221983508903 -0.8583562635740463
    outer loop
      vertex -5.6724693326287055 -37.72954076863906 7.386612204649416
      vertex -5.739999999999999 -37.757512886940354 7.380909525217808
      vertex -5.847487373415292 -37.57133929501294 7.505025253169417
    endloop
  endfacet
  facet normal 0.13278817609612262 0.4955722198350751 -0.8583562635740484
    outer loop
      vertex -5.6 -37.72 7.380909525217808
      vertex -5.6 -37.505025253169414 7.505025253169417
      vertex -5.527530667371294 -37.72954076863906 7.386612204649416
    endloop
  endfacet
  facet normal -0.13278817609612262 0.4955722198350751 -0.8583562635740484
    outer loop
      vertex -5.6724693326287055 -37.72954076863906 7.386612204649416
      vertex -5.6 -37.505025253169414 7.505025253169417
      vertex -5.6 -37.72 7.380909525217808
    endloop
  endfacet
  facet normal 0.13278817609607316 0.49557221983506605 -0.8583562635740611
    outer loop
      vertex -5.46 -37.757512886940354 7.380909525217808
      vertex -5.527530667371294 -37.72954076863906 7.386612204649416
      vertex -5.6 -37.505025253169414 7.505025253169417
    endloop
  endfacet
  facet normal 0.3627840437389886 0.36278404373895645 -0.8583562635740469
    outer loop
      vertex -5.46 -37.757512886940354 7.380909525217808
      vertex -5.352512626584708 -37.57133929501294 7.505025253169417
      vertex -5.402010101267766 -37.80201010126777 7.386612204649416
    endloop
  endfacet
  facet normal 0.36278404373896594 0.36278404373898443 -0.8583562635740446
    outer loop
      vertex -5.402010101267766 -37.80201010126777 7.386612204649416
      vertex -5.1713392950129435 -37.75251262658471 7.505025253169417
      vertex -5.3575128869403565 -37.86 7.380909525217808
    endloop
  endfacet
  facet normal 0.49557221983507677 0.13278817609611607 -0.8583562635740483
    outer loop
      vertex -5.329540768639061 -37.92753066737129 7.386612204649415
      vertex -5.3575128869403565 -37.86 7.380909525217808
      vertex -5.1713392950129435 -37.75251262658471 7.505025253169417
    endloop
  endfacet
  facet normal -0.36278404373897405 0.36278404373896156 -0.8583562635740508
    outer loop
      vertex -5.797989898732233 -37.80201010126777 7.386612204649416
      vertex -6.028660704987056 -37.75251262658471 7.505025253169417
      vertex -5.847487373415292 -37.57133929501294 7.505025253169417
    endloop
  endfacet
  facet normal -0.1327881760961042 0.4955722198350717 -0.8583562635740531
    outer loop
      vertex -5.6724693326287055 -37.72954076863906 7.386612204649416
      vertex -5.847487373415292 -37.57133929501294 7.505025253169417
      vertex -5.6 -37.505025253169414 7.505025253169417
    endloop
  endfacet
  facet normal 0.13278817609610594 0.4955722198350782 -0.8583562635740491
    outer loop
      vertex -5.46 -37.757512886940354 7.380909525217808
      vertex -5.6 -37.505025253169414 7.505025253169417
      vertex -5.352512626584708 -37.57133929501294 7.505025253169417
    endloop
  endfacet
  facet normal 0.36278404373897405 0.36278404373896156 -0.8583562635740508
    outer loop
      vertex -5.402010101267766 -37.80201010126777 7.386612204649416
      vertex -5.352512626584708 -37.57133929501294 7.505025253169417
      vertex -5.1713392950129435 -37.75251262658471 7.505025253169417
    endloop
  endfacet
  facet normal -0.6175653985825031 -0.6175653985824818 -0.48705847384815554
    outer loop
      vertex -5.847487373415292 -38.42866070498706 7.505025253169417
      vertex -6.185561412616465 -38.338074039201175 7.818826668428235
      vertex -6.028660704987056 -38.24748737341529 7.505025253169417
    endloop
  endfacet
  facet normal -0.8436100229619495 -0.22604462437945722 -0.4870584738481499
    outer loop
      vertex -6.028660704987056 -38.24748737341529 7.505025253169417
      vertex -6.276148078402348 -38 7.818826668428235
      vertex -6.094974746830583 -38 7.505025253169417
    endloop
  endfacet
  facet normal -0.8436100229619495 0.22604462437945722 -0.4870584738481499
    outer loop
      vertex -6.094974746830583 -38 7.505025253169417
      vertex -6.276148078402348 -38 7.818826668428235
      vertex -6.028660704987056 -37.75251262658471 7.505025253169417
    endloop
  endfacet
  facet normal -0.6175653985824949 -0.6175653985825016 -0.48705847384814116
    outer loop
      vertex -5.847487373415292 -38.42866070498706 7.505025253169417
      vertex -5.938074039201173 -38.585561412616464 7.818826668428235
      vertex -6.185561412616465 -38.338074039201175 7.818826668428235
    endloop
  endfacet
  facet normal -0.2260446243794639 -0.843610022961954 -0.4870584738481391
    outer loop
      vertex -5.847487373415292 -38.42866070498706 7.505025253169417
      vertex -5.6 -38.67614807840235 7.818826668428235
      vertex -5.938074039201173 -38.585561412616464 7.818826668428235
    endloop
  endfacet
  facet normal -0.8436100229619494 -0.22604462437945538 -0.4870584738481512
    outer loop
      vertex -6.028660704987056 -38.24748737341529 7.505025253169417
      vertex -6.185561412616465 -38.338074039201175 7.818826668428235
      vertex -6.276148078402348 -38 7.818826668428235
    endloop
  endfacet
  facet normal -0.2260446243794526 -0.8436100229619526 -0.48705847384814693
    outer loop
      vertex -5.847487373415292 -38.42866070498706 7.505025253169417
      vertex -5.6 -38.494974746830586 7.505025253169417
      vertex -5.6 -38.67614807840235 7.818826668428235
    endloop
  endfacet
  facet normal 0.2260446243794526 -0.8436100229619526 -0.48705847384814693
    outer loop
      vertex -5.6 -38.494974746830586 7.505025253169417
      vertex -5.352512626584708 -38.42866070498706 7.505025253169417
      vertex -5.6 -38.67614807840235 7.818826668428235
    endloop
  endfacet
  facet normal 0.6175653985825031 -0.6175653985824818 -0.48705847384815554
    outer loop
      vertex -5.352512626584708 -38.42866070498706 7.505025253169417
      vertex -5.1713392950129435 -38.24748737341529 7.505025253169417
      vertex -5.014438587383534 -38.338074039201175 7.818826668428235
    endloop
  endfacet
  facet normal 0.8436100229619495 -0.22604462437945722 -0.4870584738481499
    outer loop
      vertex -5.1713392950129435 -38.24748737341529 7.505025253169417
      vertex -5.1050252531694165 -38 7.505025253169417
      vertex -4.9238519215976515 -38 7.818826668428235
    endloop
  endfacet
  facet normal 0.8436100229619495 0.22604462437945722 -0.4870584738481499
    outer loop
      vertex -5.1050252531694165 -38 7.505025253169417
      vertex -5.1713392950129435 -37.75251262658471 7.505025253169417
      vertex -4.9238519215976515 -38 7.818826668428235
    endloop
  endfacet
  facet normal 0.2260446243794639 -0.843610022961954 -0.4870584738481391
    outer loop
      vertex -5.352512626584708 -38.42866070498706 7.505025253169417
      vertex -5.261925960798826 -38.585561412616464 7.818826668428235
      vertex -5.6 -38.67614807840235 7.818826668428235
    endloop
  endfacet
  facet normal 0.6175653985824949 -0.6175653985825016 -0.48705847384814116
    outer loop
      vertex -5.352512626584708 -38.42866070498706 7.505025253169417
      vertex -5.014438587383534 -38.338074039201175 7.818826668428235
      vertex -5.261925960798826 -38.585561412616464 7.818826668428235
    endloop
  endfacet
  facet normal 0.8436100229619494 -0.22604462437945538 -0.4870584738481512
    outer loop
      vertex -5.1713392950129435 -38.24748737341529 7.505025253169417
      vertex -4.9238519215976515 -38 7.818826668428235
      vertex -5.014438587383534 -38.338074039201175 7.818826668428235
    endloop
  endfacet
  facet normal -0.6175653985825031 0.6175653985824818 -0.48705847384815554
    outer loop
      vertex -6.028660704987056 -37.75251262658471 7.505025253169417
      vertex -6.185561412616465 -37.661925960798825 7.818826668428235
      vertex -5.847487373415292 -37.57133929501294 7.505025253169417
    endloop
  endfacet
  facet normal -0.8436100229619494 0.22604462437945538 -0.4870584738481512
    outer loop
      vertex -6.028660704987056 -37.75251262658471 7.505025253169417
      vertex -6.276148078402348 -38 7.818826668428235
      vertex -6.185561412616465 -37.661925960798825 7.818826668428235
    endloop
  endfacet
  facet normal -0.6175653985824949 0.6175653985825016 -0.48705847384814116
    outer loop
      vertex -5.847487373415292 -37.57133929501294 7.505025253169417
      vertex -6.185561412616465 -37.661925960798825 7.818826668428235
      vertex -5.938074039201173 -37.414438587383536 7.818826668428235
    endloop
  endfacet
  facet normal -0.2260446243794639 0.843610022961954 -0.4870584738481391
    outer loop
      vertex -5.847487373415292 -37.57133929501294 7.505025253169417
      vertex -5.938074039201173 -37.414438587383536 7.818826668428235
      vertex -5.6 -37.32385192159765 7.818826668428235
    endloop
  endfacet
  facet normal -0.2260446243794526 0.8436100229619526 -0.48705847384814693
    outer loop
      vertex -5.847487373415292 -37.57133929501294 7.505025253169417
      vertex -5.6 -37.32385192159765 7.818826668428235
      vertex -5.6 -37.505025253169414 7.505025253169417
    endloop
  endfacet
  facet normal 0.2260446243794526 0.8436100229619526 -0.48705847384814693
    outer loop
      vertex -5.6 -37.505025253169414 7.505025253169417
      vertex -5.6 -37.32385192159765 7.818826668428235
      vertex -5.352512626584708 -37.57133929501294 7.505025253169417
    endloop
  endfacet
  facet normal 0.6175653985825031 0.6175653985824818 -0.48705847384815554
    outer loop
      vertex -5.352512626584708 -37.57133929501294 7.505025253169417
      vertex -5.014438587383534 -37.661925960798825 7.818826668428235
      vertex -5.1713392950129435 -37.75251262658471 7.505025253169417
    endloop
  endfacet
  facet normal 0.2260446243794639 0.843610022961954 -0.4870584738481391
    outer loop
      vertex -5.352512626584708 -37.57133929501294 7.505025253169417
      vertex -5.6 -37.32385192159765 7.818826668428235
      vertex -5.261925960798826 -37.414438587383536 7.818826668428235
    endloop
  endfacet
  facet normal 0.6175653985824949 0.6175653985825016 -0.48705847384814116
    outer loop
      vertex -5.352512626584708 -37.57133929501294 7.505025253169417
      vertex -5.261925960798826 -37.414438587383536 7.818826668428235
      vertex -5.014438587383534 -37.661925960798825 7.818826668428235
    endloop
  endfacet
  facet normal 0.8436100229619494 0.22604462437945538 -0.4870584738481512
    outer loop
      vertex -5.1713392950129435 -37.75251262658471 7.505025253169417
      vertex -5.014438587383534 -37.661925960798825 7.818826668428235
      vertex -4.9238519215976515 -38 7.818826668428235
    endloop
  endfacet
  facet normal -0.9659258262890682 -0.25881904510252085 0
    outer loop
      vertex -6.185561412616465 -38.338074039201175 7.818826668428235
      vertex -6.276148078402348 -38 8.181173331571765
      vertex -6.276148078402348 -38 7.818826668428235
    endloop
  endfacet
  facet normal -0.7071067811865437 -0.7071067811865513 0
    outer loop
      vertex -6.185561412616465 -38.338074039201175 7.818826668428235
      vertex -5.938074039201173 -38.585561412616464 7.818826668428235
      vertex -6.185561412616465 -38.338074039201175 8.181173331571765
    endloop
  endfacet
  facet normal -0.25881904510252857 -0.9659258262890661 0
    outer loop
      vertex -5.938074039201173 -38.585561412616464 7.818826668428235
      vertex -5.6 -38.67614807840235 7.818826668428235
      vertex -5.6 -38.67614807840235 8.181173331571765
    endloop
  endfacet
  facet normal 0.25881904510252857 -0.9659258262890661 0
    outer loop
      vertex -5.6 -38.67614807840235 7.818826668428235
      vertex -5.261925960798826 -38.585561412616464 7.818826668428235
      vertex -5.261925960798826 -38.585561412616464 8.181173331571765
    endloop
  endfacet
  facet normal 0.7071067811865437 -0.7071067811865513 0
    outer loop
      vertex -5.261925960798826 -38.585561412616464 7.818826668428235
      vertex -5.014438587383534 -38.338074039201175 7.818826668428235
      vertex -5.261925960798826 -38.585561412616464 8.181173331571765
    endloop
  endfacet
  facet normal 0.9659258262890682 -0.25881904510252085 0
    outer loop
      vertex -5.014438587383534 -38.338074039201175 7.818826668428235
      vertex -4.9238519215976515 -38 7.818826668428235
      vertex -5.014438587383534 -38.338074039201175 8.181173331571765
    endloop
  endfacet
  facet normal 0.9659258262890682 0.25881904510252085 0
    outer loop
      vertex -5.014438587383534 -37.661925960798825 7.818826668428235
      vertex -4.9238519215976515 -38 8.181173331571765
      vertex -4.9238519215976515 -38 7.818826668428235
    endloop
  endfacet
  facet normal -0.9659258262890682 -0.25881904510252085 0
    outer loop
      vertex -6.185561412616465 -38.338074039201175 7.818826668428235
      vertex -6.185561412616465 -38.338074039201175 8.181173331571765
      vertex -6.276148078402348 -38 8.181173331571765
    endloop
  endfacet
  facet normal -0.9659258262890682 0.25881904510252085 0
    outer loop
      vertex -6.276148078402348 -38 7.818826668428235
      vertex -6.276148078402348 -38 8.181173331571765
      vertex -6.185561412616465 -37.661925960798825 8.181173331571765
    endloop
  endfacet
  facet normal -0.7071067811865437 -0.7071067811865513 0
    outer loop
      vertex -5.938074039201173 -38.585561412616464 7.818826668428235
      vertex -5.938074039201173 -38.585561412616464 8.181173331571765
      vertex -6.185561412616465 -38.338074039201175 8.181173331571765
    endloop
  endfacet
  facet normal -0.25881904510252857 -0.9659258262890661 0
    outer loop
      vertex -5.938074039201173 -38.585561412616464 7.818826668428235
      vertex -5.6 -38.67614807840235 8.181173331571765
      vertex -5.938074039201173 -38.585561412616464 8.181173331571765
    endloop
  endfacet
  facet normal 0.25881904510252857 -0.9659258262890661 0
    outer loop
      vertex -5.6 -38.67614807840235 7.818826668428235
      vertex -5.261925960798826 -38.585561412616464 8.181173331571765
      vertex -5.6 -38.67614807840235 8.181173331571765
    endloop
  endfacet
  facet normal 0.7071067811865437 -0.7071067811865513 0
    outer loop
      vertex -5.014438587383534 -38.338074039201175 7.818826668428235
      vertex -5.014438587383534 -38.338074039201175 8.181173331571765
      vertex -5.261925960798826 -38.585561412616464 8.181173331571765
    endloop
  endfacet
  facet normal 0.9659258262890682 -0.25881904510252085 0
    outer loop
      vertex -4.9238519215976515 -38 7.818826668428235
      vertex -4.9238519215976515 -38 8.181173331571765
      vertex -5.014438587383534 -38.338074039201175 8.181173331571765
    endloop
  endfacet
  facet normal -0.9659258262890682 0.25881904510252085 0
    outer loop
      vertex -6.276148078402348 -38 7.818826668428235
      vertex -6.185561412616465 -37.661925960798825 8.181173331571765
      vertex -6.185561412616465 -37.661925960798825 7.818826668428235
    endloop
  endfacet
  facet normal -0.7071067811865437 0.7071067811865513 0
    outer loop
      vertex -6.185561412616465 -37.661925960798825 7.818826668428235
      vertex -5.938074039201173 -37.414438587383536 8.181173331571765
      vertex -5.938074039201173 -37.414438587383536 7.818826668428235
    endloop
  endfacet
  facet normal -0.25881904510252857 0.9659258262890661 0
    outer loop
      vertex -5.938074039201173 -37.414438587383536 7.818826668428235
      vertex -5.938074039201173 -37.414438587383536 8.181173331571765
      vertex -5.6 -37.32385192159765 7.818826668428235
    endloop
  endfacet
  facet normal 0.25881904510252857 0.9659258262890661 0
    outer loop
      vertex -5.6 -37.32385192159765 7.818826668428235
      vertex -5.6 -37.32385192159765 8.181173331571765
      vertex -5.261925960798826 -37.414438587383536 7.818826668428235
    endloop
  endfacet
  facet normal 0.7071067811865437 0.7071067811865513 0
    outer loop
      vertex -5.014438587383534 -37.661925960798825 7.818826668428235
      vertex -5.261925960798826 -37.414438587383536 7.818826668428235
      vertex -5.014438587383534 -37.661925960798825 8.181173331571765
    endloop
  endfacet
  facet normal -0.7071067811865437 0.7071067811865513 0
    outer loop
      vertex -6.185561412616465 -37.661925960798825 7.818826668428235
      vertex -6.185561412616465 -37.661925960798825 8.181173331571765
      vertex -5.938074039201173 -37.414438587383536 8.181173331571765
    endloop
  endfacet
  facet normal -0.25881904510252857 0.9659258262890661 0
    outer loop
      vertex -5.6 -37.32385192159765 7.818826668428235
      vertex -5.938074039201173 -37.414438587383536 8.181173331571765
      vertex -5.6 -37.32385192159765 8.181173331571765
    endloop
  endfacet
  facet normal 0.25881904510252857 0.9659258262890661 0
    outer loop
      vertex -5.261925960798826 -37.414438587383536 7.818826668428235
      vertex -5.6 -37.32385192159765 8.181173331571765
      vertex -5.261925960798826 -37.414438587383536 8.181173331571765
    endloop
  endfacet
  facet normal 0.7071067811865437 0.7071067811865513 0
    outer loop
      vertex -5.261925960798826 -37.414438587383536 7.818826668428235
      vertex -5.261925960798826 -37.414438587383536 8.181173331571765
      vertex -5.014438587383534 -37.661925960798825 8.181173331571765
    endloop
  endfacet
  facet normal 0.9659258262890682 0.25881904510252085 0
    outer loop
      vertex -5.014438587383534 -37.661925960798825 7.818826668428235
      vertex -5.014438587383534 -37.661925960798825 8.181173331571765
      vertex -4.9238519215976515 -38 8.181173331571765
    endloop
  endfacet
  facet normal -0.6175653985824952 -0.6175653985825019 0.48705847384814005
    outer loop
      vertex -6.185561412616465 -38.338074039201175 8.181173331571765
      vertex -5.938074039201173 -38.585561412616464 8.181173331571765
      vertex -5.847487373415292 -38.42866070498706 8.494974746830584
    endloop
  endfacet
  facet normal -0.22604462437946402 -0.8436100229619548 0.48705847384813816
    outer loop
      vertex -5.938074039201173 -38.585561412616464 8.181173331571765
      vertex -5.6 -38.67614807840235 8.181173331571765
      vertex -5.847487373415292 -38.42866070498706 8.494974746830584
    endloop
  endfacet
  facet normal -0.8436100229619499 -0.22604462437945547 0.48705847384815015
    outer loop
      vertex -6.185561412616465 -38.338074039201175 8.181173331571765
      vertex -6.028660704987056 -38.24748737341529 8.494974746830584
      vertex -6.276148078402348 -38 8.181173331571765
    endloop
  endfacet
  facet normal -0.6175653985825035 -0.6175653985824823 0.48705847384815454
    outer loop
      vertex -6.185561412616465 -38.338074039201175 8.181173331571765
      vertex -5.847487373415292 -38.42866070498706 8.494974746830584
      vertex -6.028660704987056 -38.24748737341529 8.494974746830584
    endloop
  endfacet
  facet normal -0.8436100229619502 -0.22604462437945744 0.4870584738481489
    outer loop
      vertex -6.276148078402348 -38 8.181173331571765
      vertex -6.028660704987056 -38.24748737341529 8.494974746830584
      vertex -6.094974746830583 -38 8.494974746830584
    endloop
  endfacet
  facet normal -0.8436100229619502 0.22604462437945744 0.4870584738481489
    outer loop
      vertex -6.276148078402348 -38 8.181173331571765
      vertex -6.094974746830583 -38 8.494974746830584
      vertex -6.028660704987056 -37.75251262658471 8.494974746830584
    endloop
  endfacet
  facet normal 0.22604462437946402 -0.8436100229619548 0.4870584738481382
    outer loop
      vertex -5.6 -38.67614807840235 8.181173331571765
      vertex -5.261925960798826 -38.585561412616464 8.181173331571765
      vertex -5.352512626584708 -38.42866070498706 8.494974746830584
    endloop
  endfacet
  facet normal 0.6175653985824904 -0.6175653985824971 0.48705847384815226
    outer loop
      vertex -5.261925960798826 -38.585561412616464 8.181173331571765
      vertex -5.014438587383534 -38.338074039201175 8.181173331571765
      vertex -5.1713392950129435 -38.24748737341529 8.494974746830584
    endloop
  endfacet
  facet normal 0.8436100229619499 -0.22604462437945547 0.48705847384815015
    outer loop
      vertex -5.014438587383534 -38.338074039201175 8.181173331571765
      vertex -4.9238519215976515 -38 8.181173331571765
      vertex -5.1713392950129435 -38.24748737341529 8.494974746830584
    endloop
  endfacet
  facet normal -0.2260446243794527 -0.8436100229619532 0.4870584738481458
    outer loop
      vertex -5.6 -38.67614807840235 8.181173331571765
      vertex -5.6 -38.494974746830586 8.494974746830584
      vertex -5.847487373415292 -38.42866070498706 8.494974746830584
    endloop
  endfacet
  facet normal 0.2260446243794527 -0.8436100229619532 0.4870584738481458
    outer loop
      vertex -5.6 -38.67614807840235 8.181173331571765
      vertex -5.352512626584708 -38.42866070498706 8.494974746830584
      vertex -5.6 -38.494974746830586 8.494974746830584
    endloop
  endfacet
  facet normal 0.61756539858251 -0.6175653985824889 0.4870584738481378
    outer loop
      vertex -5.261925960798826 -38.585561412616464 8.181173331571765
      vertex -5.1713392950129435 -38.24748737341529 8.494974746830584
      vertex -5.352512626584708 -38.42866070498706 8.494974746830584
    endloop
  endfacet
  facet normal 0.8436100229619502 -0.22604462437945744 0.4870584738481489
    outer loop
      vertex -4.9238519215976515 -38 8.181173331571765
      vertex -5.1050252531694165 -38 8.494974746830584
      vertex -5.1713392950129435 -38.24748737341529 8.494974746830584
    endloop
  endfacet
  facet normal 0.8436100229619502 0.22604462437945744 0.4870584738481489
    outer loop
      vertex -4.9238519215976515 -38 8.181173331571765
      vertex -5.1713392950129435 -37.75251262658471 8.494974746830584
      vertex -5.1050252531694165 -38 8.494974746830584
    endloop
  endfacet
  facet normal -0.8436100229619499 0.22604462437945547 0.48705847384815015
    outer loop
      vertex -6.276148078402348 -38 8.181173331571765
      vertex -6.028660704987056 -37.75251262658471 8.494974746830584
      vertex -6.185561412616465 -37.661925960798825 8.181173331571765
    endloop
  endfacet
  facet normal -0.6175653985824952 0.6175653985825019 0.48705847384814005
    outer loop
      vertex -6.185561412616465 -37.661925960798825 8.181173331571765
      vertex -5.847487373415292 -37.57133929501294 8.494974746830584
      vertex -5.938074039201173 -37.414438587383536 8.181173331571765
    endloop
  endfacet
  facet normal -0.22604462437946402 0.8436100229619548 0.48705847384813816
    outer loop
      vertex -5.938074039201173 -37.414438587383536 8.181173331571765
      vertex -5.847487373415292 -37.57133929501294 8.494974746830584
      vertex -5.6 -37.32385192159765 8.181173331571765
    endloop
  endfacet
  facet normal -0.6175653985825035 0.6175653985824823 0.48705847384815454
    outer loop
      vertex -6.185561412616465 -37.661925960798825 8.181173331571765
      vertex -6.028660704987056 -37.75251262658471 8.494974746830584
      vertex -5.847487373415292 -37.57133929501294 8.494974746830584
    endloop
  endfacet
  facet normal 0.22604462437946402 0.8436100229619548 0.4870584738481382
    outer loop
      vertex -5.6 -37.32385192159765 8.181173331571765
      vertex -5.352512626584708 -37.57133929501294 8.494974746830584
      vertex -5.261925960798826 -37.414438587383536 8.181173331571765
    endloop
  endfacet
  facet normal 0.6175653985824904 0.6175653985824971 0.48705847384815226
    outer loop
      vertex -5.014438587383534 -37.661925960798825 8.181173331571765
      vertex -5.261925960798826 -37.414438587383536 8.181173331571765
      vertex -5.1713392950129435 -37.75251262658471 8.494974746830584
    endloop
  endfacet
  facet normal 0.8436100229619499 0.22604462437945547 0.48705847384815015
    outer loop
      vertex -5.014438587383534 -37.661925960798825 8.181173331571765
      vertex -5.1713392950129435 -37.75251262658471 8.494974746830584
      vertex -4.9238519215976515 -38 8.181173331571765
    endloop
  endfacet
  facet normal -0.2260446243794527 0.8436100229619532 0.4870584738481458
    outer loop
      vertex -5.6 -37.32385192159765 8.181173331571765
      vertex -5.847487373415292 -37.57133929501294 8.494974746830584
      vertex -5.6 -37.505025253169414 8.494974746830584
    endloop
  endfacet
  facet normal 0.2260446243794527 0.8436100229619532 0.4870584738481458
    outer loop
      vertex -5.6 -37.32385192159765 8.181173331571765
      vertex -5.6 -37.505025253169414 8.494974746830584
      vertex -5.352512626584708 -37.57133929501294 8.494974746830584
    endloop
  endfacet
  facet normal 0.61756539858251 0.6175653985824889 0.4870584738481378
    outer loop
      vertex -5.261925960798826 -37.414438587383536 8.181173331571765
      vertex -5.352512626584708 -37.57133929501294 8.494974746830584
      vertex -5.1713392950129435 -37.75251262658471 8.494974746830584
    endloop
  endfacet
  facet normal -0.4955722198350761 -0.1327881760961086 0.8583562635740498
    outer loop
      vertex -6.028660704987056 -38.24748737341529 8.494974746830584
      vertex -5.781173331571765 -38 8.676148078402347
      vertex -6.094974746830583 -38 8.494974746830584
    endloop
  endfacet
  facet normal -0.4955722198350761 0.1327881760961086 0.8583562635740498
    outer loop
      vertex -6.094974746830583 -38 8.494974746830584
      vertex -5.781173331571765 -38 8.676148078402347
      vertex -6.028660704987056 -37.75251262658471 8.494974746830584
    endloop
  endfacet
  facet normal -0.36278404373897666 -0.3627840437389642 0.8583562635740485
    outer loop
      vertex -5.847487373415292 -38.42866070498706 8.494974746830584
      vertex -5.756900707629409 -38.090586665785885 8.676148078402347
      vertex -6.028660704987056 -38.24748737341529 8.494974746830584
    endloop
  endfacet
  facet normal -0.3627840437389644 -0.3627840437389691 0.8583562635740516
    outer loop
      vertex -5.847487373415292 -38.42866070498706 8.494974746830584
      vertex -5.690586665785882 -38.15690070762941 8.676148078402347
      vertex -5.756900707629409 -38.090586665785885 8.676148078402347
    endloop
  endfacet
  facet normal -0.4955722198350789 -0.1327881760961055 0.8583562635740489
    outer loop
      vertex -6.028660704987056 -38.24748737341529 8.494974746830584
      vertex -5.756900707629409 -38.090586665785885 8.676148078402347
      vertex -5.781173331571765 -38 8.676148078402347
    endloop
  endfacet
  facet normal -0.49557221983507876 0.13278817609610527 0.8583562635740488
    outer loop
      vertex -5.781173331571765 -38 8.676148078402347
      vertex -5.756900707629409 -37.909413334214115 8.676148078402347
      vertex -6.028660704987056 -37.75251262658471 8.494974746830584
    endloop
  endfacet
  facet normal 0 0 1
    outer loop
      vertex -5.781173331571765 -38 8.676148078402347
      vertex -5.756900707629409 -38.090586665785885 8.676148078402347
      vertex -5.756900707629409 -37.909413334214115 8.676148078402347
    endloop
  endfacet
  facet normal -0.13278817609610502 -0.4955722198350747 0.8583562635740513
    outer loop
      vertex -5.847487373415292 -38.42866070498706 8.494974746830584
      vertex -5.6 -38.494974746830586 8.494974746830584
      vertex -5.690586665785882 -38.15690070762941 8.676148078402347
    endloop
  endfacet
  facet normal 0.13278817609610505 -0.4955722198350748 0.8583562635740513
    outer loop
      vertex -5.6 -38.494974746830586 8.494974746830584
      vertex -5.352512626584708 -38.42866070498706 8.494974746830584
      vertex -5.509413334214117 -38.15690070762941 8.676148078402347
    endloop
  endfacet
  facet normal 0.36278404373897666 -0.3627840437389642 0.8583562635740485
    outer loop
      vertex -5.352512626584708 -38.42866070498706 8.494974746830584
      vertex -5.1713392950129435 -38.24748737341529 8.494974746830584
      vertex -5.44309929237059 -38.090586665785885 8.676148078402347
    endloop
  endfacet
  facet normal 0.4955722198350761 -0.1327881760961086 0.8583562635740498
    outer loop
      vertex -5.1713392950129435 -38.24748737341529 8.494974746830584
      vertex -5.1050252531694165 -38 8.494974746830584
      vertex -5.418826668428235 -38 8.676148078402347
    endloop
  endfacet
  facet normal 0.4955722198350761 0.1327881760961086 0.8583562635740498
    outer loop
      vertex -5.1050252531694165 -38 8.494974746830584
      vertex -5.1713392950129435 -37.75251262658471 8.494974746830584
      vertex -5.418826668428235 -38 8.676148078402347
    endloop
  endfacet
  facet normal 0.13278817609608815 -0.4955722198350723 0.8583562635740553
    outer loop
      vertex -5.6 -38.494974746830586 8.494974746830584
      vertex -5.509413334214117 -38.15690070762941 8.676148078402347
      vertex -5.6 -38.18117333157176 8.676148078402347
    endloop
  endfacet
  facet normal -0.13278817609608815 -0.4955722198350723 0.8583562635740553
    outer loop
      vertex -5.6 -38.494974746830586 8.494974746830584
      vertex -5.6 -38.18117333157176 8.676148078402347
      vertex -5.690586665785882 -38.15690070762941 8.676148078402347
    endloop
  endfacet
  facet normal 0.3627840437389644 -0.3627840437389691 0.8583562635740516
    outer loop
      vertex -5.352512626584708 -38.42866070498706 8.494974746830584
      vertex -5.44309929237059 -38.090586665785885 8.676148078402347
      vertex -5.509413334214117 -38.15690070762941 8.676148078402347
    endloop
  endfacet
  facet normal 0 0 1
    outer loop
      vertex -5.690586665785882 -38.15690070762941 8.676148078402347
      vertex -5.690586665785882 -37.84309929237059 8.676148078402347
      vertex -5.756900707629409 -37.909413334214115 8.676148078402347
    endloop
  endfacet
  facet normal 0 0 1
    outer loop
      vertex -5.690586665785882 -38.15690070762941 8.676148078402347
      vertex -5.6 -38.18117333157176 8.676148078402347
      vertex -5.690586665785882 -37.84309929237059 8.676148078402347
    endloop
  endfacet
  facet normal 0 0 1
    outer loop
      vertex -5.690586665785882 -38.15690070762941 8.676148078402347
      vertex -5.756900707629409 -37.909413334214115 8.676148078402347
      vertex -5.756900707629409 -38.090586665785885 8.676148078402347
    endloop
  endfacet
  facet normal 0 0 1
    outer loop
      vertex -5.6 -38.18117333157176 8.676148078402347
      vertex -5.509413334214117 -38.15690070762941 8.676148078402347
      vertex -5.6 -37.81882666842824 8.676148078402347
    endloop
  endfacet
  facet normal 0 0 1
    outer loop
      vertex -5.6 -38.18117333157176 8.676148078402347
      vertex -5.6 -37.81882666842824 8.676148078402347
      vertex -5.690586665785882 -37.84309929237059 8.676148078402347
    endloop
  endfacet
  facet normal 0 0 1
    outer loop
      vertex -5.509413334214117 -38.15690070762941 8.676148078402347
      vertex -5.44309929237059 -38.090586665785885 8.676148078402347
      vertex -5.509413334214117 -37.84309929237059 8.676148078402347
    endloop
  endfacet
  facet normal 0 0 1
    outer loop
      vertex -5.44309929237059 -38.090586665785885 8.676148078402347
      vertex -5.44309929237059 -37.909413334214115 8.676148078402347
      vertex -5.509413334214117 -37.84309929237059 8.676148078402347
    endloop
  endfacet
  facet normal 0 0 1
    outer loop
      vertex -5.509413334214117 -38.15690070762941 8.676148078402347
      vertex -5.509413334214117 -37.84309929237059 8.676148078402347
      vertex -5.6 -37.81882666842824 8.676148078402347
    endloop
  endfacet
  facet normal 0 0 1
    outer loop
      vertex -5.44309929237059 -38.090586665785885 8.676148078402347
      vertex -5.418826668428235 -38 8.676148078402347
      vertex -5.44309929237059 -37.909413334214115 8.676148078402347
    endloop
  endfacet
  facet normal 0.4955722198350789 -0.1327881760961055 0.8583562635740489
    outer loop
      vertex -5.1713392950129435 -38.24748737341529 8.494974746830584
      vertex -5.418826668428235 -38 8.676148078402347
      vertex -5.44309929237059 -38.090586665785885 8.676148078402347
    endloop
  endfacet
  facet normal 0.49557221983507876 0.13278817609610527 0.8583562635740488
    outer loop
      vertex -5.418826668428235 -38 8.676148078402347
      vertex -5.1713392950129435 -37.75251262658471 8.494974746830584
      vertex -5.44309929237059 -37.909413334214115 8.676148078402347
    endloop
  endfacet
  facet normal -0.36278404373897677 0.3627840437389642 0.8583562635740485
    outer loop
      vertex -5.756900707629409 -37.909413334214115 8.676148078402347
      vertex -5.847487373415292 -37.57133929501294 8.494974746830584
      vertex -6.028660704987056 -37.75251262658471 8.494974746830584
    endloop
  endfacet
  facet normal -0.3627840437389643 0.36278404373896916 0.8583562635740516
    outer loop
      vertex -5.756900707629409 -37.909413334214115 8.676148078402347
      vertex -5.690586665785882 -37.84309929237059 8.676148078402347
      vertex -5.847487373415292 -37.57133929501294 8.494974746830584
    endloop
  endfacet
  facet normal -0.13278817609610408 0.4955722198350712 0.8583562635740534
    outer loop
      vertex -5.847487373415292 -37.57133929501294 8.494974746830584
      vertex -5.6 -37.81882666842824 8.676148078402347
      vertex -5.6 -37.505025253169414 8.494974746830584
    endloop
  endfacet
  facet normal 0.13278817609610505 0.4955722198350748 0.8583562635740513
    outer loop
      vertex -5.6 -37.505025253169414 8.494974746830584
      vertex -5.509413334214117 -37.84309929237059 8.676148078402347
      vertex -5.352512626584708 -37.57133929501294 8.494974746830584
    endloop
  endfacet
  facet normal 0.36278404373897677 0.3627840437389642 0.8583562635740485
    outer loop
      vertex -5.44309929237059 -37.909413334214115 8.676148078402347
      vertex -5.1713392950129435 -37.75251262658471 8.494974746830584
      vertex -5.352512626584708 -37.57133929501294 8.494974746830584
    endloop
  endfacet
  facet normal -0.13278817609609048 0.4955722198350819 0.8583562635740494
    outer loop
      vertex -5.847487373415292 -37.57133929501294 8.494974746830584
      vertex -5.690586665785882 -37.84309929237059 8.676148078402347
      vertex -5.6 -37.81882666842824 8.676148078402347
    endloop
  endfacet
  facet normal 0.13278817609608815 0.4955722198350723 0.8583562635740553
    outer loop
      vertex -5.6 -37.505025253169414 8.494974746830584
      vertex -5.6 -37.81882666842824 8.676148078402347
      vertex -5.509413334214117 -37.84309929237059 8.676148078402347
    endloop
  endfacet
  facet normal 0.3627840437389643 0.36278404373896916 0.8583562635740516
    outer loop
      vertex -5.44309929237059 -37.909413334214115 8.676148078402347
      vertex -5.352512626584708 -37.57133929501294 8.494974746830584
      vertex -5.509413334214117 -37.84309929237059 8.676148078402347
    endloop
  endfacet
  facet normal -0.36278404373895645 -0.3627840437389886 -0.8583562635740469
    outer loop
      vertex -38.19798989873223 5.402010101267766 7.386612204649416
      vertex -38.42866070498706 5.352512626584708 7.505025253169417
      vertex -38.242487113059646 5.46 7.380909525217808
    endloop
  endfacet
  facet normal -0.49557221983508903 -0.13278817609608395 -0.8583562635740463
    outer loop
      vertex -38.242487113059646 5.46 7.380909525217808
      vertex -38.42866070498706 5.352512626584708 7.505025253169417
      vertex -38.27045923136094 5.527530667371294 7.386612204649416
    endloop
  endfacet
  facet normal -0.4955722198350751 -0.13278817609612262 -0.8583562635740484
    outer loop
      vertex -38.28 5.6 7.380909525217808
      vertex -38.27045923136094 5.527530667371294 7.386612204649416
      vertex -38.494974746830586 5.6 7.505025253169417
    endloop
  endfacet
  facet normal -0.4955722198350751 0.13278817609612262 -0.8583562635740484
    outer loop
      vertex -38.28 5.6 7.380909525217808
      vertex -38.494974746830586 5.6 7.505025253169417
      vertex -38.27045923136094 5.6724693326287055 7.386612204649416
    endloop
  endfacet
  facet normal -0.49557221983508903 0.13278817609608395 -0.8583562635740463
    outer loop
      vertex -38.27045923136094 5.6724693326287055 7.386612204649416
      vertex -38.42866070498706 5.847487373415292 7.505025253169417
      vertex -38.242487113059646 5.739999999999999 7.380909525217808
    endloop
  endfacet
  facet normal -0.36278404373898443 -0.36278404373896594 -0.8583562635740446
    outer loop
      vertex -38.19798989873223 5.402010101267766 7.386612204649416
      vertex -38.14 5.3575128869403565 7.380909525217808
      vertex -38.24748737341529 5.1713392950129435 7.505025253169417
    endloop
  endfacet
  facet normal -0.13278817609611607 -0.49557221983507677 -0.8583562635740483
    outer loop
      vertex -38.07246933262871 5.329540768639061 7.386612204649415
      vertex -38.24748737341529 5.1713392950129435 7.505025253169417
      vertex -38.14 5.3575128869403565 7.380909525217808
    endloop
  endfacet
  facet normal 0.132788176096099 -0.4955722198350798 -0.8583562635740493
    outer loop
      vertex -38 5.319999999999999 7.380909525217808
      vertex -37.92753066737129 5.329540768639061 7.386612204649415
      vertex -38 5.1050252531694165 7.505025253169417
    endloop
  endfacet
  facet normal -0.13278817609609897 -0.4955722198350797 -0.8583562635740493
    outer loop
      vertex -38.07246933262871 5.329540768639061 7.386612204649415
      vertex -38 5.319999999999999 7.380909525217808
      vertex -38 5.1050252531694165 7.505025253169417
    endloop
  endfacet
  facet normal -0.36278404373895645 0.3627840437389886 -0.8583562635740469
    outer loop
      vertex -38.242487113059646 5.739999999999999 7.380909525217808
      vertex -38.42866070498706 5.847487373415292 7.505025253169417
      vertex -38.19798989873223 5.797989898732233 7.386612204649416
    endloop
  endfacet
  facet normal -0.36278404373898443 0.36278404373896594 -0.8583562635740446
    outer loop
      vertex -38.19798989873223 5.797989898732233 7.386612204649416
      vertex -38.24748737341529 6.028660704987056 7.505025253169417
      vertex -38.14 5.842487113059643 7.380909525217808
    endloop
  endfacet
  facet normal -0.13278817609611607 0.49557221983507677 -0.8583562635740483
    outer loop
      vertex -38.14 5.842487113059643 7.380909525217808
      vertex -38.24748737341529 6.028660704987056 7.505025253169417
      vertex -38.07246933262871 5.870459231360939 7.386612204649415
    endloop
  endfacet
  facet normal 0.132788176096099 0.4955722198350798 -0.8583562635740493
    outer loop
      vertex -38 5.88 7.380909525217808
      vertex -38 6.094974746830583 7.505025253169417
      vertex -37.92753066737129 5.870459231360939 7.386612204649415
    endloop
  endfacet
  facet normal -0.13278817609609897 0.4955722198350797 -0.8583562635740493
    outer loop
      vertex -38.07246933262871 5.870459231360939 7.386612204649415
      vertex -38 6.094974746830583 7.505025253169417
      vertex -38 5.88 7.380909525217808
    endloop
  endfacet
  facet normal -0.36278404373896156 -0.36278404373897405 -0.8583562635740508
    outer loop
      vertex -38.19798989873223 5.402010101267766 7.386612204649416
      vertex -38.24748737341529 5.1713392950129435 7.505025253169417
      vertex -38.42866070498706 5.352512626584708 7.505025253169417
    endloop
  endfacet
  facet normal -0.4955722198350717 -0.1327881760961042 -0.8583562635740531
    outer loop
      vertex -38.27045923136094 5.527530667371294 7.386612204649416
      vertex -38.42866070498706 5.352512626584708 7.505025253169417
      vertex -38.494974746830586 5.6 7.505025253169417
    endloop
  endfacet
  facet normal -0.4955722198350717 0.1327881760961042 -0.8583562635740531
    outer loop
      vertex -38.27045923136094 5.6724693326287055 7.386612204649416
      vertex -38.494974746830586 5.6 7.505025253169417
      vertex -38.42866070498706 5.847487373415292 7.505025253169417
    endloop
  endfacet
  facet normal -0.13278817609611016 -0.49557221983508176 -0.8583562635740464
    outer loop
      vertex -38.07246933262871 5.329540768639061 7.386612204649415
      vertex -38 5.1050252531694165 7.505025253169417
      vertex -38.24748737341529 5.1713392950129435 7.505025253169417
    endloop
  endfacet
  facet normal 0.13278817609611016 -0.49557221983508176 -0.8583562635740464
    outer loop
      vertex -37.92753066737129 5.329540768639061 7.386612204649415
      vertex -37.75251262658471 5.1713392950129435 7.505025253169417
      vertex -38 5.1050252531694165 7.505025253169417
    endloop
  endfacet
  facet normal -0.36278404373896156 0.36278404373897405 -0.8583562635740508
    outer loop
      vertex -38.19798989873223 5.797989898732233 7.386612204649416
      vertex -38.42866070498706 5.847487373415292 7.505025253169417
      vertex -38.24748737341529 6.028660704987056 7.505025253169417
    endloop
  endfacet
  facet normal -0.13278817609611016 0.49557221983508176 -0.8583562635740464
    outer loop
      vertex -38.07246933262871 5.870459231360939 7.386612204649415
      vertex -38.24748737341529 6.028660704987056 7.505025253169417
      vertex -38 6.094974746830583 7.505025253169417
    endloop
  endfacet
  facet normal 0.13278817609611016 0.49557221983508176 -0.8583562635740464
    outer loop
      vertex -37.92753066737129 5.870459231360939 7.386612204649415
      vertex -38 6.094974746830583 7.505025253169417
      vertex -37.75251262658471 6.028660704987056 7.505025253169417
    endloop
  endfacet
  facet normal 0.36278404373898443 -0.36278404373896594 -0.8583562635740446
    outer loop
      vertex -37.80201010126777 5.402010101267766 7.386612204649416
      vertex -37.75251262658471 5.1713392950129435 7.505025253169417
      vertex -37.86 5.3575128869403565 7.380909525217808
    endloop
  endfacet
  facet normal 0.13278817609611607 -0.49557221983507677 -0.8583562635740483
    outer loop
      vertex -37.92753066737129 5.329540768639061 7.386612204649415
      vertex -37.86 5.3575128869403565 7.380909525217808
      vertex -37.75251262658471 5.1713392950129435 7.505025253169417
    endloop
  endfacet
  facet normal 0.36278404373895645 -0.3627840437389886 -0.8583562635740469
    outer loop
      vertex -37.80201010126777 5.402010101267766 7.386612204649416
      vertex -37.757512886940354 5.46 7.380909525217808
      vertex -37.57133929501294 5.352512626584708 7.505025253169417
    endloop
  endfacet
  facet normal 0.49557221983506605 -0.13278817609607316 -0.8583562635740611
    outer loop
      vertex -37.757512886940354 5.46 7.380909525217808
      vertex -37.72954076863906 5.527530667371294 7.386612204649416
      vertex -37.505025253169414 5.6 7.505025253169417
    endloop
  endfacet
  facet normal 0.49557221983508903 0.13278817609608395 -0.8583562635740463
    outer loop
      vertex -37.72954076863906 5.6724693326287055 7.386612204649416
      vertex -37.757512886940354 5.739999999999999 7.380909525217808
      vertex -37.57133929501294 5.847487373415292 7.505025253169417
    endloop
  endfacet
  facet normal 0.4955722198350751 -0.13278817609612262 -0.8583562635740484
    outer loop
      vertex -37.72954076863906 5.527530667371294 7.386612204649416
      vertex -37.72 5.6 7.380909525217808
      vertex -37.505025253169414 5.6 7.505025253169417
    endloop
  endfacet
  facet normal 0.4955722198350751 0.13278817609612262 -0.8583562635740484
    outer loop
      vertex -37.72 5.6 7.380909525217808
      vertex -37.72954076863906 5.6724693326287055 7.386612204649416
      vertex -37.505025253169414 5.6 7.505025253169417
    endloop
  endfacet
  facet normal 0.36278404373898443 0.36278404373896594 -0.8583562635740446
    outer loop
      vertex -37.80201010126777 5.797989898732233 7.386612204649416
      vertex -37.86 5.842487113059643 7.380909525217808
      vertex -37.75251262658471 6.028660704987056 7.505025253169417
    endloop
  endfacet
  facet normal 0.13278817609611607 0.49557221983507677 -0.8583562635740483
    outer loop
      vertex -37.92753066737129 5.870459231360939 7.386612204649415
      vertex -37.75251262658471 6.028660704987056 7.505025253169417
      vertex -37.86 5.842487113059643 7.380909525217808
    endloop
  endfacet
  facet normal 0.36278404373895645 0.3627840437389886 -0.8583562635740469
    outer loop
      vertex -37.757512886940354 5.739999999999999 7.380909525217808
      vertex -37.80201010126777 5.797989898732233 7.386612204649416
      vertex -37.57133929501294 5.847487373415292 7.505025253169417
    endloop
  endfacet
  facet normal 0.36278404373896156 -0.36278404373897405 -0.8583562635740508
    outer loop
      vertex -37.80201010126777 5.402010101267766 7.386612204649416
      vertex -37.57133929501294 5.352512626584708 7.505025253169417
      vertex -37.75251262658471 5.1713392950129435 7.505025253169417
    endloop
  endfacet
  facet normal 0.4955722198350782 -0.13278817609610594 -0.8583562635740491
    outer loop
      vertex -37.757512886940354 5.46 7.380909525217808
      vertex -37.505025253169414 5.6 7.505025253169417
      vertex -37.57133929501294 5.352512626584708 7.505025253169417
    endloop
  endfacet
  facet normal 0.4955722198350717 0.1327881760961042 -0.8583562635740531
    outer loop
      vertex -37.72954076863906 5.6724693326287055 7.386612204649416
      vertex -37.57133929501294 5.847487373415292 7.505025253169417
      vertex -37.505025253169414 5.6 7.505025253169417
    endloop
  endfacet
  facet normal 0.36278404373896156 0.36278404373897405 -0.8583562635740508
    outer loop
      vertex -37.80201010126777 5.797989898732233 7.386612204649416
      vertex -37.75251262658471 6.028660704987056 7.505025253169417
      vertex -37.57133929501294 5.847487373415292 7.505025253169417
    endloop
  endfacet
  facet normal -0.6175653985824818 -0.6175653985825031 -0.48705847384815554
    outer loop
      vertex -38.42866070498706 5.352512626584708 7.505025253169417
      vertex -38.24748737341529 5.1713392950129435 7.505025253169417
      vertex -38.338074039201175 5.014438587383534 7.818826668428235
    endloop
  endfacet
  facet normal -0.8436100229619526 -0.2260446243794526 -0.48705847384814693
    outer loop
      vertex -38.494974746830586 5.6 7.505025253169417
      vertex -38.42866070498706 5.352512626584708 7.505025253169417
      vertex -38.67614807840235 5.6 7.818826668428235
    endloop
  endfacet
  facet normal -0.8436100229619526 0.2260446243794526 -0.48705847384814693
    outer loop
      vertex -38.494974746830586 5.6 7.505025253169417
      vertex -38.67614807840235 5.6 7.818826668428235
      vertex -38.42866070498706 5.847487373415292 7.505025253169417
    endloop
  endfacet
  facet normal -0.22604462437945722 -0.8436100229619495 -0.4870584738481499
    outer loop
      vertex -38.24748737341529 5.1713392950129435 7.505025253169417
      vertex -38 5.1050252531694165 7.505025253169417
      vertex -38 4.9238519215976515 7.818826668428235
    endloop
  endfacet
  facet normal 0.22604462437945722 -0.8436100229619495 -0.4870584738481499
    outer loop
      vertex -38 5.1050252531694165 7.505025253169417
      vertex -37.75251262658471 5.1713392950129435 7.505025253169417
      vertex -38 4.9238519215976515 7.818826668428235
    endloop
  endfacet
  facet normal -0.6175653985825016 -0.6175653985824949 -0.48705847384814116
    outer loop
      vertex -38.42866070498706 5.352512626584708 7.505025253169417
      vertex -38.338074039201175 5.014438587383534 7.818826668428235
      vertex -38.585561412616464 5.261925960798826 7.818826668428235
    endloop
  endfacet
  facet normal -0.843610022961954 -0.2260446243794639 -0.4870584738481391
    outer loop
      vertex -38.42866070498706 5.352512626584708 7.505025253169417
      vertex -38.585561412616464 5.261925960798826 7.818826668428235
      vertex -38.67614807840235 5.6 7.818826668428235
    endloop
  endfacet
  facet normal -0.22604462437945538 -0.8436100229619494 -0.4870584738481512
    outer loop
      vertex -38.24748737341529 5.1713392950129435 7.505025253169417
      vertex -38 4.9238519215976515 7.818826668428235
      vertex -38.338074039201175 5.014438587383534 7.818826668428235
    endloop
  endfacet
  facet normal -0.6175653985824818 0.6175653985825031 -0.48705847384815554
    outer loop
      vertex -38.42866070498706 5.847487373415292 7.505025253169417
      vertex -38.338074039201175 6.185561412616465 7.818826668428235
      vertex -38.24748737341529 6.028660704987056 7.505025253169417
    endloop
  endfacet
  facet normal -0.22604462437945722 0.8436100229619495 -0.4870584738481499
    outer loop
      vertex -38.24748737341529 6.028660704987056 7.505025253169417
      vertex -38 6.276148078402348 7.818826668428235
      vertex -38 6.094974746830583 7.505025253169417
    endloop
  endfacet
  facet normal 0.22604462437945722 0.8436100229619495 -0.4870584738481499
    outer loop
      vertex -38 6.094974746830583 7.505025253169417
      vertex -38 6.276148078402348 7.818826668428235
      vertex -37.75251262658471 6.028660704987056 7.505025253169417
    endloop
  endfacet
  facet normal -0.843610022961954 0.2260446243794639 -0.4870584738481391
    outer loop
      vertex -38.42866070498706 5.847487373415292 7.505025253169417
      vertex -38.67614807840235 5.6 7.818826668428235
      vertex -38.585561412616464 5.938074039201173 7.818826668428235
    endloop
  endfacet
  facet normal -0.6175653985825016 0.6175653985824949 -0.48705847384814116
    outer loop
      vertex -38.42866070498706 5.847487373415292 7.505025253169417
      vertex -38.585561412616464 5.938074039201173 7.818826668428235
      vertex -38.338074039201175 6.185561412616465 7.818826668428235
    endloop
  endfacet
  facet normal -0.22604462437945538 0.8436100229619494 -0.4870584738481512
    outer loop
      vertex -38.24748737341529 6.028660704987056 7.505025253169417
      vertex -38.338074039201175 6.185561412616465 7.818826668428235
      vertex -38 6.276148078402348 7.818826668428235
    endloop
  endfacet
  facet normal 0.6175653985824818 -0.6175653985825031 -0.48705847384815554
    outer loop
      vertex -37.75251262658471 5.1713392950129435 7.505025253169417
      vertex -37.57133929501294 5.352512626584708 7.505025253169417
      vertex -37.661925960798825 5.014438587383534 7.818826668428235
    endloop
  endfacet
  facet normal 0.8436100229619526 -0.2260446243794526 -0.48705847384814693
    outer loop
      vertex -37.57133929501294 5.352512626584708 7.505025253169417
      vertex -37.505025253169414 5.6 7.505025253169417
      vertex -37.32385192159765 5.6 7.818826668428235
    endloop
  endfacet
  facet normal 0.8436100229619526 0.2260446243794526 -0.48705847384814693
    outer loop
      vertex -37.505025253169414 5.6 7.505025253169417
      vertex -37.57133929501294 5.847487373415292 7.505025253169417
      vertex -37.32385192159765 5.6 7.818826668428235
    endloop
  endfacet
  facet normal 0.22604462437945538 -0.8436100229619494 -0.4870584738481512
    outer loop
      vertex -37.75251262658471 5.1713392950129435 7.505025253169417
      vertex -37.661925960798825 5.014438587383534 7.818826668428235
      vertex -38 4.9238519215976515 7.818826668428235
    endloop
  endfacet
  facet normal 0.6175653985825016 -0.6175653985824949 -0.48705847384814116
    outer loop
      vertex -37.57133929501294 5.352512626584708 7.505025253169417
      vertex -37.414438587383536 5.261925960798826 7.818826668428235
      vertex -37.661925960798825 5.014438587383534 7.818826668428235
    endloop
  endfacet
  facet normal 0.843610022961954 -0.2260446243794639 -0.4870584738481391
    outer loop
      vertex -37.57133929501294 5.352512626584708 7.505025253169417
      vertex -37.32385192159765 5.6 7.818826668428235
      vertex -37.414438587383536 5.261925960798826 7.818826668428235
    endloop
  endfacet
  facet normal 0.6175653985824818 0.6175653985825031 -0.48705847384815554
    outer loop
      vertex -37.75251262658471 6.028660704987056 7.505025253169417
      vertex -37.661925960798825 6.185561412616465 7.818826668428235
      vertex -37.57133929501294 5.847487373415292 7.505025253169417
    endloop
  endfacet
  facet normal 0.22604462437945538 0.8436100229619494 -0.4870584738481512
    outer loop
      vertex -37.75251262658471 6.028660704987056 7.505025253169417
      vertex -38 6.276148078402348 7.818826668428235
      vertex -37.661925960798825 6.185561412616465 7.818826668428235
    endloop
  endfacet
  facet normal 0.6175653985825016 0.6175653985824949 -0.48705847384814116
    outer loop
      vertex -37.57133929501294 5.847487373415292 7.505025253169417
      vertex -37.661925960798825 6.185561412616465 7.818826668428235
      vertex -37.414438587383536 5.938074039201173 7.818826668428235
    endloop
  endfacet
  facet normal 0.843610022961954 0.2260446243794639 -0.4870584738481391
    outer loop
      vertex -37.57133929501294 5.847487373415292 7.505025253169417
      vertex -37.414438587383536 5.938074039201173 7.818826668428235
      vertex -37.32385192159765 5.6 7.818826668428235
    endloop
  endfacet
  facet normal -0.7071067811865513 -0.7071067811865437 0
    outer loop
      vertex -38.585561412616464 5.261925960798826 7.818826668428235
      vertex -38.338074039201175 5.014438587383534 7.818826668428235
      vertex -38.585561412616464 5.261925960798826 8.181173331571765
    endloop
  endfacet
  facet normal -0.9659258262890661 -0.25881904510252857 0
    outer loop
      vertex -38.585561412616464 5.261925960798826 7.818826668428235
      vertex -38.585561412616464 5.261925960798826 8.181173331571765
      vertex -38.67614807840235 5.6 7.818826668428235
    endloop
  endfacet
  facet normal -0.9659258262890661 0.25881904510252857 0
    outer loop
      vertex -38.67614807840235 5.6 7.818826668428235
      vertex -38.67614807840235 5.6 8.181173331571765
      vertex -38.585561412616464 5.938074039201173 7.818826668428235
    endloop
  endfacet
  facet normal -0.25881904510252085 -0.9659258262890682 0
    outer loop
      vertex -38 4.9238519215976515 7.818826668428235
      vertex -38.338074039201175 5.014438587383534 8.181173331571765
      vertex -38.338074039201175 5.014438587383534 7.818826668428235
    endloop
  endfacet
  facet normal 0.25881904510252085 -0.9659258262890682 0
    outer loop
      vertex -38 4.9238519215976515 7.818826668428235
      vertex -37.661925960798825 5.014438587383534 7.818826668428235
      vertex -38 4.9238519215976515 8.181173331571765
    endloop
  endfacet
  facet normal -0.7071067811865513 0.7071067811865437 0
    outer loop
      vertex -38.585561412616464 5.938074039201173 7.818826668428235
      vertex -38.338074039201175 6.185561412616465 8.181173331571765
      vertex -38.338074039201175 6.185561412616465 7.818826668428235
    endloop
  endfacet
  facet normal -0.25881904510252085 0.9659258262890682 0
    outer loop
      vertex -38.338074039201175 6.185561412616465 7.818826668428235
      vertex -38 6.276148078402348 8.181173331571765
      vertex -38 6.276148078402348 7.818826668428235
    endloop
  endfacet
  facet normal -0.7071067811865513 -0.7071067811865437 0
    outer loop
      vertex -38.338074039201175 5.014438587383534 7.818826668428235
      vertex -38.338074039201175 5.014438587383534 8.181173331571765
      vertex -38.585561412616464 5.261925960798826 8.181173331571765
    endloop
  endfacet
  facet normal -0.9659258262890661 -0.25881904510252857 0
    outer loop
      vertex -38.67614807840235 5.6 7.818826668428235
      vertex -38.585561412616464 5.261925960798826 8.181173331571765
      vertex -38.67614807840235 5.6 8.181173331571765
    endloop
  endfacet
  facet normal -0.25881904510252085 -0.9659258262890682 0
    outer loop
      vertex -38 4.9238519215976515 7.818826668428235
      vertex -38 4.9238519215976515 8.181173331571765
      vertex -38.338074039201175 5.014438587383534 8.181173331571765
    endloop
  endfacet
  facet normal -0.9659258262890661 0.25881904510252857 0
    outer loop
      vertex -38.585561412616464 5.938074039201173 7.818826668428235
      vertex -38.67614807840235 5.6 8.181173331571765
      vertex -38.585561412616464 5.938074039201173 8.181173331571765
    endloop
  endfacet
  facet normal -0.7071067811865513 0.7071067811865437 0
    outer loop
      vertex -38.585561412616464 5.938074039201173 7.818826668428235
      vertex -38.585561412616464 5.938074039201173 8.181173331571765
      vertex -38.338074039201175 6.185561412616465 8.181173331571765
    endloop
  endfacet
  facet normal -0.25881904510252085 0.9659258262890682 0
    outer loop
      vertex -38.338074039201175 6.185561412616465 7.818826668428235
      vertex -38.338074039201175 6.185561412616465 8.181173331571765
      vertex -38 6.276148078402348 8.181173331571765
    endloop
  endfacet
  facet normal 0.25881904510252085 0.9659258262890682 0
    outer loop
      vertex -38 6.276148078402348 7.818826668428235
      vertex -38 6.276148078402348 8.181173331571765
      vertex -37.661925960798825 6.185561412616465 8.181173331571765
    endloop
  endfacet
  facet normal 0.7071067811865513 -0.7071067811865437 0
    outer loop
      vertex -37.661925960798825 5.014438587383534 7.818826668428235
      vertex -37.414438587383536 5.261925960798826 7.818826668428235
      vertex -37.661925960798825 5.014438587383534 8.181173331571765
    endloop
  endfacet
  facet normal 0.9659258262890661 -0.25881904510252857 0
    outer loop
      vertex -37.414438587383536 5.261925960798826 7.818826668428235
      vertex -37.32385192159765 5.6 7.818826668428235
      vertex -37.32385192159765 5.6 8.181173331571765
    endloop
  endfacet
  facet normal 0.7071067811865513 0.7071067811865437 0
    outer loop
      vertex -37.661925960798825 6.185561412616465 7.818826668428235
      vertex -37.414438587383536 5.938074039201173 8.181173331571765
      vertex -37.414438587383536 5.938074039201173 7.818826668428235
    endloop
  endfacet
  facet normal 0.25881904510252085 0.9659258262890682 0
    outer loop
      vertex -38 6.276148078402348 7.818826668428235
      vertex -37.661925960798825 6.185561412616465 8.181173331571765
      vertex -37.661925960798825 6.185561412616465 7.818826668428235
    endloop
  endfacet
  facet normal 0.9659258262890661 0.25881904510252857 0
    outer loop
      vertex -37.32385192159765 5.6 7.818826668428235
      vertex -37.414438587383536 5.938074039201173 7.818826668428235
      vertex -37.414438587383536 5.938074039201173 8.181173331571765
    endloop
  endfacet
  facet normal 0.25881904510252085 -0.9659258262890682 0
    outer loop
      vertex -37.661925960798825 5.014438587383534 7.818826668428235
      vertex -37.661925960798825 5.014438587383534 8.181173331571765
      vertex -38 4.9238519215976515 8.181173331571765
    endloop
  endfacet
  facet normal 0.7071067811865513 -0.7071067811865437 0
    outer loop
      vertex -37.414438587383536 5.261925960798826 7.818826668428235
      vertex -37.414438587383536 5.261925960798826 8.181173331571765
      vertex -37.661925960798825 5.014438587383534 8.181173331571765
    endloop
  endfacet
  facet normal 0.9659258262890661 -0.25881904510252857 0
    outer loop
      vertex -37.414438587383536 5.261925960798826 7.818826668428235
      vertex -37.32385192159765 5.6 8.181173331571765
      vertex -37.414438587383536 5.261925960798826 8.181173331571765
    endloop
  endfacet
  facet normal 0.9659258262890661 0.25881904510252857 0
    outer loop
      vertex -37.32385192159765 5.6 7.818826668428235
      vertex -37.414438587383536 5.938074039201173 8.181173331571765
      vertex -37.32385192159765 5.6 8.181173331571765
    endloop
  endfacet
  facet normal 0.7071067811865513 0.7071067811865437 0
    outer loop
      vertex -37.661925960798825 6.185561412616465 7.818826668428235
      vertex -37.661925960798825 6.185561412616465 8.181173331571765
      vertex -37.414438587383536 5.938074039201173 8.181173331571765
    endloop
  endfacet
  facet normal -0.6175653985824971 -0.6175653985824904 0.48705847384815226
    outer loop
      vertex -38.585561412616464 5.261925960798826 8.181173331571765
      vertex -38.338074039201175 5.014438587383534 8.181173331571765
      vertex -38.24748737341529 5.1713392950129435 8.494974746830584
    endloop
  endfacet
  facet normal -0.8436100229619548 -0.22604462437946402 0.48705847384813816
    outer loop
      vertex -38.585561412616464 5.261925960798826 8.181173331571765
      vertex -38.42866070498706 5.352512626584708 8.494974746830584
      vertex -38.67614807840235 5.6 8.181173331571765
    endloop
  endfacet
  facet normal -0.22604462437945547 -0.8436100229619499 0.48705847384815015
    outer loop
      vertex -38 4.9238519215976515 8.181173331571765
      vertex -38.24748737341529 5.1713392950129435 8.494974746830584
      vertex -38.338074039201175 5.014438587383534 8.181173331571765
    endloop
  endfacet
  facet normal -0.6175653985824889 -0.61756539858251 0.4870584738481378
    outer loop
      vertex -38.585561412616464 5.261925960798826 8.181173331571765
      vertex -38.24748737341529 5.1713392950129435 8.494974746830584
      vertex -38.42866070498706 5.352512626584708 8.494974746830584
    endloop
  endfacet
  facet normal -0.8436100229619532 -0.2260446243794527 0.4870584738481458
    outer loop
      vertex -38.67614807840235 5.6 8.181173331571765
      vertex -38.42866070498706 5.352512626584708 8.494974746830584
      vertex -38.494974746830586 5.6 8.494974746830584
    endloop
  endfacet
  facet normal -0.8436100229619532 0.2260446243794527 0.4870584738481458
    outer loop
      vertex -38.67614807840235 5.6 8.181173331571765
      vertex -38.494974746830586 5.6 8.494974746830584
      vertex -38.42866070498706 5.847487373415292 8.494974746830584
    endloop
  endfacet
  facet normal -0.22604462437945744 -0.8436100229619502 0.4870584738481489
    outer loop
      vertex -38 4.9238519215976515 8.181173331571765
      vertex -38 5.1050252531694165 8.494974746830584
      vertex -38.24748737341529 5.1713392950129435 8.494974746830584
    endloop
  endfacet
  facet normal 0.22604462437945744 -0.8436100229619502 0.4870584738481489
    outer loop
      vertex -38 4.9238519215976515 8.181173331571765
      vertex -37.75251262658471 5.1713392950129435 8.494974746830584
      vertex -38 5.1050252531694165 8.494974746830584
    endloop
  endfacet
  facet normal -0.8436100229619548 0.22604462437946402 0.4870584738481382
    outer loop
      vertex -38.67614807840235 5.6 8.181173331571765
      vertex -38.42866070498706 5.847487373415292 8.494974746830584
      vertex -38.585561412616464 5.938074039201173 8.181173331571765
    endloop
  endfacet
  facet normal -0.6175653985825019 0.6175653985824952 0.48705847384814
    outer loop
      vertex -38.585561412616464 5.938074039201173 8.181173331571765
      vertex -38.42866070498706 5.847487373415292 8.494974746830584
      vertex -38.338074039201175 6.185561412616465 8.181173331571765
    endloop
  endfacet
  facet normal -0.22604462437945547 0.8436100229619499 0.48705847384815015
    outer loop
      vertex -38.338074039201175 6.185561412616465 8.181173331571765
      vertex -38.24748737341529 6.028660704987056 8.494974746830584
      vertex -38 6.276148078402348 8.181173331571765
    endloop
  endfacet
  facet normal -0.6175653985824823 0.6175653985825035 0.48705847384815454
    outer loop
      vertex -38.338074039201175 6.185561412616465 8.181173331571765
      vertex -38.42866070498706 5.847487373415292 8.494974746830584
      vertex -38.24748737341529 6.028660704987056 8.494974746830584
    endloop
  endfacet
  facet normal -0.22604462437945744 0.8436100229619502 0.4870584738481489
    outer loop
      vertex -38 6.276148078402348 8.181173331571765
      vertex -38.24748737341529 6.028660704987056 8.494974746830584
      vertex -38 6.094974746830583 8.494974746830584
    endloop
  endfacet
  facet normal 0.22604462437945744 0.8436100229619502 0.4870584738481489
    outer loop
      vertex -38 6.276148078402348 8.181173331571765
      vertex -38 6.094974746830583 8.494974746830584
      vertex -37.75251262658471 6.028660704987056 8.494974746830584
    endloop
  endfacet
  facet normal 0.22604462437945547 -0.8436100229619499 0.48705847384815015
    outer loop
      vertex -38 4.9238519215976515 8.181173331571765
      vertex -37.661925960798825 5.014438587383534 8.181173331571765
      vertex -37.75251262658471 5.1713392950129435 8.494974746830584
    endloop
  endfacet
  facet normal 0.6175653985824971 -0.6175653985824904 0.48705847384815226
    outer loop
      vertex -37.661925960798825 5.014438587383534 8.181173331571765
      vertex -37.414438587383536 5.261925960798826 8.181173331571765
      vertex -37.75251262658471 5.1713392950129435 8.494974746830584
    endloop
  endfacet
  facet normal 0.8436100229619548 -0.22604462437946402 0.48705847384813816
    outer loop
      vertex -37.414438587383536 5.261925960798826 8.181173331571765
      vertex -37.32385192159765 5.6 8.181173331571765
      vertex -37.57133929501294 5.352512626584708 8.494974746830584
    endloop
  endfacet
  facet normal 0.6175653985824889 -0.61756539858251 0.4870584738481378
    outer loop
      vertex -37.414438587383536 5.261925960798826 8.181173331571765
      vertex -37.57133929501294 5.352512626584708 8.494974746830584
      vertex -37.75251262658471 5.1713392950129435 8.494974746830584
    endloop
  endfacet
  facet normal 0.8436100229619532 -0.2260446243794527 0.4870584738481458
    outer loop
      vertex -37.32385192159765 5.6 8.181173331571765
      vertex -37.505025253169414 5.6 8.494974746830584
      vertex -37.57133929501294 5.352512626584708 8.494974746830584
    endloop
  endfacet
  facet normal 0.8436100229619532 0.2260446243794527 0.4870584738481458
    outer loop
      vertex -37.32385192159765 5.6 8.181173331571765
      vertex -37.57133929501294 5.847487373415292 8.494974746830584
      vertex -37.505025253169414 5.6 8.494974746830584
    endloop
  endfacet
  facet normal 0.22604462437945547 0.8436100229619499 0.48705847384815015
    outer loop
      vertex -38 6.276148078402348 8.181173331571765
      vertex -37.75251262658471 6.028660704987056 8.494974746830584
      vertex -37.661925960798825 6.185561412616465 8.181173331571765
    endloop
  endfacet
  facet normal 0.6175653985825019 0.6175653985824952 0.48705847384814005
    outer loop
      vertex -37.661925960798825 6.185561412616465 8.181173331571765
      vertex -37.57133929501294 5.847487373415292 8.494974746830584
      vertex -37.414438587383536 5.938074039201173 8.181173331571765
    endloop
  endfacet
  facet normal 0.8436100229619548 0.22604462437946402 0.4870584738481382
    outer loop
      vertex -37.32385192159765 5.6 8.181173331571765
      vertex -37.414438587383536 5.938074039201173 8.181173331571765
      vertex -37.57133929501294 5.847487373415292 8.494974746830584
    endloop
  endfacet
  facet normal 0.6175653985824823 0.6175653985825035 0.48705847384815454
    outer loop
      vertex -37.661925960798825 6.185561412616465 8.181173331571765
      vertex -37.75251262658471 6.028660704987056 8.494974746830584
      vertex -37.57133929501294 5.847487373415292 8.494974746830584
    endloop
  endfacet
  facet normal -0.4955722198350748 -0.13278817609610505 0.8583562635740513
    outer loop
      vertex -38.494974746830586 5.6 8.494974746830584
      vertex -38.42866070498706 5.352512626584708 8.494974746830584
      vertex -38.15690070762941 5.509413334214117 8.676148078402347
    endloop
  endfacet
  facet normal -0.4955722198350748 0.13278817609610505 0.8583562635740513
    outer loop
      vertex -38.494974746830586 5.6 8.494974746830584
      vertex -38.15690070762941 5.690586665785882 8.676148078402347
      vertex -38.42866070498706 5.847487373415292 8.494974746830584
    endloop
  endfacet
  facet normal -0.3627840437389642 -0.36278404373897666 0.8583562635740485
    outer loop
      vertex -38.42866070498706 5.352512626584708 8.494974746830584
      vertex -38.24748737341529 5.1713392950129435 8.494974746830584
      vertex -38.090586665785885 5.44309929237059 8.676148078402347
    endloop
  endfacet
  facet normal -0.1327881760961086 -0.4955722198350761 0.8583562635740498
    outer loop
      vertex -38.24748737341529 5.1713392950129435 8.494974746830584
      vertex -38 5.1050252531694165 8.494974746830584
      vertex -38 5.418826668428235 8.676148078402347
    endloop
  endfacet
  facet normal 0.1327881760961086 -0.4955722198350761 0.8583562635740498
    outer loop
      vertex -38 5.1050252531694165 8.494974746830584
      vertex -37.75251262658471 5.1713392950129435 8.494974746830584
      vertex -38 5.418826668428235 8.676148078402347
    endloop
  endfacet
  facet normal -0.4955722198350723 -0.13278817609608815 0.8583562635740553
    outer loop
      vertex -38.494974746830586 5.6 8.494974746830584
      vertex -38.15690070762941 5.509413334214117 8.676148078402347
      vertex -38.18117333157176 5.6 8.676148078402347
    endloop
  endfacet
  facet normal -0.4955722198350723 0.13278817609608815 0.8583562635740553
    outer loop
      vertex -38.494974746830586 5.6 8.494974746830584
      vertex -38.18117333157176 5.6 8.676148078402347
      vertex -38.15690070762941 5.690586665785882 8.676148078402347
    endloop
  endfacet
  facet normal -0.1327881760961055 -0.4955722198350789 0.8583562635740489
    outer loop
      vertex -38.24748737341529 5.1713392950129435 8.494974746830584
      vertex -38 5.418826668428235 8.676148078402347
      vertex -38.090586665785885 5.44309929237059 8.676148078402347
    endloop
  endfacet
  facet normal 0.13278817609610527 -0.49557221983507876 0.8583562635740488
    outer loop
      vertex -38 5.418826668428235 8.676148078402347
      vertex -37.75251262658471 5.1713392950129435 8.494974746830584
      vertex -37.909413334214115 5.44309929237059 8.676148078402347
    endloop
  endfacet
  facet normal -0.3627840437389691 -0.3627840437389644 0.8583562635740516
    outer loop
      vertex -38.42866070498706 5.352512626584708 8.494974746830584
      vertex -38.090586665785885 5.44309929237059 8.676148078402347
      vertex -38.15690070762941 5.509413334214117 8.676148078402347
    endloop
  endfacet
  facet normal 0 0 1
    outer loop
      vertex -38.090586665785885 5.44309929237059 8.676148078402347
      vertex -38 5.418826668428235 8.676148078402347
      vertex -37.909413334214115 5.44309929237059 8.676148078402347
    endloop
  endfacet
  facet normal 0 0 1
    outer loop
      vertex -38.090586665785885 5.44309929237059 8.676148078402347
      vertex -37.84309929237059 5.509413334214117 8.676148078402347
      vertex -38.15690070762941 5.509413334214117 8.676148078402347
    endloop
  endfacet
  facet normal 0 0 1
    outer loop
      vertex -38.090586665785885 5.44309929237059 8.676148078402347
      vertex -37.909413334214115 5.44309929237059 8.676148078402347
      vertex -37.84309929237059 5.509413334214117 8.676148078402347
    endloop
  endfacet
  facet normal 0 0 1
    outer loop
      vertex -38.15690070762941 5.509413334214117 8.676148078402347
      vertex -37.84309929237059 5.509413334214117 8.676148078402347
      vertex -37.81882666842824 5.6 8.676148078402347
    endloop
  endfacet
  facet normal 0 0 1
    outer loop
      vertex -38.15690070762941 5.509413334214117 8.676148078402347
      vertex -37.81882666842824 5.6 8.676148078402347
      vertex -38.18117333157176 5.6 8.676148078402347
    endloop
  endfacet
  facet normal 0 0 1
    outer loop
      vertex -38.15690070762941 5.690586665785882 8.676148078402347
      vertex -37.84309929237059 5.690586665785882 8.676148078402347
      vertex -37.909413334214115 5.756900707629409 8.676148078402347
    endloop
  endfacet
  facet normal 0 0 1
    outer loop
      vertex -38.18117333157176 5.6 8.676148078402347
      vertex -37.84309929237059 5.690586665785882 8.676148078402347
      vertex -38.15690070762941 5.690586665785882 8.676148078402347
    endloop
  endfacet
  facet normal 0 0 1
    outer loop
      vertex -38.15690070762941 5.690586665785882 8.676148078402347
      vertex -37.909413334214115 5.756900707629409 8.676148078402347
      vertex -38.090586665785885 5.756900707629409 8.676148078402347
    endloop
  endfacet
  facet normal 0 0 1
    outer loop
      vertex -38.18117333157176 5.6 8.676148078402347
      vertex -37.81882666842824 5.6 8.676148078402347
      vertex -37.84309929237059 5.690586665785882 8.676148078402347
    endloop
  endfacet
  facet normal -0.3627840437389642 0.36278404373897666 0.8583562635740485
    outer loop
      vertex -38.42866070498706 5.847487373415292 8.494974746830584
      vertex -38.090586665785885 5.756900707629409 8.676148078402347
      vertex -38.24748737341529 6.028660704987056 8.494974746830584
    endloop
  endfacet
  facet normal -0.1327881760961086 0.4955722198350761 0.8583562635740498
    outer loop
      vertex -38.24748737341529 6.028660704987056 8.494974746830584
      vertex -38 5.781173331571765 8.676148078402347
      vertex -38 6.094974746830583 8.494974746830584
    endloop
  endfacet
  facet normal 0.1327881760961086 0.4955722198350761 0.8583562635740498
    outer loop
      vertex -38 6.094974746830583 8.494974746830584
      vertex -38 5.781173331571765 8.676148078402347
      vertex -37.75251262658471 6.028660704987056 8.494974746830584
    endloop
  endfacet
  facet normal -0.3627840437389691 0.3627840437389644 0.8583562635740516
    outer loop
      vertex -38.42866070498706 5.847487373415292 8.494974746830584
      vertex -38.15690070762941 5.690586665785882 8.676148078402347
      vertex -38.090586665785885 5.756900707629409 8.676148078402347
    endloop
  endfacet
  facet normal -0.1327881760961055 0.4955722198350789 0.8583562635740489
    outer loop
      vertex -38.24748737341529 6.028660704987056 8.494974746830584
      vertex -38.090586665785885 5.756900707629409 8.676148078402347
      vertex -38 5.781173331571765 8.676148078402347
    endloop
  endfacet
  facet normal 0.13278817609610527 0.49557221983507876 0.8583562635740488
    outer loop
      vertex -37.909413334214115 5.756900707629409 8.676148078402347
      vertex -37.75251262658471 6.028660704987056 8.494974746830584
      vertex -38 5.781173331571765 8.676148078402347
    endloop
  endfacet
  facet normal 0 0 1
    outer loop
      vertex -38.090586665785885 5.756900707629409 8.676148078402347
      vertex -37.909413334214115 5.756900707629409 8.676148078402347
      vertex -38 5.781173331571765 8.676148078402347
    endloop
  endfacet
  facet normal 0.3627840437389642 -0.36278404373897677 0.8583562635740485
    outer loop
      vertex -37.909413334214115 5.44309929237059 8.676148078402347
      vertex -37.75251262658471 5.1713392950129435 8.494974746830584
      vertex -37.57133929501294 5.352512626584708 8.494974746830584
    endloop
  endfacet
  facet normal 0.4955722198350747 -0.13278817609610502 0.8583562635740513
    outer loop
      vertex -37.57133929501294 5.352512626584708 8.494974746830584
      vertex -37.505025253169414 5.6 8.494974746830584
      vertex -37.84309929237059 5.509413334214117 8.676148078402347
    endloop
  endfacet
  facet normal 0.4955722198350712 0.13278817609610408 0.8583562635740534
    outer loop
      vertex -37.505025253169414 5.6 8.494974746830584
      vertex -37.57133929501294 5.847487373415292 8.494974746830584
      vertex -37.81882666842824 5.6 8.676148078402347
    endloop
  endfacet
  facet normal 0.36278404373896916 -0.3627840437389643 0.8583562635740516
    outer loop
      vertex -37.909413334214115 5.44309929237059 8.676148078402347
      vertex -37.57133929501294 5.352512626584708 8.494974746830584
      vertex -37.84309929237059 5.509413334214117 8.676148078402347
    endloop
  endfacet
  facet normal 0.4955722198350723 -0.13278817609608815 0.8583562635740553
    outer loop
      vertex -37.505025253169414 5.6 8.494974746830584
      vertex -37.81882666842824 5.6 8.676148078402347
      vertex -37.84309929237059 5.509413334214117 8.676148078402347
    endloop
  endfacet
  facet normal 0.4955722198350819 0.13278817609609048 0.8583562635740494
    outer loop
      vertex -37.57133929501294 5.847487373415292 8.494974746830584
      vertex -37.84309929237059 5.690586665785882 8.676148078402347
      vertex -37.81882666842824 5.6 8.676148078402347
    endloop
  endfacet
  facet normal 0.3627840437389642 0.36278404373897677 0.8583562635740485
    outer loop
      vertex -37.909413334214115 5.756900707629409 8.676148078402347
      vertex -37.57133929501294 5.847487373415292 8.494974746830584
      vertex -37.75251262658471 6.028660704987056 8.494974746830584
    endloop
  endfacet
  facet normal 0.36278404373896916 0.3627840437389643 0.8583562635740516
    outer loop
      vertex -37.909413334214115 5.756900707629409 8.676148078402347
      vertex -37.84309929237059 5.690586665785882 8.676148078402347
      vertex -37.57133929501294 5.847487373415292 8.494974746830584
    endloop
  endfacet
  facet normal -0.36278404373896594 -0.36278404373898443 -0.8583562635740446
    outer loop
      vertex 5.402010101267766 37.80201010126777 7.386612204649416
      vertex 5.1713392950129435 37.75251262658471 7.505025253169417
      vertex 5.3575128869403565 37.86 7.380909525217808
    endloop
  endfacet
  facet normal -0.49557221983507677 -0.13278817609611607 -0.8583562635740483
    outer loop
      vertex 5.3575128869403565 37.86 7.380909525217808
      vertex 5.1713392950129435 37.75251262658471 7.505025253169417
      vertex 5.329540768639061 37.92753066737129 7.386612204649415
    endloop
  endfacet
  facet normal -0.3627840437389886 -0.36278404373895645 -0.8583562635740469
    outer loop
      vertex 5.402010101267766 37.80201010126777 7.386612204649416
      vertex 5.46 37.757512886940354 7.380909525217808
      vertex 5.352512626584708 37.57133929501294 7.505025253169417
    endloop
  endfacet
  facet normal -0.13278817609607316 -0.49557221983506605 -0.8583562635740611
    outer loop
      vertex 5.46 37.757512886940354 7.380909525217808
      vertex 5.527530667371294 37.72954076863906 7.386612204649416
      vertex 5.6 37.505025253169414 7.505025253169417
    endloop
  endfacet
  facet normal -0.13278817609612262 -0.4955722198350751 -0.8583562635740484
    outer loop
      vertex 5.527530667371294 37.72954076863906 7.386612204649416
      vertex 5.6 37.72 7.380909525217808
      vertex 5.6 37.505025253169414 7.505025253169417
    endloop
  endfacet
  facet normal 0.13278817609612262 -0.4955722198350751 -0.8583562635740484
    outer loop
      vertex 5.6 37.72 7.380909525217808
      vertex 5.6724693326287055 37.72954076863906 7.386612204649416
      vertex 5.6 37.505025253169414 7.505025253169417
    endloop
  endfacet
  facet normal 0.13278817609608395 -0.49557221983508903 -0.8583562635740463
    outer loop
      vertex 5.6724693326287055 37.72954076863906 7.386612204649416
      vertex 5.739999999999999 37.757512886940354 7.380909525217808
      vertex 5.847487373415292 37.57133929501294 7.505025253169417
    endloop
  endfacet
  facet normal 0.3627840437389886 -0.36278404373895645 -0.8583562635740469
    outer loop
      vertex 5.739999999999999 37.757512886940354 7.380909525217808
      vertex 5.797989898732233 37.80201010126777 7.386612204649416
      vertex 5.847487373415292 37.57133929501294 7.505025253169417
    endloop
  endfacet
  facet normal 0.36278404373896594 -0.36278404373898443 -0.8583562635740446
    outer loop
      vertex 5.797989898732233 37.80201010126777 7.386612204649416
      vertex 5.842487113059643 37.86 7.380909525217808
      vertex 6.028660704987056 37.75251262658471 7.505025253169417
    endloop
  endfacet
  facet normal 0.49557221983507677 -0.13278817609611607 -0.8583562635740483
    outer loop
      vertex 5.842487113059643 37.86 7.380909525217808
      vertex 5.870459231360939 37.92753066737129 7.386612204649415
      vertex 6.028660704987056 37.75251262658471 7.505025253169417
    endloop
  endfacet
  facet normal -0.36278404373897405 -0.36278404373896156 -0.8583562635740508
    outer loop
      vertex 5.402010101267766 37.80201010126777 7.386612204649416
      vertex 5.352512626584708 37.57133929501294 7.505025253169417
      vertex 5.1713392950129435 37.75251262658471 7.505025253169417
    endloop
  endfacet
  facet normal -0.13278817609610594 -0.4955722198350782 -0.8583562635740491
    outer loop
      vertex 5.46 37.757512886940354 7.380909525217808
      vertex 5.6 37.505025253169414 7.505025253169417
      vertex 5.352512626584708 37.57133929501294 7.505025253169417
    endloop
  endfacet
  facet normal 0.1327881760961042 -0.4955722198350717 -0.8583562635740531
    outer loop
      vertex 5.6724693326287055 37.72954076863906 7.386612204649416
      vertex 5.847487373415292 37.57133929501294 7.505025253169417
      vertex 5.6 37.505025253169414 7.505025253169417
    endloop
  endfacet
  facet normal 0.36278404373897405 -0.36278404373896156 -0.8583562635740508
    outer loop
      vertex 5.797989898732233 37.80201010126777 7.386612204649416
      vertex 6.028660704987056 37.75251262658471 7.505025253169417
      vertex 5.847487373415292 37.57133929501294 7.505025253169417
    endloop
  endfacet
  facet normal -0.4955722198350797 -0.13278817609609897 -0.8583562635740493
    outer loop
      vertex 5.329540768639061 37.92753066737129 7.386612204649415
      vertex 5.1050252531694165 38 7.505025253169417
      vertex 5.319999999999999 38 7.380909525217808
    endloop
  endfacet
  facet normal -0.4955722198350798 0.132788176096099 -0.8583562635740493
    outer loop
      vertex 5.319999999999999 38 7.380909525217808
      vertex 5.1050252531694165 38 7.505025253169417
      vertex 5.329540768639061 38.07246933262871 7.386612204649415
    endloop
  endfacet
  facet normal -0.49557221983507677 0.13278817609611607 -0.8583562635740483
    outer loop
      vertex 5.329540768639061 38.07246933262871 7.386612204649415
      vertex 5.1713392950129435 38.24748737341529 7.505025253169417
      vertex 5.3575128869403565 38.14 7.380909525217808
    endloop
  endfacet
  facet normal -0.36278404373896583 0.36278404373898443 -0.8583562635740445
    outer loop
      vertex 5.3575128869403565 38.14 7.380909525217808
      vertex 5.1713392950129435 38.24748737341529 7.505025253169417
      vertex 5.402010101267766 38.19798989873223 7.386612204649416
    endloop
  endfacet
  facet normal -0.3627840437389886 0.36278404373895645 -0.8583562635740469
    outer loop
      vertex 5.402010101267766 38.19798989873223 7.386612204649416
      vertex 5.352512626584708 38.42866070498706 7.505025253169417
      vertex 5.46 38.242487113059646 7.380909525217808
    endloop
  endfacet
  facet normal -0.13278817609608395 0.49557221983508903 -0.8583562635740463
    outer loop
      vertex 5.46 38.242487113059646 7.380909525217808
      vertex 5.352512626584708 38.42866070498706 7.505025253169417
      vertex 5.527530667371294 38.27045923136094 7.386612204649416
    endloop
  endfacet
  facet normal -0.13278817609612262 0.4955722198350751 -0.8583562635740484
    outer loop
      vertex 5.527530667371294 38.27045923136094 7.386612204649416
      vertex 5.6 38.494974746830586 7.505025253169417
      vertex 5.6 38.28 7.380909525217808
    endloop
  endfacet
  facet normal 0.13278817609612262 0.4955722198350751 -0.8583562635740484
    outer loop
      vertex 5.6724693326287055 38.27045923136094 7.386612204649416
      vertex 5.6 38.28 7.380909525217808
      vertex 5.6 38.494974746830586 7.505025253169417
    endloop
  endfacet
  facet normal 0.13278817609608395 0.49557221983508903 -0.8583562635740463
    outer loop
      vertex 5.6724693326287055 38.27045923136094 7.386612204649416
      vertex 5.847487373415292 38.42866070498706 7.505025253169417
      vertex 5.739999999999999 38.242487113059646 7.380909525217808
    endloop
  endfacet
  facet normal 0.4955722198350797 -0.13278817609609897 -0.8583562635740493
    outer loop
      vertex 5.870459231360939 37.92753066737129 7.386612204649415
      vertex 5.88 38 7.380909525217808
      vertex 6.094974746830583 38 7.505025253169417
    endloop
  endfacet
  facet normal 0.4955722198350798 0.132788176096099 -0.8583562635740493
    outer loop
      vertex 5.88 38 7.380909525217808
      vertex 5.870459231360939 38.07246933262871 7.386612204649415
      vertex 6.094974746830583 38 7.505025253169417
    endloop
  endfacet
  facet normal 0.49557221983507677 0.13278817609611607 -0.8583562635740483
    outer loop
      vertex 5.842487113059643 38.14 7.380909525217808
      vertex 6.028660704987056 38.24748737341529 7.505025253169417
      vertex 5.870459231360939 38.07246933262871 7.386612204649415
    endloop
  endfacet
  facet normal 0.36278404373896583 0.36278404373898443 -0.8583562635740445
    outer loop
      vertex 5.842487113059643 38.14 7.380909525217808
      vertex 5.797989898732233 38.19798989873223 7.386612204649416
      vertex 6.028660704987056 38.24748737341529 7.505025253169417
    endloop
  endfacet
  facet normal 0.3627840437389886 0.36278404373895645 -0.8583562635740469
    outer loop
      vertex 5.739999999999999 38.242487113059646 7.380909525217808
      vertex 5.847487373415292 38.42866070498706 7.505025253169417
      vertex 5.797989898732233 38.19798989873223 7.386612204649416
    endloop
  endfacet
  facet normal -0.49557221983508176 -0.13278817609611016 -0.8583562635740464
    outer loop
      vertex 5.1713392950129435 37.75251262658471 7.505025253169417
      vertex 5.1050252531694165 38 7.505025253169417
      vertex 5.329540768639061 37.92753066737129 7.386612204649415
    endloop
  endfacet
  facet normal -0.49557221983508176 0.13278817609611016 -0.8583562635740464
    outer loop
      vertex 5.329540768639061 38.07246933262871 7.386612204649415
      vertex 5.1050252531694165 38 7.505025253169417
      vertex 5.1713392950129435 38.24748737341529 7.505025253169417
    endloop
  endfacet
  facet normal -0.36278404373897405 0.36278404373896156 -0.8583562635740508
    outer loop
      vertex 5.402010101267766 38.19798989873223 7.386612204649416
      vertex 5.1713392950129435 38.24748737341529 7.505025253169417
      vertex 5.352512626584708 38.42866070498706 7.505025253169417
    endloop
  endfacet
  facet normal -0.1327881760961042 0.4955722198350717 -0.8583562635740531
    outer loop
      vertex 5.527530667371294 38.27045923136094 7.386612204649416
      vertex 5.352512626584708 38.42866070498706 7.505025253169417
      vertex 5.6 38.494974746830586 7.505025253169417
    endloop
  endfacet
  facet normal 0.1327881760961042 0.4955722198350717 -0.8583562635740531
    outer loop
      vertex 5.6724693326287055 38.27045923136094 7.386612204649416
      vertex 5.6 38.494974746830586 7.505025253169417
      vertex 5.847487373415292 38.42866070498706 7.505025253169417
    endloop
  endfacet
  facet normal 0.49557221983508176 -0.13278817609611016 -0.8583562635740464
    outer loop
      vertex 6.028660704987056 37.75251262658471 7.505025253169417
      vertex 5.870459231360939 37.92753066737129 7.386612204649415
      vertex 6.094974746830583 38 7.505025253169417
    endloop
  endfacet
  facet normal 0.49557221983508176 0.13278817609611016 -0.8583562635740464
    outer loop
      vertex 5.870459231360939 38.07246933262871 7.386612204649415
      vertex 6.028660704987056 38.24748737341529 7.505025253169417
      vertex 6.094974746830583 38 7.505025253169417
    endloop
  endfacet
  facet normal 0.36278404373897405 0.36278404373896156 -0.8583562635740508
    outer loop
      vertex 5.797989898732233 38.19798989873223 7.386612204649416
      vertex 5.847487373415292 38.42866070498706 7.505025253169417
      vertex 6.028660704987056 38.24748737341529 7.505025253169417
    endloop
  endfacet
  facet normal -0.6175653985825031 -0.6175653985824818 -0.48705847384815554
    outer loop
      vertex 5.1713392950129435 37.75251262658471 7.505025253169417
      vertex 5.352512626584708 37.57133929501294 7.505025253169417
      vertex 5.014438587383534 37.661925960798825 7.818826668428235
    endloop
  endfacet
  facet normal -0.2260446243794526 -0.8436100229619526 -0.48705847384814693
    outer loop
      vertex 5.352512626584708 37.57133929501294 7.505025253169417
      vertex 5.6 37.505025253169414 7.505025253169417
      vertex 5.6 37.32385192159765 7.818826668428235
    endloop
  endfacet
  facet normal 0.2260446243794526 -0.8436100229619526 -0.48705847384814693
    outer loop
      vertex 5.6 37.505025253169414 7.505025253169417
      vertex 5.847487373415292 37.57133929501294 7.505025253169417
      vertex 5.6 37.32385192159765 7.818826668428235
    endloop
  endfacet
  facet normal -0.8436100229619494 -0.22604462437945538 -0.4870584738481512
    outer loop
      vertex 5.1713392950129435 37.75251262658471 7.505025253169417
      vertex 5.014438587383534 37.661925960798825 7.818826668428235
      vertex 4.9238519215976515 38 7.818826668428235
    endloop
  endfacet
  facet normal -0.6175653985824949 -0.6175653985825016 -0.48705847384814116
    outer loop
      vertex 5.352512626584708 37.57133929501294 7.505025253169417
      vertex 5.261925960798826 37.414438587383536 7.818826668428235
      vertex 5.014438587383534 37.661925960798825 7.818826668428235
    endloop
  endfacet
  facet normal -0.2260446243794639 -0.843610022961954 -0.4870584738481391
    outer loop
      vertex 5.352512626584708 37.57133929501294 7.505025253169417
      vertex 5.6 37.32385192159765 7.818826668428235
      vertex 5.261925960798826 37.414438587383536 7.818826668428235
    endloop
  endfacet
  facet normal 0.6175653985825031 -0.6175653985824818 -0.48705847384815554
    outer loop
      vertex 5.847487373415292 37.57133929501294 7.505025253169417
      vertex 6.028660704987056 37.75251262658471 7.505025253169417
      vertex 6.185561412616465 37.661925960798825 7.818826668428235
    endloop
  endfacet
  facet normal 0.2260446243794639 -0.843610022961954 -0.4870584738481391
    outer loop
      vertex 5.847487373415292 37.57133929501294 7.505025253169417
      vertex 5.938074039201173 37.414438587383536 7.818826668428235
      vertex 5.6 37.32385192159765 7.818826668428235
    endloop
  endfacet
  facet normal 0.6175653985824949 -0.6175653985825016 -0.48705847384814116
    outer loop
      vertex 5.847487373415292 37.57133929501294 7.505025253169417
      vertex 6.185561412616465 37.661925960798825 7.818826668428235
      vertex 5.938074039201173 37.414438587383536 7.818826668428235
    endloop
  endfacet
  facet normal 0.8436100229619494 -0.22604462437945538 -0.4870584738481512
    outer loop
      vertex 6.028660704987056 37.75251262658471 7.505025253169417
      vertex 6.276148078402348 38 7.818826668428235
      vertex 6.185561412616465 37.661925960798825 7.818826668428235
    endloop
  endfacet
  facet normal -0.8436100229619495 -0.22604462437945722 -0.4870584738481499
    outer loop
      vertex 5.1713392950129435 37.75251262658471 7.505025253169417
      vertex 4.9238519215976515 38 7.818826668428235
      vertex 5.1050252531694165 38 7.505025253169417
    endloop
  endfacet
  facet normal -0.8436100229619495 0.22604462437945722 -0.4870584738481499
    outer loop
      vertex 5.1050252531694165 38 7.505025253169417
      vertex 4.9238519215976515 38 7.818826668428235
      vertex 5.1713392950129435 38.24748737341529 7.505025253169417
    endloop
  endfacet
  facet normal -0.6175653985825031 0.6175653985824818 -0.48705847384815554
    outer loop
      vertex 5.1713392950129435 38.24748737341529 7.505025253169417
      vertex 5.014438587383534 38.338074039201175 7.818826668428235
      vertex 5.352512626584708 38.42866070498706 7.505025253169417
    endloop
  endfacet
  facet normal -0.2260446243794526 0.8436100229619526 -0.48705847384814693
    outer loop
      vertex 5.352512626584708 38.42866070498706 7.505025253169417
      vertex 5.6 38.67614807840235 7.818826668428235
      vertex 5.6 38.494974746830586 7.505025253169417
    endloop
  endfacet
  facet normal 0.2260446243794526 0.8436100229619526 -0.48705847384814693
    outer loop
      vertex 5.6 38.494974746830586 7.505025253169417
      vertex 5.6 38.67614807840235 7.818826668428235
      vertex 5.847487373415292 38.42866070498706 7.505025253169417
    endloop
  endfacet
  facet normal -0.8436100229619494 0.22604462437945538 -0.4870584738481512
    outer loop
      vertex 5.1713392950129435 38.24748737341529 7.505025253169417
      vertex 4.9238519215976515 38 7.818826668428235
      vertex 5.014438587383534 38.338074039201175 7.818826668428235
    endloop
  endfacet
  facet normal -0.6175653985824949 0.6175653985825016 -0.48705847384814116
    outer loop
      vertex 5.352512626584708 38.42866070498706 7.505025253169417
      vertex 5.014438587383534 38.338074039201175 7.818826668428235
      vertex 5.261925960798826 38.585561412616464 7.818826668428235
    endloop
  endfacet
  facet normal -0.2260446243794639 0.843610022961954 -0.4870584738481391
    outer loop
      vertex 5.352512626584708 38.42866070498706 7.505025253169417
      vertex 5.261925960798826 38.585561412616464 7.818826668428235
      vertex 5.6 38.67614807840235 7.818826668428235
    endloop
  endfacet
  facet normal 0.8436100229619495 -0.22604462437945722 -0.4870584738481499
    outer loop
      vertex 6.028660704987056 37.75251262658471 7.505025253169417
      vertex 6.094974746830583 38 7.505025253169417
      vertex 6.276148078402348 38 7.818826668428235
    endloop
  endfacet
  facet normal 0.8436100229619495 0.22604462437945722 -0.4870584738481499
    outer loop
      vertex 6.094974746830583 38 7.505025253169417
      vertex 6.028660704987056 38.24748737341529 7.505025253169417
      vertex 6.276148078402348 38 7.818826668428235
    endloop
  endfacet
  facet normal 0.6175653985825031 0.6175653985824818 -0.48705847384815554
    outer loop
      vertex 6.028660704987056 38.24748737341529 7.505025253169417
      vertex 5.847487373415292 38.42866070498706 7.505025253169417
      vertex 6.185561412616465 38.338074039201175 7.818826668428235
    endloop
  endfacet
  facet normal 0.8436100229619494 0.22604462437945538 -0.4870584738481512
    outer loop
      vertex 6.028660704987056 38.24748737341529 7.505025253169417
      vertex 6.185561412616465 38.338074039201175 7.818826668428235
      vertex 6.276148078402348 38 7.818826668428235
    endloop
  endfacet
  facet normal 0.2260446243794639 0.843610022961954 -0.4870584738481391
    outer loop
      vertex 5.847487373415292 38.42866070498706 7.505025253169417
      vertex 5.6 38.67614807840235 7.818826668428235
      vertex 5.938074039201173 38.585561412616464 7.818826668428235
    endloop
  endfacet
  facet normal 0.6175653985824949 0.6175653985825016 -0.48705847384814116
    outer loop
      vertex 5.847487373415292 38.42866070498706 7.505025253169417
      vertex 5.938074039201173 38.585561412616464 7.818826668428235
      vertex 6.185561412616465 38.338074039201175 7.818826668428235
    endloop
  endfacet
  facet normal -0.7071067811865437 -0.7071067811865513 0
    outer loop
      vertex 5.261925960798826 37.414438587383536 7.818826668428235
      vertex 5.014438587383534 37.661925960798825 8.181173331571765
      vertex 5.014438587383534 37.661925960798825 7.818826668428235
    endloop
  endfacet
  facet normal -0.25881904510252857 -0.9659258262890661 0
    outer loop
      vertex 5.261925960798826 37.414438587383536 7.818826668428235
      vertex 5.6 37.32385192159765 7.818826668428235
      vertex 5.6 37.32385192159765 8.181173331571765
    endloop
  endfacet
  facet normal 0.25881904510252857 -0.9659258262890661 0
    outer loop
      vertex 5.6 37.32385192159765 7.818826668428235
      vertex 5.938074039201173 37.414438587383536 7.818826668428235
      vertex 5.938074039201173 37.414438587383536 8.181173331571765
    endloop
  endfacet
  facet normal 0.7071067811865437 -0.7071067811865513 0
    outer loop
      vertex 5.938074039201173 37.414438587383536 7.818826668428235
      vertex 6.185561412616465 37.661925960798825 7.818826668428235
      vertex 5.938074039201173 37.414438587383536 8.181173331571765
    endloop
  endfacet
  facet normal 0.9659258262890682 -0.25881904510252085 0
    outer loop
      vertex 6.185561412616465 37.661925960798825 7.818826668428235
      vertex 6.276148078402348 38 7.818826668428235
      vertex 6.185561412616465 37.661925960798825 8.181173331571765
    endloop
  endfacet
  facet normal -0.9659258262890682 -0.25881904510252085 0
    outer loop
      vertex 5.014438587383534 37.661925960798825 7.818826668428235
      vertex 5.014438587383534 37.661925960798825 8.181173331571765
      vertex 4.9238519215976515 38 8.181173331571765
    endloop
  endfacet
  facet normal -0.7071067811865437 -0.7071067811865513 0
    outer loop
      vertex 5.261925960798826 37.414438587383536 7.818826668428235
      vertex 5.261925960798826 37.414438587383536 8.181173331571765
      vertex 5.014438587383534 37.661925960798825 8.181173331571765
    endloop
  endfacet
  facet normal -0.25881904510252857 -0.9659258262890661 0
    outer loop
      vertex 5.261925960798826 37.414438587383536 7.818826668428235
      vertex 5.6 37.32385192159765 8.181173331571765
      vertex 5.261925960798826 37.414438587383536 8.181173331571765
    endloop
  endfacet
  facet normal 0.25881904510252857 -0.9659258262890661 0
    outer loop
      vertex 5.6 37.32385192159765 7.818826668428235
      vertex 5.938074039201173 37.414438587383536 8.181173331571765
      vertex 5.6 37.32385192159765 8.181173331571765
    endloop
  endfacet
  facet normal 0.7071067811865437 -0.7071067811865513 0
    outer loop
      vertex 6.185561412616465 37.661925960798825 7.818826668428235
      vertex 6.185561412616465 37.661925960798825 8.181173331571765
      vertex 5.938074039201173 37.414438587383536 8.181173331571765
    endloop
  endfacet
  facet normal -0.9659258262890682 -0.25881904510252085 0
    outer loop
      vertex 4.9238519215976515 38 7.818826668428235
      vertex 5.014438587383534 37.661925960798825 7.818826668428235
      vertex 4.9238519215976515 38 8.181173331571765
    endloop
  endfacet
  facet normal -0.9659258262890682 0.25881904510252085 0
    outer loop
      vertex 4.9238519215976515 38 7.818826668428235
      vertex 5.014438587383534 38.338074039201175 8.181173331571765
      vertex 5.014438587383534 38.338074039201175 7.818826668428235
    endloop
  endfacet
  facet normal -0.7071067811865437 0.7071067811865513 0
    outer loop
      vertex 5.014438587383534 38.338074039201175 7.818826668428235
      vertex 5.261925960798826 38.585561412616464 8.181173331571765
      vertex 5.261925960798826 38.585561412616464 7.818826668428235
    endloop
  endfacet
  facet normal -0.25881904510252857 0.9659258262890661 0
    outer loop
      vertex 5.261925960798826 38.585561412616464 7.818826668428235
      vertex 5.261925960798826 38.585561412616464 8.181173331571765
      vertex 5.6 38.67614807840235 7.818826668428235
    endloop
  endfacet
  facet normal 0.25881904510252857 0.9659258262890661 0
    outer loop
      vertex 5.6 38.67614807840235 7.818826668428235
      vertex 5.6 38.67614807840235 8.181173331571765
      vertex 5.938074039201173 38.585561412616464 7.818826668428235
    endloop
  endfacet
  facet normal 0.7071067811865437 0.7071067811865513 0
    outer loop
      vertex 5.938074039201173 38.585561412616464 7.818826668428235
      vertex 6.185561412616465 38.338074039201175 8.181173331571765
      vertex 6.185561412616465 38.338074039201175 7.818826668428235
    endloop
  endfacet
  facet normal 0.9659258262890682 0.25881904510252085 0
    outer loop
      vertex 6.276148078402348 38 7.818826668428235
      vertex 6.185561412616465 38.338074039201175 7.818826668428235
      vertex 6.276148078402348 38 8.181173331571765
    endloop
  endfacet
  facet normal -0.9659258262890682 0.25881904510252085 0
    outer loop
      vertex 4.9238519215976515 38 7.818826668428235
      vertex 4.9238519215976515 38 8.181173331571765
      vertex 5.014438587383534 38.338074039201175 8.181173331571765
    endloop
  endfacet
  facet normal -0.7071067811865437 0.7071067811865513 0
    outer loop
      vertex 5.014438587383534 38.338074039201175 7.818826668428235
      vertex 5.014438587383534 38.338074039201175 8.181173331571765
      vertex 5.261925960798826 38.585561412616464 8.181173331571765
    endloop
  endfacet
  facet normal -0.25881904510252857 0.9659258262890661 0
    outer loop
      vertex 5.6 38.67614807840235 7.818826668428235
      vertex 5.261925960798826 38.585561412616464 8.181173331571765
      vertex 5.6 38.67614807840235 8.181173331571765
    endloop
  endfacet
  facet normal 0.25881904510252857 0.9659258262890661 0
    outer loop
      vertex 5.938074039201173 38.585561412616464 7.818826668428235
      vertex 5.6 38.67614807840235 8.181173331571765
      vertex 5.938074039201173 38.585561412616464 8.181173331571765
    endloop
  endfacet
  facet normal 0.7071067811865437 0.7071067811865513 0
    outer loop
      vertex 5.938074039201173 38.585561412616464 7.818826668428235
      vertex 5.938074039201173 38.585561412616464 8.181173331571765
      vertex 6.185561412616465 38.338074039201175 8.181173331571765
    endloop
  endfacet
  facet normal 0.9659258262890682 -0.25881904510252085 0
    outer loop
      vertex 6.276148078402348 38 7.818826668428235
      vertex 6.276148078402348 38 8.181173331571765
      vertex 6.185561412616465 37.661925960798825 8.181173331571765
    endloop
  endfacet
  facet normal 0.9659258262890682 0.25881904510252085 0
    outer loop
      vertex 6.185561412616465 38.338074039201175 7.818826668428235
      vertex 6.185561412616465 38.338074039201175 8.181173331571765
      vertex 6.276148078402348 38 8.181173331571765
    endloop
  endfacet
  facet normal -0.8436100229619499 -0.22604462437945547 0.48705847384815015
    outer loop
      vertex 4.9238519215976515 38 8.181173331571765
      vertex 5.014438587383534 37.661925960798825 8.181173331571765
      vertex 5.1713392950129435 37.75251262658471 8.494974746830584
    endloop
  endfacet
  facet normal -0.6175653985824904 -0.6175653985824971 0.48705847384815226
    outer loop
      vertex 5.261925960798826 37.414438587383536 8.181173331571765
      vertex 5.1713392950129435 37.75251262658471 8.494974746830584
      vertex 5.014438587383534 37.661925960798825 8.181173331571765
    endloop
  endfacet
  facet normal -0.22604462437946402 -0.8436100229619548 0.48705847384813816
    outer loop
      vertex 5.261925960798826 37.414438587383536 8.181173331571765
      vertex 5.6 37.32385192159765 8.181173331571765
      vertex 5.352512626584708 37.57133929501294 8.494974746830584
    endloop
  endfacet
  facet normal -0.61756539858251 -0.6175653985824889 0.4870584738481378
    outer loop
      vertex 5.261925960798826 37.414438587383536 8.181173331571765
      vertex 5.352512626584708 37.57133929501294 8.494974746830584
      vertex 5.1713392950129435 37.75251262658471 8.494974746830584
    endloop
  endfacet
  facet normal -0.2260446243794527 -0.8436100229619532 0.4870584738481458
    outer loop
      vertex 5.6 37.32385192159765 8.181173331571765
      vertex 5.6 37.505025253169414 8.494974746830584
      vertex 5.352512626584708 37.57133929501294 8.494974746830584
    endloop
  endfacet
  facet normal 0.2260446243794527 -0.8436100229619532 0.4870584738481458
    outer loop
      vertex 5.6 37.32385192159765 8.181173331571765
      vertex 5.847487373415292 37.57133929501294 8.494974746830584
      vertex 5.6 37.505025253169414 8.494974746830584
    endloop
  endfacet
  facet normal 0.22604462437946402 -0.8436100229619548 0.4870584738481382
    outer loop
      vertex 5.6 37.32385192159765 8.181173331571765
      vertex 5.938074039201173 37.414438587383536 8.181173331571765
      vertex 5.847487373415292 37.57133929501294 8.494974746830584
    endloop
  endfacet
  facet normal 0.6175653985824952 -0.6175653985825019 0.48705847384814
    outer loop
      vertex 5.938074039201173 37.414438587383536 8.181173331571765
      vertex 6.185561412616465 37.661925960798825 8.181173331571765
      vertex 5.847487373415292 37.57133929501294 8.494974746830584
    endloop
  endfacet
  facet normal 0.8436100229619499 -0.22604462437945547 0.48705847384815015
    outer loop
      vertex 6.185561412616465 37.661925960798825 8.181173331571765
      vertex 6.276148078402348 38 8.181173331571765
      vertex 6.028660704987056 37.75251262658471 8.494974746830584
    endloop
  endfacet
  facet normal 0.6175653985825035 -0.6175653985824823 0.48705847384815454
    outer loop
      vertex 6.185561412616465 37.661925960798825 8.181173331571765
      vertex 6.028660704987056 37.75251262658471 8.494974746830584
      vertex 5.847487373415292 37.57133929501294 8.494974746830584
    endloop
  endfacet
  facet normal -0.8436100229619499 0.22604462437945547 0.48705847384815015
    outer loop
      vertex 4.9238519215976515 38 8.181173331571765
      vertex 5.1713392950129435 38.24748737341529 8.494974746830584
      vertex 5.014438587383534 38.338074039201175 8.181173331571765
    endloop
  endfacet
  facet normal -0.6175653985824904 0.6175653985824971 0.48705847384815226
    outer loop
      vertex 5.014438587383534 38.338074039201175 8.181173331571765
      vertex 5.1713392950129435 38.24748737341529 8.494974746830584
      vertex 5.261925960798826 38.585561412616464 8.181173331571765
    endloop
  endfacet
  facet normal -0.22604462437946402 0.8436100229619548 0.48705847384813816
    outer loop
      vertex 5.261925960798826 38.585561412616464 8.181173331571765
      vertex 5.352512626584708 38.42866070498706 8.494974746830584
      vertex 5.6 38.67614807840235 8.181173331571765
    endloop
  endfacet
  facet normal -0.8436100229619502 -0.22604462437945744 0.4870584738481489
    outer loop
      vertex 4.9238519215976515 38 8.181173331571765
      vertex 5.1713392950129435 37.75251262658471 8.494974746830584
      vertex 5.1050252531694165 38 8.494974746830584
    endloop
  endfacet
  facet normal -0.8436100229619502 0.22604462437945744 0.4870584738481489
    outer loop
      vertex 4.9238519215976515 38 8.181173331571765
      vertex 5.1050252531694165 38 8.494974746830584
      vertex 5.1713392950129435 38.24748737341529 8.494974746830584
    endloop
  endfacet
  facet normal -0.61756539858251 0.6175653985824889 0.4870584738481378
    outer loop
      vertex 5.261925960798826 38.585561412616464 8.181173331571765
      vertex 5.1713392950129435 38.24748737341529 8.494974746830584
      vertex 5.352512626584708 38.42866070498706 8.494974746830584
    endloop
  endfacet
  facet normal -0.2260446243794527 0.8436100229619532 0.4870584738481458
    outer loop
      vertex 5.6 38.67614807840235 8.181173331571765
      vertex 5.352512626584708 38.42866070498706 8.494974746830584
      vertex 5.6 38.494974746830586 8.494974746830584
    endloop
  endfacet
  facet normal 0.2260446243794527 0.8436100229619532 0.4870584738481458
    outer loop
      vertex 5.6 38.67614807840235 8.181173331571765
      vertex 5.6 38.494974746830586 8.494974746830584
      vertex 5.847487373415292 38.42866070498706 8.494974746830584
    endloop
  endfacet
  facet normal 0.8436100229619499 0.22604462437945547 0.48705847384815015
    outer loop
      vertex 6.276148078402348 38 8.181173331571765
      vertex 6.185561412616465 38.338074039201175 8.181173331571765
      vertex 6.028660704987056 38.24748737341529 8.494974746830584
    endloop
  endfacet
  facet normal 0.22604462437946402 0.8436100229619548 0.4870584738481382
    outer loop
      vertex 5.6 38.67614807840235 8.181173331571765
      vertex 5.847487373415292 38.42866070498706 8.494974746830584
      vertex 5.938074039201173 38.585561412616464 8.181173331571765
    endloop
  endfacet
  facet normal 0.6175653985824952 0.6175653985825019 0.48705847384814
    outer loop
      vertex 5.938074039201173 38.585561412616464 8.181173331571765
      vertex 5.847487373415292 38.42866070498706 8.494974746830584
      vertex 6.185561412616465 38.338074039201175 8.181173331571765
    endloop
  endfacet
  facet normal 0.8436100229619502 -0.22604462437945744 0.4870584738481489
    outer loop
      vertex 6.276148078402348 38 8.181173331571765
      vertex 6.094974746830583 38 8.494974746830584
      vertex 6.028660704987056 37.75251262658471 8.494974746830584
    endloop
  endfacet
  facet normal 0.8436100229619502 0.22604462437945744 0.4870584738481489
    outer loop
      vertex 6.276148078402348 38 8.181173331571765
      vertex 6.028660704987056 38.24748737341529 8.494974746830584
      vertex 6.094974746830583 38 8.494974746830584
    endloop
  endfacet
  facet normal 0.6175653985825035 0.6175653985824823 0.48705847384815454
    outer loop
      vertex 6.185561412616465 38.338074039201175 8.181173331571765
      vertex 5.847487373415292 38.42866070498706 8.494974746830584
      vertex 6.028660704987056 38.24748737341529 8.494974746830584
    endloop
  endfacet
  facet normal -0.36278404373897666 -0.3627840437389642 0.8583562635740485
    outer loop
      vertex 5.1713392950129435 37.75251262658471 8.494974746830584
      vertex 5.352512626584708 37.57133929501294 8.494974746830584
      vertex 5.44309929237059 37.909413334214115 8.676148078402347
    endloop
  endfacet
  facet normal -0.13278817609610502 -0.4955722198350747 0.8583562635740513
    outer loop
      vertex 5.352512626584708 37.57133929501294 8.494974746830584
      vertex 5.6 37.505025253169414 8.494974746830584
      vertex 5.509413334214117 37.84309929237059 8.676148078402347
    endloop
  endfacet
  facet normal 0.13278817609610408 -0.4955722198350712 0.8583562635740534
    outer loop
      vertex 5.6 37.505025253169414 8.494974746830584
      vertex 5.847487373415292 37.57133929501294 8.494974746830584
      vertex 5.6 37.81882666842824 8.676148078402347
    endloop
  endfacet
  facet normal -0.3627840437389644 -0.3627840437389691 0.8583562635740516
    outer loop
      vertex 5.352512626584708 37.57133929501294 8.494974746830584
      vertex 5.509413334214117 37.84309929237059 8.676148078402347
      vertex 5.44309929237059 37.909413334214115 8.676148078402347
    endloop
  endfacet
  facet normal -0.13278817609608815 -0.4955722198350723 0.8583562635740553
    outer loop
      vertex 5.6 37.505025253169414 8.494974746830584
      vertex 5.6 37.81882666842824 8.676148078402347
      vertex 5.509413334214117 37.84309929237059 8.676148078402347
    endloop
  endfacet
  facet normal 0.13278817609609048 -0.4955722198350819 0.8583562635740494
    outer loop
      vertex 5.847487373415292 37.57133929501294 8.494974746830584
      vertex 5.690586665785882 37.84309929237059 8.676148078402347
      vertex 5.6 37.81882666842824 8.676148078402347
    endloop
  endfacet
  facet normal 0.36278404373897666 -0.3627840437389642 0.8583562635740485
    outer loop
      vertex 5.847487373415292 37.57133929501294 8.494974746830584
      vertex 6.028660704987056 37.75251262658471 8.494974746830584
      vertex 5.756900707629409 37.909413334214115 8.676148078402347
    endloop
  endfacet
  facet normal 0.3627840437389644 -0.3627840437389691 0.8583562635740516
    outer loop
      vertex 5.847487373415292 37.57133929501294 8.494974746830584
      vertex 5.756900707629409 37.909413334214115 8.676148078402347
      vertex 5.690586665785882 37.84309929237059 8.676148078402347
    endloop
  endfacet
  facet normal -0.4955722198350761 -0.1327881760961086 0.8583562635740498
    outer loop
      vertex 5.1713392950129435 37.75251262658471 8.494974746830584
      vertex 5.418826668428235 38 8.676148078402347
      vertex 5.1050252531694165 38 8.494974746830584
    endloop
  endfacet
  facet normal -0.4955722198350761 0.1327881760961086 0.8583562635740498
    outer loop
      vertex 5.1050252531694165 38 8.494974746830584
      vertex 5.418826668428235 38 8.676148078402347
      vertex 5.1713392950129435 38.24748737341529 8.494974746830584
    endloop
  endfacet
  facet normal -0.36278404373897666 0.3627840437389642 0.8583562635740485
    outer loop
      vertex 5.1713392950129435 38.24748737341529 8.494974746830584
      vertex 5.44309929237059 38.090586665785885 8.676148078402347
      vertex 5.352512626584708 38.42866070498706 8.494974746830584
    endloop
  endfacet
  facet normal -0.13278817609610502 0.4955722198350747 0.8583562635740513
    outer loop
      vertex 5.352512626584708 38.42866070498706 8.494974746830584
      vertex 5.509413334214117 38.15690070762941 8.676148078402347
      vertex 5.6 38.494974746830586 8.494974746830584
    endloop
  endfacet
  facet normal 0.13278817609610505 0.4955722198350748 0.8583562635740513
    outer loop
      vertex 5.6 38.494974746830586 8.494974746830584
      vertex 5.690586665785882 38.15690070762941 8.676148078402347
      vertex 5.847487373415292 38.42866070498706 8.494974746830584
    endloop
  endfacet
  facet normal -0.4955722198350789 -0.1327881760961055 0.8583562635740489
    outer loop
      vertex 5.1713392950129435 37.75251262658471 8.494974746830584
      vertex 5.44309929237059 37.909413334214115 8.676148078402347
      vertex 5.418826668428235 38 8.676148078402347
    endloop
  endfacet
  facet normal -0.4955722198350789 0.1327881760961055 0.8583562635740489
    outer loop
      vertex 5.1713392950129435 38.24748737341529 8.494974746830584
      vertex 5.418826668428235 38 8.676148078402347
      vertex 5.44309929237059 38.090586665785885 8.676148078402347
    endloop
  endfacet
  facet normal -0.3627840437389644 0.3627840437389691 0.8583562635740516
    outer loop
      vertex 5.352512626584708 38.42866070498706 8.494974746830584
      vertex 5.44309929237059 38.090586665785885 8.676148078402347
      vertex 5.509413334214117 38.15690070762941 8.676148078402347
    endloop
  endfacet
  facet normal 0 0 1
    outer loop
      vertex 5.44309929237059 37.909413334214115 8.676148078402347
      vertex 5.44309929237059 38.090586665785885 8.676148078402347
      vertex 5.418826668428235 38 8.676148078402347
    endloop
  endfacet
  facet normal 0 0 1
    outer loop
      vertex 5.509413334214117 37.84309929237059 8.676148078402347
      vertex 5.44309929237059 38.090586665785885 8.676148078402347
      vertex 5.44309929237059 37.909413334214115 8.676148078402347
    endloop
  endfacet
  facet normal 0 0 1
    outer loop
      vertex 5.509413334214117 37.84309929237059 8.676148078402347
      vertex 5.6 37.81882666842824 8.676148078402347
      vertex 5.509413334214117 38.15690070762941 8.676148078402347
    endloop
  endfacet
  facet normal 0 0 1
    outer loop
      vertex 5.509413334214117 37.84309929237059 8.676148078402347
      vertex 5.509413334214117 38.15690070762941 8.676148078402347
      vertex 5.44309929237059 38.090586665785885 8.676148078402347
    endloop
  endfacet
  facet normal 0 0 1
    outer loop
      vertex 5.6 37.81882666842824 8.676148078402347
      vertex 5.690586665785882 37.84309929237059 8.676148078402347
      vertex 5.6 38.18117333157176 8.676148078402347
    endloop
  endfacet
  facet normal 0 0 1
    outer loop
      vertex 5.6 37.81882666842824 8.676148078402347
      vertex 5.6 38.18117333157176 8.676148078402347
      vertex 5.509413334214117 38.15690070762941 8.676148078402347
    endloop
  endfacet
  facet normal 0 0 1
    outer loop
      vertex 5.690586665785882 37.84309929237059 8.676148078402347
      vertex 5.756900707629409 37.909413334214115 8.676148078402347
      vertex 5.690586665785882 38.15690070762941 8.676148078402347
    endloop
  endfacet
  facet normal 0 0 1
    outer loop
      vertex 5.690586665785882 37.84309929237059 8.676148078402347
      vertex 5.690586665785882 38.15690070762941 8.676148078402347
      vertex 5.6 38.18117333157176 8.676148078402347
    endloop
  endfacet
  facet normal 0 0 1
    outer loop
      vertex 5.756900707629409 37.909413334214115 8.676148078402347
      vertex 5.756900707629409 38.090586665785885 8.676148078402347
      vertex 5.690586665785882 38.15690070762941 8.676148078402347
    endloop
  endfacet
  facet normal -0.13278817609608815 0.4955722198350723 0.8583562635740553
    outer loop
      vertex 5.6 38.494974746830586 8.494974746830584
      vertex 5.509413334214117 38.15690070762941 8.676148078402347
      vertex 5.6 38.18117333157176 8.676148078402347
    endloop
  endfacet
  facet normal 0.13278817609608815 0.4955722198350723 0.8583562635740553
    outer loop
      vertex 5.6 38.494974746830586 8.494974746830584
      vertex 5.6 38.18117333157176 8.676148078402347
      vertex 5.690586665785882 38.15690070762941 8.676148078402347
    endloop
  endfacet
  facet normal 0.36278404373897666 0.3627840437389642 0.8583562635740485
    outer loop
      vertex 6.028660704987056 38.24748737341529 8.494974746830584
      vertex 5.847487373415292 38.42866070498706 8.494974746830584
      vertex 5.756900707629409 38.090586665785885 8.676148078402347
    endloop
  endfacet
  facet normal 0.4955722198350761 -0.1327881760961086 0.8583562635740498
    outer loop
      vertex 6.028660704987056 37.75251262658471 8.494974746830584
      vertex 6.094974746830583 38 8.494974746830584
      vertex 5.781173331571765 38 8.676148078402347
    endloop
  endfacet
  facet normal 0.4955722198350761 0.1327881760961086 0.8583562635740498
    outer loop
      vertex 6.094974746830583 38 8.494974746830584
      vertex 6.028660704987056 38.24748737341529 8.494974746830584
      vertex 5.781173331571765 38 8.676148078402347
    endloop
  endfacet
  facet normal 0.4955722198350789 -0.1327881760961055 0.8583562635740489
    outer loop
      vertex 6.028660704987056 37.75251262658471 8.494974746830584
      vertex 5.781173331571765 38 8.676148078402347
      vertex 5.756900707629409 37.909413334214115 8.676148078402347
    endloop
  endfacet
  facet normal 0.4955722198350789 0.1327881760961055 0.8583562635740489
    outer loop
      vertex 6.028660704987056 38.24748737341529 8.494974746830584
      vertex 5.756900707629409 38.090586665785885 8.676148078402347
      vertex 5.781173331571765 38 8.676148078402347
    endloop
  endfacet
  facet normal 0.3627840437389644 0.3627840437389691 0.8583562635740516
    outer loop
      vertex 5.847487373415292 38.42866070498706 8.494974746830584
      vertex 5.690586665785882 38.15690070762941 8.676148078402347
      vertex 5.756900707629409 38.090586665785885 8.676148078402347
    endloop
  endfacet
  facet normal 0 0 1
    outer loop
      vertex 5.756900707629409 37.909413334214115 8.676148078402347
      vertex 5.781173331571765 38 8.676148078402347
      vertex 5.756900707629409 38.090586665785885 8.676148078402347
    endloop
  endfacet
  facet normal 0 0 -1
    outer loop
      vertex 51.80201010126777 -5.797989898732233 0
      vertex 51.757512886940354 -5.739999999999999 0
      vertex 52.19798989873223 -5.797989898732233 0
    endloop
  endfacet
  facet normal 0 0 -1
    outer loop
      vertex 51.80201010126777 -5.797989898732233 0
      vertex 52.14 -5.842487113059643 0
      vertex 51.86 -5.842487113059643 0
    endloop
  endfacet
  facet normal 0 0 -1
    outer loop
      vertex 51.92753066737129 -5.870459231360939 0
      vertex 51.86 -5.842487113059643 0
      vertex 52.07246933262871 -5.870459231360939 0
    endloop
  endfacet
  facet normal 0 0 -1
    outer loop
      vertex 51.92753066737129 -5.870459231360939 0
      vertex 52.07246933262871 -5.870459231360939 0
      vertex 52 -5.88 0
    endloop
  endfacet
  facet normal 0 0 -1
    outer loop
      vertex 51.86 -5.842487113059643 0
      vertex 52.14 -5.842487113059643 0
      vertex 52.07246933262871 -5.870459231360939 0
    endloop
  endfacet
  facet normal 0 0 -1
    outer loop
      vertex 51.80201010126777 -5.797989898732233 0
      vertex 52.19798989873223 -5.797989898732233 0
      vertex 52.14 -5.842487113059643 0
    endloop
  endfacet
  facet normal 0 0 -1
    outer loop
      vertex 51.72954076863906 -5.6724693326287055 0
      vertex 52.242487113059646 -5.739999999999999 0
      vertex 51.757512886940354 -5.739999999999999 0
    endloop
  endfacet
  facet normal 0 0 -1
    outer loop
      vertex 51.72 -5.6 0
      vertex 51.72954076863906 -5.527530667371294 0
      vertex 52.28 -5.6 0
    endloop
  endfacet
  facet normal 0 0 -1
    outer loop
      vertex 51.72954076863906 -5.6724693326287055 0
      vertex 51.72 -5.6 0
      vertex 52.27045923136094 -5.6724693326287055 0
    endloop
  endfacet
  facet normal 0 0 -1
    outer loop
      vertex 51.72954076863906 -5.527530667371294 0
      vertex 51.757512886940354 -5.46 0
      vertex 52.27045923136094 -5.527530667371294 0
    endloop
  endfacet
  facet normal 0 0 -1
    outer loop
      vertex 51.80201010126777 -5.402010101267766 0
      vertex 51.86 -5.3575128869403565 0
      vertex 52.19798989873223 -5.402010101267766 0
    endloop
  endfacet
  facet normal 0 0 -1
    outer loop
      vertex 51.757512886940354 -5.46 0
      vertex 51.80201010126777 -5.402010101267766 0
      vertex 52.242487113059646 -5.46 0
    endloop
  endfacet
  facet normal 0 0 -1
    outer loop
      vertex 51.72954076863906 -5.6724693326287055 0
      vertex 52.27045923136094 -5.6724693326287055 0
      vertex 52.242487113059646 -5.739999999999999 0
    endloop
  endfacet
  facet normal 0 0 -1
    outer loop
      vertex 51.757512886940354 -5.739999999999999 0
      vertex 52.242487113059646 -5.739999999999999 0
      vertex 52.19798989873223 -5.797989898732233 0
    endloop
  endfacet
  facet normal 0 0 -1
    outer loop
      vertex 51.72 -5.6 0
      vertex 52.28 -5.6 0
      vertex 52.27045923136094 -5.6724693326287055 0
    endloop
  endfacet
  facet normal 0 0 -1
    outer loop
      vertex 51.757512886940354 -5.46 0
      vertex 52.242487113059646 -5.46 0
      vertex 52.27045923136094 -5.527530667371294 0
    endloop
  endfacet
  facet normal 0 0 -1
    outer loop
      vertex 51.72954076863906 -5.527530667371294 0
      vertex 52.27045923136094 -5.527530667371294 0
      vertex 52.28 -5.6 0
    endloop
  endfacet
  facet normal 0 0 -1
    outer loop
      vertex 51.86 -5.3575128869403565 0
      vertex 52.14 -5.3575128869403565 0
      vertex 52.19798989873223 -5.402010101267766 0
    endloop
  endfacet
  facet normal 0 0 -1
    outer loop
      vertex 51.80201010126777 -5.402010101267766 0
      vertex 52.19798989873223 -5.402010101267766 0
      vertex 52.242487113059646 -5.46 0
    endloop
  endfacet
  facet normal 0 0 -1
    outer loop
      vertex 51.86 -5.3575128869403565 0
      vertex 51.92753066737129 -5.329540768639061 0
      vertex 52.14 -5.3575128869403565 0
    endloop
  endfacet
  facet normal 0 0 -1
    outer loop
      vertex 51.92753066737129 -5.329540768639061 0
      vertex 52 -5.319999999999999 0
      vertex 52.07246933262871 -5.329540768639061 0
    endloop
  endfacet
  facet normal 0 0 -1
    outer loop
      vertex 52.14 -5.3575128869403565 0
      vertex 51.92753066737129 -5.329540768639061 0
      vertex 52.07246933262871 -5.329540768639061 0
    endloop
  endfacet
  facet normal -0.6087614290087391 -0.7933533402912211 0
    outer loop
      vertex 51.80201010126777 -5.797989898732233 0
      vertex 51.86 -5.842487113059643 0
      vertex 51.80201010126777 -5.797989898732233 7.386612204649416
    endloop
  endfacet
  facet normal -0.923879532511305 -0.38268343236504604 0
    outer loop
      vertex 51.72954076863906 -5.6724693326287055 0
      vertex 51.757512886940354 -5.739999999999999 0
      vertex 51.757512886940354 -5.739999999999999 7.380909525217808
    endloop
  endfacet
  facet normal -0.9914448613738067 0.13052619222007938 0
    outer loop
      vertex 51.72 -5.6 0
      vertex 51.72 -5.6 7.380909525217808
      vertex 51.72954076863906 -5.527530667371294 0
    endloop
  endfacet
  facet normal -0.9914448613738067 -0.13052619222007938 0
    outer loop
      vertex 51.72954076863906 -5.6724693326287055 0
      vertex 51.72 -5.6 7.380909525217808
      vertex 51.72 -5.6 0
    endloop
  endfacet
  facet normal -0.7933533402912052 -0.6087614290087596 0
    outer loop
      vertex 51.80201010126777 -5.797989898732233 0
      vertex 51.757512886940354 -5.739999999999999 7.380909525217808
      vertex 51.757512886940354 -5.739999999999999 0
    endloop
  endfacet
  facet normal -0.923879532511305 0.38268343236504604 0
    outer loop
      vertex 51.72954076863906 -5.527530667371294 0
      vertex 51.757512886940354 -5.46 7.380909525217808
      vertex 51.757512886940354 -5.46 0
    endloop
  endfacet
  facet normal -0.6087614290087392 0.7933533402912211 0
    outer loop
      vertex 51.80201010126777 -5.402010101267766 0
      vertex 51.86 -5.3575128869403565 7.380909525217808
      vertex 51.86 -5.3575128869403565 0
    endloop
  endfacet
  facet normal -0.7933533402912052 0.6087614290087596 0
    outer loop
      vertex 51.757512886940354 -5.46 0
      vertex 51.757512886940354 -5.46 7.380909525217808
      vertex 51.80201010126777 -5.402010101267766 0
    endloop
  endfacet
  facet normal -0.13052619222005393 -0.99144486137381 0
    outer loop
      vertex 51.92753066737129 -5.870459231360939 0
      vertex 52 -5.88 0
      vertex 51.92753066737129 -5.870459231360939 7.386612204649415
    endloop
  endfacet
  facet normal -0.3826834323650875 -0.9238795325112876 0
    outer loop
      vertex 51.92753066737129 -5.870459231360939 0
      vertex 51.86 -5.842487113059643 7.380909525217808
      vertex 51.86 -5.842487113059643 0
    endloop
  endfacet
  facet normal 0.13052619222005393 -0.99144486137381 0
    outer loop
      vertex 52 -5.88 0
      vertex 52.07246933262871 -5.870459231360939 0
      vertex 52 -5.88 7.380909525217808
    endloop
  endfacet
  facet normal 0.6087614290087392 -0.7933533402912211 0
    outer loop
      vertex 52.14 -5.842487113059643 0
      vertex 52.19798989873223 -5.797989898732233 0
      vertex 52.14 -5.842487113059643 7.380909525217808
    endloop
  endfacet
  facet normal 0.3826834323650875 -0.9238795325112876 0
    outer loop
      vertex 52.07246933262871 -5.870459231360939 0
      vertex 52.14 -5.842487113059643 0
      vertex 52.07246933262871 -5.870459231360939 7.386612204649415
    endloop
  endfacet
  facet normal 0.923879532511305 -0.38268343236504604 0
    outer loop
      vertex 52.242487113059646 -5.739999999999999 0
      vertex 52.27045923136094 -5.6724693326287055 0
      vertex 52.242487113059646 -5.739999999999999 7.380909525217808
    endloop
  endfacet
  facet normal 0.7933533402912052 -0.6087614290087596 0
    outer loop
      vertex 52.19798989873223 -5.797989898732233 0
      vertex 52.242487113059646 -5.739999999999999 0
      vertex 52.242487113059646 -5.739999999999999 7.380909525217808
    endloop
  endfacet
  facet normal 0.923879532511305 0.38268343236504604 0
    outer loop
      vertex 52.242487113059646 -5.46 0
      vertex 52.242487113059646 -5.46 7.380909525217808
      vertex 52.27045923136094 -5.527530667371294 0
    endloop
  endfacet
  facet normal 0.6087614290087391 0.7933533402912211 0
    outer loop
      vertex 52.14 -5.3575128869403565 0
      vertex 52.19798989873223 -5.402010101267766 7.386612204649416
      vertex 52.19798989873223 -5.402010101267766 0
    endloop
  endfacet
  facet normal 0.7933533402912052 0.6087614290087596 0
    outer loop
      vertex 52.242487113059646 -5.46 0
      vertex 52.19798989873223 -5.402010101267766 0
      vertex 52.242487113059646 -5.46 7.380909525217808
    endloop
  endfacet
  facet normal -0.3826834323650875 0.9238795325112876 0
    outer loop
      vertex 51.86 -5.3575128869403565 0
      vertex 51.92753066737129 -5.329540768639061 7.386612204649415
      vertex 51.92753066737129 -5.329540768639061 0
    endloop
  endfacet
  facet normal -0.13052619222005393 0.99144486137381 0
    outer loop
      vertex 51.92753066737129 -5.329540768639061 0
      vertex 52 -5.319999999999999 7.380909525217808
      vertex 52 -5.319999999999999 0
    endloop
  endfacet
  facet normal 0.13052619222005393 0.99144486137381 0
    outer loop
      vertex 52 -5.319999999999999 0
      vertex 52.07246933262871 -5.329540768639061 7.386612204649415
      vertex 52.07246933262871 -5.329540768639061 0
    endloop
  endfacet
  facet normal 0.3826834323650875 0.9238795325112876 0
    outer loop
      vertex 52.14 -5.3575128869403565 0
      vertex 52.07246933262871 -5.329540768639061 0
      vertex 52.14 -5.3575128869403565 7.380909525217808
    endloop
  endfacet
  facet normal 0.9914448613738067 0.13052619222007938 0
    outer loop
      vertex 52.28 -5.6 0
      vertex 52.27045923136094 -5.527530667371294 0
      vertex 52.28 -5.6 7.380909525217808
    endloop
  endfacet
  facet normal 0.9914448613738067 -0.13052619222007938 0
    outer loop
      vertex 52.27045923136094 -5.6724693326287055 0
      vertex 52.28 -5.6 0
      vertex 52.28 -5.6 7.380909525217808
    endloop
  endfacet
  facet normal -0.7933533402912052 -0.6087614290087597 0
    outer loop
      vertex 51.80201010126777 -5.797989898732233 0
      vertex 51.80201010126777 -5.797989898732233 7.386612204649416
      vertex 51.757512886940354 -5.739999999999999 7.380909525217808
    endloop
  endfacet
  facet normal -0.6087614290087392 -0.7933533402912211 0
    outer loop
      vertex 51.86 -5.842487113059643 0
      vertex 51.86 -5.842487113059643 7.380909525217808
      vertex 51.80201010126777 -5.797989898732233 7.386612204649416
    endloop
  endfacet
  facet normal -0.9238795325113048 -0.38268343236504604 0
    outer loop
      vertex 51.72954076863906 -5.6724693326287055 0
      vertex 51.757512886940354 -5.739999999999999 7.380909525217808
      vertex 51.72954076863906 -5.6724693326287055 7.386612204649416
    endloop
  endfacet
  facet normal -0.9914448613738067 -0.13052619222007938 0
    outer loop
      vertex 51.72954076863906 -5.6724693326287055 0
      vertex 51.72954076863906 -5.6724693326287055 7.386612204649416
      vertex 51.72 -5.6 7.380909525217808
    endloop
  endfacet
  facet normal -0.9238795325113048 0.38268343236504604 0
    outer loop
      vertex 51.72954076863906 -5.527530667371294 0
      vertex 51.72954076863906 -5.527530667371294 7.386612204649416
      vertex 51.757512886940354 -5.46 7.380909525217808
    endloop
  endfacet
  facet normal -0.9914448613738067 0.13052619222007938 0
    outer loop
      vertex 51.72954076863906 -5.527530667371294 0
      vertex 51.72 -5.6 7.380909525217808
      vertex 51.72954076863906 -5.527530667371294 7.386612204649416
    endloop
  endfacet
  facet normal -0.6087614290087391 0.7933533402912211 0
    outer loop
      vertex 51.80201010126777 -5.402010101267766 0
      vertex 51.80201010126777 -5.402010101267766 7.386612204649416
      vertex 51.86 -5.3575128869403565 7.380909525217808
    endloop
  endfacet
  facet normal -0.7933533402912052 0.6087614290087597 0
    outer loop
      vertex 51.80201010126777 -5.402010101267766 0
      vertex 51.757512886940354 -5.46 7.380909525217808
      vertex 51.80201010126777 -5.402010101267766 7.386612204649416
    endloop
  endfacet
  facet normal -0.3826834323650875 -0.9238795325112876 0
    outer loop
      vertex 51.92753066737129 -5.870459231360939 0
      vertex 51.92753066737129 -5.870459231360939 7.386612204649415
      vertex 51.86 -5.842487113059643 7.380909525217808
    endloop
  endfacet
  facet normal -0.13052619222005393 -0.99144486137381 0
    outer loop
      vertex 52 -5.88 0
      vertex 52 -5.88 7.380909525217808
      vertex 51.92753066737129 -5.870459231360939 7.386612204649415
    endloop
  endfacet
  facet normal 0.13052619222005393 -0.99144486137381 0
    outer loop
      vertex 52.07246933262871 -5.870459231360939 0
      vertex 52.07246933262871 -5.870459231360939 7.386612204649415
      vertex 52 -5.88 7.380909525217808
    endloop
  endfacet
  facet normal 0.3826834323650875 -0.9238795325112876 0
    outer loop
      vertex 52.14 -5.842487113059643 0
      vertex 52.14 -5.842487113059643 7.380909525217808
      vertex 52.07246933262871 -5.870459231360939 7.386612204649415
    endloop
  endfacet
  facet normal 0.7933533402912052 -0.6087614290087597 0
    outer loop
      vertex 52.19798989873223 -5.797989898732233 0
      vertex 52.242487113059646 -5.739999999999999 7.380909525217808
      vertex 52.19798989873223 -5.797989898732233 7.386612204649416
    endloop
  endfacet
  facet normal 0.6087614290087391 -0.7933533402912211 0
    outer loop
      vertex 52.19798989873223 -5.797989898732233 0
      vertex 52.19798989873223 -5.797989898732233 7.386612204649416
      vertex 52.14 -5.842487113059643 7.380909525217808
    endloop
  endfacet
  facet normal 0.9238795325113048 -0.38268343236504604 0
    outer loop
      vertex 52.27045923136094 -5.6724693326287055 0
      vertex 52.27045923136094 -5.6724693326287055 7.386612204649416
      vertex 52.242487113059646 -5.739999999999999 7.380909525217808
    endloop
  endfacet
  facet normal 0.6087614290087392 0.7933533402912211 0
    outer loop
      vertex 52.14 -5.3575128869403565 0
      vertex 52.14 -5.3575128869403565 7.380909525217808
      vertex 52.19798989873223 -5.402010101267766 7.386612204649416
    endloop
  endfacet
  facet normal 0.9238795325113048 0.38268343236504604 0
    outer loop
      vertex 52.27045923136094 -5.527530667371294 0
      vertex 52.242487113059646 -5.46 7.380909525217808
      vertex 52.27045923136094 -5.527530667371294 7.386612204649416
    endloop
  endfacet
  facet normal 0.7933533402912052 0.6087614290087597 0
    outer loop
      vertex 52.19798989873223 -5.402010101267766 0
      vertex 52.19798989873223 -5.402010101267766 7.386612204649416
      vertex 52.242487113059646 -5.46 7.380909525217808
    endloop
  endfacet
  facet normal -0.13052619222005393 0.99144486137381 0
    outer loop
      vertex 51.92753066737129 -5.329540768639061 0
      vertex 51.92753066737129 -5.329540768639061 7.386612204649415
      vertex 52 -5.319999999999999 7.380909525217808
    endloop
  endfacet
  facet normal -0.3826834323650875 0.9238795325112876 0
    outer loop
      vertex 51.86 -5.3575128869403565 0
      vertex 51.86 -5.3575128869403565 7.380909525217808
      vertex 51.92753066737129 -5.329540768639061 7.386612204649415
    endloop
  endfacet
  facet normal 0.13052619222005393 0.99144486137381 0
    outer loop
      vertex 52 -5.319999999999999 0
      vertex 52 -5.319999999999999 7.380909525217808
      vertex 52.07246933262871 -5.329540768639061 7.386612204649415
    endloop
  endfacet
  facet normal 0.3826834323650875 0.9238795325112876 0
    outer loop
      vertex 52.07246933262871 -5.329540768639061 0
      vertex 52.07246933262871 -5.329540768639061 7.386612204649415
      vertex 52.14 -5.3575128869403565 7.380909525217808
    endloop
  endfacet
  facet normal 0.9914448613738067 -0.13052619222007938 0
    outer loop
      vertex 52.27045923136094 -5.6724693326287055 0
      vertex 52.28 -5.6 7.380909525217808
      vertex 52.27045923136094 -5.6724693326287055 7.386612204649416
    endloop
  endfacet
  facet normal 0.9914448613738067 0.13052619222007938 0
    outer loop
      vertex 52.27045923136094 -5.527530667371294 0
      vertex 52.27045923136094 -5.527530667371294 7.386612204649416
      vertex 52.28 -5.6 7.380909525217808
    endloop
  endfacet
  facet normal 0 0 -1
    outer loop
      vertex -5.870459231360939 -52.07246933262871 0
      vertex -5.88 -52 0
      vertex -5.870459231360939 -51.92753066737129 0
    endloop
  endfacet
  facet normal 0 0 -1
    outer loop
      vertex -5.870459231360939 -52.07246933262871 0
      vertex -5.842487113059643 -51.86 0
      vertex -5.842487113059643 -52.14 0
    endloop
  endfacet
  facet normal 0 0 -1
    outer loop
      vertex -5.797989898732233 -52.19798989873223 0
      vertex -5.842487113059643 -52.14 0
      vertex -5.797989898732233 -51.80201010126777 0
    endloop
  endfacet
  facet normal 0 0 -1
    outer loop
      vertex -5.797989898732233 -52.19798989873223 0
      vertex -5.797989898732233 -51.80201010126777 0
      vertex -5.739999999999999 -51.757512886940354 0
    endloop
  endfacet
  facet normal 0 0 -1
    outer loop
      vertex -5.842487113059643 -52.14 0
      vertex -5.842487113059643 -51.86 0
      vertex -5.797989898732233 -51.80201010126777 0
    endloop
  endfacet
  facet normal 0 0 -1
    outer loop
      vertex -5.870459231360939 -52.07246933262871 0
      vertex -5.870459231360939 -51.92753066737129 0
      vertex -5.842487113059643 -51.86 0
    endloop
  endfacet
  facet normal 0 0 -1
    outer loop
      vertex -5.6724693326287055 -52.27045923136094 0
      vertex -5.739999999999999 -52.242487113059646 0
      vertex -5.6724693326287055 -51.72954076863906 0
    endloop
  endfacet
  facet normal 0 0 -1
    outer loop
      vertex -5.797989898732233 -52.19798989873223 0
      vertex -5.739999999999999 -51.757512886940354 0
      vertex -5.739999999999999 -52.242487113059646 0
    endloop
  endfacet
  facet normal 0 0 -1
    outer loop
      vertex -5.6724693326287055 -52.27045923136094 0
      vertex -5.6 -51.72 0
      vertex -5.6 -52.28 0
    endloop
  endfacet
  facet normal 0 0 -1
    outer loop
      vertex -5.739999999999999 -52.242487113059646 0
      vertex -5.739999999999999 -51.757512886940354 0
      vertex -5.6724693326287055 -51.72954076863906 0
    endloop
  endfacet
  facet normal 0 0 -1
    outer loop
      vertex -5.6 -52.28 0
      vertex -5.6 -51.72 0
      vertex -5.527530667371294 -51.72954076863906 0
    endloop
  endfacet
  facet normal 0 0 -1
    outer loop
      vertex -5.6724693326287055 -52.27045923136094 0
      vertex -5.6724693326287055 -51.72954076863906 0
      vertex -5.6 -51.72 0
    endloop
  endfacet
  facet normal 0 0 -1
    outer loop
      vertex -5.527530667371294 -52.27045923136094 0
      vertex -5.46 -51.757512886940354 0
      vertex -5.46 -52.242487113059646 0
    endloop
  endfacet
  facet normal 0 0 -1
    outer loop
      vertex -5.6 -52.28 0
      vertex -5.527530667371294 -51.72954076863906 0
      vertex -5.527530667371294 -52.27045923136094 0
    endloop
  endfacet
  facet normal 0 0 -1
    outer loop
      vertex -5.402010101267766 -52.19798989873223 0
      vertex -5.3575128869403565 -51.86 0
      vertex -5.3575128869403565 -52.14 0
    endloop
  endfacet
  facet normal 0 0 -1
    outer loop
      vertex -5.46 -52.242487113059646 0
      vertex -5.402010101267766 -51.80201010126777 0
      vertex -5.402010101267766 -52.19798989873223 0
    endloop
  endfacet
  facet normal 0 0 -1
    outer loop
      vertex -5.527530667371294 -52.27045923136094 0
      vertex -5.527530667371294 -51.72954076863906 0
      vertex -5.46 -51.757512886940354 0
    endloop
  endfacet
  facet normal 0 0 -1
    outer loop
      vertex -5.402010101267766 -52.19798989873223 0
      vertex -5.402010101267766 -51.80201010126777 0
      vertex -5.3575128869403565 -51.86 0
    endloop
  endfacet
  facet normal 0 0 -1
    outer loop
      vertex -5.46 -52.242487113059646 0
      vertex -5.46 -51.757512886940354 0
      vertex -5.402010101267766 -51.80201010126777 0
    endloop
  endfacet
  facet normal 0 0 -1
    outer loop
      vertex -5.3575128869403565 -52.14 0
      vertex -5.3575128869403565 -51.86 0
      vertex -5.329540768639061 -51.92753066737129 0
    endloop
  endfacet
  facet normal 0 0 -1
    outer loop
      vertex -5.329540768639061 -52.07246933262871 0
      vertex -5.329540768639061 -51.92753066737129 0
      vertex -5.319999999999999 -52 0
    endloop
  endfacet
  facet normal 0 0 -1
    outer loop
      vertex -5.3575128869403565 -52.14 0
      vertex -5.329540768639061 -51.92753066737129 0
      vertex -5.329540768639061 -52.07246933262871 0
    endloop
  endfacet
  facet normal -0.7933533402912211 -0.6087614290087392 0
    outer loop
      vertex -5.797989898732233 -52.19798989873223 0
      vertex -5.842487113059643 -52.14 7.380909525217808
      vertex -5.842487113059643 -52.14 0
    endloop
  endfacet
  facet normal -0.9238795325112876 -0.3826834323650875 0
    outer loop
      vertex -5.870459231360939 -52.07246933262871 0
      vertex -5.842487113059643 -52.14 0
      vertex -5.870459231360939 -52.07246933262871 7.386612204649415
    endloop
  endfacet
  facet normal -0.99144486137381 -0.13052619222005393 0
    outer loop
      vertex -5.870459231360939 -52.07246933262871 0
      vertex -5.88 -52 7.380909525217808
      vertex -5.88 -52 0
    endloop
  endfacet
  facet normal -0.99144486137381 0.13052619222005393 0
    outer loop
      vertex -5.88 -52 0
      vertex -5.870459231360939 -51.92753066737129 7.386612204649415
      vertex -5.870459231360939 -51.92753066737129 0
    endloop
  endfacet
  facet normal -0.9238795325112876 0.3826834323650875 0
    outer loop
      vertex -5.870459231360939 -51.92753066737129 0
      vertex -5.842487113059643 -51.86 7.380909525217808
      vertex -5.842487113059643 -51.86 0
    endloop
  endfacet
  facet normal -0.7933533402912211 0.6087614290087391 0
    outer loop
      vertex -5.842487113059643 -51.86 0
      vertex -5.797989898732233 -51.80201010126777 7.386612204649416
      vertex -5.797989898732233 -51.80201010126777 0
    endloop
  endfacet
  facet normal 0.13052619222007938 -0.9914448613738067 0
    outer loop
      vertex -5.6 -52.28 0
      vertex -5.527530667371294 -52.27045923136094 0
      vertex -5.6 -52.28 7.380909525217808
    endloop
  endfacet
  facet normal -0.13052619222007938 -0.9914448613738067 0
    outer loop
      vertex -5.6724693326287055 -52.27045923136094 0
      vertex -5.6 -52.28 0
      vertex -5.6 -52.28 7.380909525217808
    endloop
  endfacet
  facet normal -0.38268343236504604 -0.923879532511305 0
    outer loop
      vertex -5.6724693326287055 -52.27045923136094 0
      vertex -5.739999999999999 -52.242487113059646 7.380909525217808
      vertex -5.739999999999999 -52.242487113059646 0
    endloop
  endfacet
  facet normal -0.6087614290087596 -0.7933533402912052 0
    outer loop
      vertex -5.797989898732233 -52.19798989873223 0
      vertex -5.739999999999999 -52.242487113059646 0
      vertex -5.739999999999999 -52.242487113059646 7.380909525217808
    endloop
  endfacet
  facet normal 0.38268343236504604 -0.923879532511305 0
    outer loop
      vertex -5.527530667371294 -52.27045923136094 0
      vertex -5.46 -52.242487113059646 0
      vertex -5.46 -52.242487113059646 7.380909525217808
    endloop
  endfacet
  facet normal 0.7933533402912211 -0.6087614290087391 0
    outer loop
      vertex -5.402010101267766 -52.19798989873223 0
      vertex -5.3575128869403565 -52.14 0
      vertex -5.402010101267766 -52.19798989873223 7.386612204649416
    endloop
  endfacet
  facet normal 0.6087614290087596 -0.7933533402912052 0
    outer loop
      vertex -5.46 -52.242487113059646 0
      vertex -5.402010101267766 -52.19798989873223 0
      vertex -5.46 -52.242487113059646 7.380909525217808
    endloop
  endfacet
  facet normal 0.9238795325112876 -0.3826834323650875 0
    outer loop
      vertex -5.3575128869403565 -52.14 0
      vertex -5.329540768639061 -52.07246933262871 0
      vertex -5.3575128869403565 -52.14 7.380909525217808
    endloop
  endfacet
  facet normal 0.99144486137381 0.13052619222005393 0
    outer loop
      vertex -5.319999999999999 -52 0
      vertex -5.329540768639061 -51.92753066737129 0
      vertex -5.319999999999999 -52 7.380909525217808
    endloop
  endfacet
  facet normal 0.99144486137381 -0.13052619222005393 0
    outer loop
      vertex -5.329540768639061 -52.07246933262871 0
      vertex -5.319999999999999 -52 0
      vertex -5.329540768639061 -52.07246933262871 7.386612204649415
    endloop
  endfacet
  facet normal 0.9238795325112876 0.3826834323650875 0
    outer loop
      vertex -5.3575128869403565 -51.86 0
      vertex -5.329540768639061 -51.92753066737129 7.386612204649415
      vertex -5.329540768639061 -51.92753066737129 0
    endloop
  endfacet
  facet normal -0.6087614290087596 0.7933533402912052 0
    outer loop
      vertex -5.797989898732233 -51.80201010126777 0
      vertex -5.739999999999999 -51.757512886940354 7.380909525217808
      vertex -5.739999999999999 -51.757512886940354 0
    endloop
  endfacet
  facet normal -0.38268343236504604 0.923879532511305 0
    outer loop
      vertex -5.739999999999999 -51.757512886940354 0
      vertex -5.739999999999999 -51.757512886940354 7.380909525217808
      vertex -5.6724693326287055 -51.72954076863906 0
    endloop
  endfacet
  facet normal 0.13052619222007938 0.9914448613738067 0
    outer loop
      vertex -5.6 -51.72 0
      vertex -5.6 -51.72 7.380909525217808
      vertex -5.527530667371294 -51.72954076863906 0
    endloop
  endfacet
  facet normal -0.13052619222007938 0.9914448613738067 0
    outer loop
      vertex -5.6724693326287055 -51.72954076863906 0
      vertex -5.6 -51.72 7.380909525217808
      vertex -5.6 -51.72 0
    endloop
  endfacet
  facet normal 0.38268343236504604 0.923879532511305 0
    outer loop
      vertex -5.46 -51.757512886940354 0
      vertex -5.527530667371294 -51.72954076863906 0
      vertex -5.46 -51.757512886940354 7.380909525217808
    endloop
  endfacet
  facet normal 0.7933533402912211 0.6087614290087392 0
    outer loop
      vertex -5.3575128869403565 -51.86 0
      vertex -5.402010101267766 -51.80201010126777 0
      vertex -5.3575128869403565 -51.86 7.380909525217808
    endloop
  endfacet
  facet normal 0.6087614290087596 0.7933533402912052 0
    outer loop
      vertex -5.46 -51.757512886940354 0
      vertex -5.46 -51.757512886940354 7.380909525217808
      vertex -5.402010101267766 -51.80201010126777 0
    endloop
  endfacet
  facet normal -0.6087614290087597 -0.7933533402912052 0
    outer loop
      vertex -5.797989898732233 -52.19798989873223 0
      vertex -5.739999999999999 -52.242487113059646 7.380909525217808
      vertex -5.797989898732233 -52.19798989873223 7.386612204649416
    endloop
  endfacet
  facet normal -0.7933533402912211 -0.6087614290087391 0
    outer loop
      vertex -5.797989898732233 -52.19798989873223 0
      vertex -5.797989898732233 -52.19798989873223 7.386612204649416
      vertex -5.842487113059643 -52.14 7.380909525217808
    endloop
  endfacet
  facet normal -0.9238795325112876 -0.3826834323650875 0
    outer loop
      vertex -5.842487113059643 -52.14 0
      vertex -5.842487113059643 -52.14 7.380909525217808
      vertex -5.870459231360939 -52.07246933262871 7.386612204649415
    endloop
  endfacet
  facet normal -0.99144486137381 0.13052619222005393 0
    outer loop
      vertex -5.88 -52 0
      vertex -5.88 -52 7.380909525217808
      vertex -5.870459231360939 -51.92753066737129 7.386612204649415
    endloop
  endfacet
  facet normal -0.99144486137381 -0.13052619222005393 0
    outer loop
      vertex -5.870459231360939 -52.07246933262871 0
      vertex -5.870459231360939 -52.07246933262871 7.386612204649415
      vertex -5.88 -52 7.380909525217808
    endloop
  endfacet
  facet normal -0.9238795325112876 0.3826834323650875 0
    outer loop
      vertex -5.870459231360939 -51.92753066737129 0
      vertex -5.870459231360939 -51.92753066737129 7.386612204649415
      vertex -5.842487113059643 -51.86 7.380909525217808
    endloop
  endfacet
  facet normal -0.6087614290087597 0.7933533402912052 0
    outer loop
      vertex -5.797989898732233 -51.80201010126777 0
      vertex -5.797989898732233 -51.80201010126777 7.386612204649416
      vertex -5.739999999999999 -51.757512886940354 7.380909525217808
    endloop
  endfacet
  facet normal -0.7933533402912211 0.6087614290087392 0
    outer loop
      vertex -5.842487113059643 -51.86 0
      vertex -5.842487113059643 -51.86 7.380909525217808
      vertex -5.797989898732233 -51.80201010126777 7.386612204649416
    endloop
  endfacet
  facet normal -0.13052619222007938 -0.9914448613738067 0
    outer loop
      vertex -5.6724693326287055 -52.27045923136094 0
      vertex -5.6 -52.28 7.380909525217808
      vertex -5.6724693326287055 -52.27045923136094 7.386612204649416
    endloop
  endfacet
  facet normal 0.13052619222007938 -0.9914448613738067 0
    outer loop
      vertex -5.527530667371294 -52.27045923136094 0
      vertex -5.527530667371294 -52.27045923136094 7.386612204649416
      vertex -5.6 -52.28 7.380909525217808
    endloop
  endfacet
  facet normal -0.38268343236504604 -0.9238795325113048 0
    outer loop
      vertex -5.6724693326287055 -52.27045923136094 0
      vertex -5.6724693326287055 -52.27045923136094 7.386612204649416
      vertex -5.739999999999999 -52.242487113059646 7.380909525217808
    endloop
  endfacet
  facet normal 0.38268343236504604 -0.9238795325113048 0
    outer loop
      vertex -5.527530667371294 -52.27045923136094 0
      vertex -5.46 -52.242487113059646 7.380909525217808
      vertex -5.527530667371294 -52.27045923136094 7.386612204649416
    endloop
  endfacet
  facet normal 0.6087614290087597 -0.7933533402912052 0
    outer loop
      vertex -5.402010101267766 -52.19798989873223 0
      vertex -5.402010101267766 -52.19798989873223 7.386612204649416
      vertex -5.46 -52.242487113059646 7.380909525217808
    endloop
  endfacet
  facet normal 0.7933533402912211 -0.6087614290087392 0
    outer loop
      vertex -5.3575128869403565 -52.14 0
      vertex -5.3575128869403565 -52.14 7.380909525217808
      vertex -5.402010101267766 -52.19798989873223 7.386612204649416
    endloop
  endfacet
  facet normal 0.9238795325112876 -0.3826834323650875 0
    outer loop
      vertex -5.329540768639061 -52.07246933262871 0
      vertex -5.329540768639061 -52.07246933262871 7.386612204649415
      vertex -5.3575128869403565 -52.14 7.380909525217808
    endloop
  endfacet
  facet normal 0.99144486137381 -0.13052619222005393 0
    outer loop
      vertex -5.319999999999999 -52 0
      vertex -5.319999999999999 -52 7.380909525217808
      vertex -5.329540768639061 -52.07246933262871 7.386612204649415
    endloop
  endfacet
  facet normal 0.99144486137381 0.13052619222005393 0
    outer loop
      vertex -5.329540768639061 -51.92753066737129 0
      vertex -5.329540768639061 -51.92753066737129 7.386612204649415
      vertex -5.319999999999999 -52 7.380909525217808
    endloop
  endfacet
  facet normal 0.9238795325112876 0.3826834323650875 0
    outer loop
      vertex -5.3575128869403565 -51.86 0
      vertex -5.3575128869403565 -51.86 7.380909525217808
      vertex -5.329540768639061 -51.92753066737129 7.386612204649415
    endloop
  endfacet
  facet normal -0.38268343236504604 0.9238795325113048 0
    outer loop
      vertex -5.6724693326287055 -51.72954076863906 0
      vertex -5.739999999999999 -51.757512886940354 7.380909525217808
      vertex -5.6724693326287055 -51.72954076863906 7.386612204649416
    endloop
  endfacet
  facet normal -0.13052619222007938 0.9914448613738067 0
    outer loop
      vertex -5.6724693326287055 -51.72954076863906 0
      vertex -5.6724693326287055 -51.72954076863906 7.386612204649416
      vertex -5.6 -51.72 7.380909525217808
    endloop
  endfacet
  facet normal 0.38268343236504604 0.9238795325113048 0
    outer loop
      vertex -5.527530667371294 -51.72954076863906 0
      vertex -5.527530667371294 -51.72954076863906 7.386612204649416
      vertex -5.46 -51.757512886940354 7.380909525217808
    endloop
  endfacet
  facet normal 0.13052619222007938 0.9914448613738067 0
    outer loop
      vertex -5.527530667371294 -51.72954076863906 0
      vertex -5.6 -51.72 7.380909525217808
      vertex -5.527530667371294 -51.72954076863906 7.386612204649416
    endloop
  endfacet
  facet normal 0.7933533402912211 0.6087614290087391 0
    outer loop
      vertex -5.402010101267766 -51.80201010126777 0
      vertex -5.402010101267766 -51.80201010126777 7.386612204649416
      vertex -5.3575128869403565 -51.86 7.380909525217808
    endloop
  endfacet
  facet normal 0.6087614290087597 0.7933533402912052 0
    outer loop
      vertex -5.402010101267766 -51.80201010126777 0
      vertex -5.46 -51.757512886940354 7.380909525217808
      vertex -5.402010101267766 -51.80201010126777 7.386612204649416
    endloop
  endfacet
  facet normal 0 0 -1
    outer loop
      vertex -51.92753066737129 5.329540768639061 0
      vertex -52.14 5.3575128869403565 0
      vertex -51.86 5.3575128869403565 0
    endloop
  endfacet
  facet normal 0 0 -1
    outer loop
      vertex -52.07246933262871 5.329540768639061 0
      vertex -51.92753066737129 5.329540768639061 0
      vertex -52 5.319999999999999 0
    endloop
  endfacet
  facet normal 0 0 -1
    outer loop
      vertex -52.07246933262871 5.329540768639061 0
      vertex -52.14 5.3575128869403565 0
      vertex -51.92753066737129 5.329540768639061 0
    endloop
  endfacet
  facet normal 0 0 -1
    outer loop
      vertex -52.19798989873223 5.402010101267766 0
      vertex -51.86 5.3575128869403565 0
      vertex -52.14 5.3575128869403565 0
    endloop
  endfacet
  facet normal 0 0 -1
    outer loop
      vertex -52.19798989873223 5.402010101267766 0
      vertex -52.242487113059646 5.46 0
      vertex -51.80201010126777 5.402010101267766 0
    endloop
  endfacet
  facet normal 0 0 -1
    outer loop
      vertex -52.27045923136094 5.527530667371294 0
      vertex -51.757512886940354 5.46 0
      vertex -52.242487113059646 5.46 0
    endloop
  endfacet
  facet normal 0 0 -1
    outer loop
      vertex -52.27045923136094 5.527530667371294 0
      vertex -52.28 5.6 0
      vertex -51.72954076863906 5.527530667371294 0
    endloop
  endfacet
  facet normal 0 0 -1
    outer loop
      vertex -52.28 5.6 0
      vertex -52.27045923136094 5.6724693326287055 0
      vertex -51.72 5.6 0
    endloop
  endfacet
  facet normal 0 0 -1
    outer loop
      vertex -52.27045923136094 5.6724693326287055 0
      vertex -52.242487113059646 5.739999999999999 0
      vertex -51.72954076863906 5.6724693326287055 0
    endloop
  endfacet
  facet normal 0 0 -1
    outer loop
      vertex -52.242487113059646 5.739999999999999 0
      vertex -52.19798989873223 5.797989898732233 0
      vertex -51.757512886940354 5.739999999999999 0
    endloop
  endfacet
  facet normal 0 0 -1
    outer loop
      vertex -52.19798989873223 5.402010101267766 0
      vertex -51.80201010126777 5.402010101267766 0
      vertex -51.86 5.3575128869403565 0
    endloop
  endfacet
  facet normal 0 0 -1
    outer loop
      vertex -52.242487113059646 5.46 0
      vertex -51.757512886940354 5.46 0
      vertex -51.80201010126777 5.402010101267766 0
    endloop
  endfacet
  facet normal 0 0 -1
    outer loop
      vertex -52.27045923136094 5.527530667371294 0
      vertex -51.72954076863906 5.527530667371294 0
      vertex -51.757512886940354 5.46 0
    endloop
  endfacet
  facet normal 0 0 -1
    outer loop
      vertex -52.28 5.6 0
      vertex -51.72 5.6 0
      vertex -51.72954076863906 5.527530667371294 0
    endloop
  endfacet
  facet normal 0 0 -1
    outer loop
      vertex -52.27045923136094 5.6724693326287055 0
      vertex -51.72954076863906 5.6724693326287055 0
      vertex -51.72 5.6 0
    endloop
  endfacet
  facet normal 0 0 -1
    outer loop
      vertex -52.242487113059646 5.739999999999999 0
      vertex -51.757512886940354 5.739999999999999 0
      vertex -51.72954076863906 5.6724693326287055 0
    endloop
  endfacet
  facet normal 0 0 -1
    outer loop
      vertex -52.14 5.842487113059643 0
      vertex -52.07246933262871 5.870459231360939 0
      vertex -51.86 5.842487113059643 0
    endloop
  endfacet
  facet normal 0 0 -1
    outer loop
      vertex -52.19798989873223 5.797989898732233 0
      vertex -52.14 5.842487113059643 0
      vertex -51.80201010126777 5.797989898732233 0
    endloop
  endfacet
  facet normal 0 0 -1
    outer loop
      vertex -52.07246933262871 5.870459231360939 0
      vertex -52 5.88 0
      vertex -51.92753066737129 5.870459231360939 0
    endloop
  endfacet
  facet normal 0 0 -1
    outer loop
      vertex -52.19798989873223 5.797989898732233 0
      vertex -51.80201010126777 5.797989898732233 0
      vertex -51.757512886940354 5.739999999999999 0
    endloop
  endfacet
  facet normal 0 0 -1
    outer loop
      vertex -52.14 5.842487113059643 0
      vertex -51.86 5.842487113059643 0
      vertex -51.80201010126777 5.797989898732233 0
    endloop
  endfacet
  facet normal 0 0 -1
    outer loop
      vertex -52.07246933262871 5.870459231360939 0
      vertex -51.92753066737129 5.870459231360939 0
      vertex -51.86 5.842487113059643 0
    endloop
  endfacet
  facet normal -0.9914448613738067 -0.13052619222007938 0
    outer loop
      vertex -52.27045923136094 5.527530667371294 0
      vertex -52.28 5.6 7.380909525217808
      vertex -52.28 5.6 0
    endloop
  endfacet
  facet normal -0.9914448613738067 0.13052619222007938 0
    outer loop
      vertex -52.28 5.6 0
      vertex -52.28 5.6 7.380909525217808
      vertex -52.27045923136094 5.6724693326287055 0
    endloop
  endfacet
  facet normal -0.3826834323650875 -0.9238795325112876 0
    outer loop
      vertex -52.07246933262871 5.329540768639061 0
      vertex -52.14 5.3575128869403565 7.380909525217808
      vertex -52.14 5.3575128869403565 0
    endloop
  endfacet
  facet normal 0.13052619222005393 -0.99144486137381 0
    outer loop
      vertex -52 5.319999999999999 0
      vertex -51.92753066737129 5.329540768639061 0
      vertex -52 5.319999999999999 7.380909525217808
    endloop
  endfacet
  facet normal -0.13052619222005393 -0.99144486137381 0
    outer loop
      vertex -52.07246933262871 5.329540768639061 0
      vertex -52 5.319999999999999 0
      vertex -52.07246933262871 5.329540768639061 7.386612204649415
    endloop
  endfacet
  facet normal 0.3826834323650875 -0.9238795325112876 0
    outer loop
      vertex -51.92753066737129 5.329540768639061 0
      vertex -51.86 5.3575128869403565 0
      vertex -51.92753066737129 5.329540768639061 7.386612204649415
    endloop
  endfacet
  facet normal -0.6087614290087391 -0.7933533402912211 0
    outer loop
      vertex -52.19798989873223 5.402010101267766 0
      vertex -52.14 5.3575128869403565 0
      vertex -52.19798989873223 5.402010101267766 7.386612204649416
    endloop
  endfacet
  facet normal -0.7933533402912052 -0.6087614290087596 0
    outer loop
      vertex -52.19798989873223 5.402010101267766 0
      vertex -52.242487113059646 5.46 7.380909525217808
      vertex -52.242487113059646 5.46 0
    endloop
  endfacet
  facet normal -0.923879532511305 -0.38268343236504604 0
    outer loop
      vertex -52.27045923136094 5.527530667371294 0
      vertex -52.242487113059646 5.46 0
      vertex -52.242487113059646 5.46 7.380909525217808
    endloop
  endfacet
  facet normal -0.923879532511305 0.38268343236504604 0
    outer loop
      vertex -52.27045923136094 5.6724693326287055 0
      vertex -52.242487113059646 5.739999999999999 7.380909525217808
      vertex -52.242487113059646 5.739999999999999 0
    endloop
  endfacet
  facet normal -0.7933533402912052 0.6087614290087596 0
    outer loop
      vertex -52.242487113059646 5.739999999999999 0
      vertex -52.242487113059646 5.739999999999999 7.380909525217808
      vertex -52.19798989873223 5.797989898732233 0
    endloop
  endfacet
  facet normal -0.6087614290087392 0.7933533402912211 0
    outer loop
      vertex -52.19798989873223 5.797989898732233 0
      vertex -52.14 5.842487113059643 7.380909525217808
      vertex -52.14 5.842487113059643 0
    endloop
  endfacet
  facet normal -0.3826834323650875 0.9238795325112876 0
    outer loop
      vertex -52.14 5.842487113059643 0
      vertex -52.07246933262871 5.870459231360939 7.386612204649415
      vertex -52.07246933262871 5.870459231360939 0
    endloop
  endfacet
  facet normal -0.13052619222005393 0.99144486137381 0
    outer loop
      vertex -52.07246933262871 5.870459231360939 0
      vertex -52 5.88 7.380909525217808
      vertex -52 5.88 0
    endloop
  endfacet
  facet normal 0.3826834323650875 0.9238795325112876 0
    outer loop
      vertex -51.86 5.842487113059643 0
      vertex -51.92753066737129 5.870459231360939 0
      vertex -51.86 5.842487113059643 7.380909525217808
    endloop
  endfacet
  facet normal 0.13052619222005393 0.99144486137381 0
    outer loop
      vertex -52 5.88 0
      vertex -51.92753066737129 5.870459231360939 7.386612204649415
      vertex -51.92753066737129 5.870459231360939 0
    endloop
  endfacet
  facet normal 0.6087614290087392 -0.7933533402912211 0
    outer loop
      vertex -51.86 5.3575128869403565 0
      vertex -51.80201010126777 5.402010101267766 0
      vertex -51.86 5.3575128869403565 7.380909525217808
    endloop
  endfacet
  facet normal 0.7933533402912052 -0.6087614290087596 0
    outer loop
      vertex -51.80201010126777 5.402010101267766 0
      vertex -51.757512886940354 5.46 0
      vertex -51.757512886940354 5.46 7.380909525217808
    endloop
  endfacet
  facet normal 0.923879532511305 -0.38268343236504604 0
    outer loop
      vertex -51.757512886940354 5.46 0
      vertex -51.72954076863906 5.527530667371294 0
      vertex -51.757512886940354 5.46 7.380909525217808
    endloop
  endfacet
  facet normal 0.7933533402912052 0.6087614290087596 0
    outer loop
      vertex -51.757512886940354 5.739999999999999 0
      vertex -51.80201010126777 5.797989898732233 0
      vertex -51.757512886940354 5.739999999999999 7.380909525217808
    endloop
  endfacet
  facet normal 0.9914448613738067 -0.13052619222007938 0
    outer loop
      vertex -51.72954076863906 5.527530667371294 0
      vertex -51.72 5.6 0
      vertex -51.72 5.6 7.380909525217808
    endloop
  endfacet
  facet normal 0.9914448613738067 0.13052619222007938 0
    outer loop
      vertex -51.72 5.6 0
      vertex -51.72954076863906 5.6724693326287055 0
      vertex -51.72 5.6 7.380909525217808
    endloop
  endfacet
  facet normal 0.923879532511305 0.38268343236504604 0
    outer loop
      vertex -51.757512886940354 5.739999999999999 0
      vertex -51.757512886940354 5.739999999999999 7.380909525217808
      vertex -51.72954076863906 5.6724693326287055 0
    endloop
  endfacet
  facet normal 0.6087614290087391 0.7933533402912211 0
    outer loop
      vertex -51.86 5.842487113059643 0
      vertex -51.80201010126777 5.797989898732233 7.386612204649416
      vertex -51.80201010126777 5.797989898732233 0
    endloop
  endfacet
  facet normal -0.9914448613738067 -0.13052619222007938 0
    outer loop
      vertex -52.27045923136094 5.527530667371294 0
      vertex -52.27045923136094 5.527530667371294 7.386612204649416
      vertex -52.28 5.6 7.380909525217808
    endloop
  endfacet
  facet normal -0.9914448613738067 0.13052619222007938 0
    outer loop
      vertex -52.27045923136094 5.6724693326287055 0
      vertex -52.28 5.6 7.380909525217808
      vertex -52.27045923136094 5.6724693326287055 7.386612204649416
    endloop
  endfacet
  facet normal -0.3826834323650875 -0.9238795325112876 0
    outer loop
      vertex -52.07246933262871 5.329540768639061 0
      vertex -52.07246933262871 5.329540768639061 7.386612204649415
      vertex -52.14 5.3575128869403565 7.380909525217808
    endloop
  endfacet
  facet normal -0.13052619222005393 -0.99144486137381 0
    outer loop
      vertex -52 5.319999999999999 0
      vertex -52 5.319999999999999 7.380909525217808
      vertex -52.07246933262871 5.329540768639061 7.386612204649415
    endloop
  endfacet
  facet normal 0.13052619222005393 -0.99144486137381 0
    outer loop
      vertex -51.92753066737129 5.329540768639061 0
      vertex -51.92753066737129 5.329540768639061 7.386612204649415
      vertex -52 5.319999999999999 7.380909525217808
    endloop
  endfacet
  facet normal 0.3826834323650875 -0.9238795325112876 0
    outer loop
      vertex -51.86 5.3575128869403565 0
      vertex -51.86 5.3575128869403565 7.380909525217808
      vertex -51.92753066737129 5.329540768639061 7.386612204649415
    endloop
  endfacet
  facet normal -0.7933533402912052 -0.6087614290087597 0
    outer loop
      vertex -52.19798989873223 5.402010101267766 0
      vertex -52.19798989873223 5.402010101267766 7.386612204649416
      vertex -52.242487113059646 5.46 7.380909525217808
    endloop
  endfacet
  facet normal -0.9238795325113048 -0.38268343236504604 0
    outer loop
      vertex -52.27045923136094 5.527530667371294 0
      vertex -52.242487113059646 5.46 7.380909525217808
      vertex -52.27045923136094 5.527530667371294 7.386612204649416
    endloop
  endfacet
  facet normal -0.6087614290087392 -0.7933533402912211 0
    outer loop
      vertex -52.14 5.3575128869403565 0
      vertex -52.14 5.3575128869403565 7.380909525217808
      vertex -52.19798989873223 5.402010101267766 7.386612204649416
    endloop
  endfacet
  facet normal -0.9238795325113048 0.38268343236504604 0
    outer loop
      vertex -52.27045923136094 5.6724693326287055 0
      vertex -52.27045923136094 5.6724693326287055 7.386612204649416
      vertex -52.242487113059646 5.739999999999999 7.380909525217808
    endloop
  endfacet
  facet normal -0.7933533402912052 0.6087614290087597 0
    outer loop
      vertex -52.19798989873223 5.797989898732233 0
      vertex -52.242487113059646 5.739999999999999 7.380909525217808
      vertex -52.19798989873223 5.797989898732233 7.386612204649416
    endloop
  endfacet
  facet normal -0.6087614290087391 0.7933533402912211 0
    outer loop
      vertex -52.19798989873223 5.797989898732233 0
      vertex -52.19798989873223 5.797989898732233 7.386612204649416
      vertex -52.14 5.842487113059643 7.380909525217808
    endloop
  endfacet
  facet normal -0.3826834323650875 0.9238795325112876 0
    outer loop
      vertex -52.14 5.842487113059643 0
      vertex -52.14 5.842487113059643 7.380909525217808
      vertex -52.07246933262871 5.870459231360939 7.386612204649415
    endloop
  endfacet
  facet normal 0.13052619222005393 0.99144486137381 0
    outer loop
      vertex -52 5.88 0
      vertex -52 5.88 7.380909525217808
      vertex -51.92753066737129 5.870459231360939 7.386612204649415
    endloop
  endfacet
  facet normal -0.13052619222005393 0.99144486137381 0
    outer loop
      vertex -52.07246933262871 5.870459231360939 0
      vertex -52.07246933262871 5.870459231360939 7.386612204649415
      vertex -52 5.88 7.380909525217808
    endloop
  endfacet
  facet normal 0.3826834323650875 0.9238795325112876 0
    outer loop
      vertex -51.92753066737129 5.870459231360939 0
      vertex -51.92753066737129 5.870459231360939 7.386612204649415
      vertex -51.86 5.842487113059643 7.380909525217808
    endloop
  endfacet
  facet normal 0.6087614290087391 -0.7933533402912211 0
    outer loop
      vertex -51.80201010126777 5.402010101267766 0
      vertex -51.80201010126777 5.402010101267766 7.386612204649416
      vertex -51.86 5.3575128869403565 7.380909525217808
    endloop
  endfacet
  facet normal 0.7933533402912052 -0.6087614290087597 0
    outer loop
      vertex -51.80201010126777 5.402010101267766 0
      vertex -51.757512886940354 5.46 7.380909525217808
      vertex -51.80201010126777 5.402010101267766 7.386612204649416
    endloop
  endfacet
  facet normal 0.9238795325113048 -0.38268343236504604 0
    outer loop
      vertex -51.72954076863906 5.527530667371294 0
      vertex -51.72954076863906 5.527530667371294 7.386612204649416
      vertex -51.757512886940354 5.46 7.380909525217808
    endloop
  endfacet
  facet normal 0.9914448613738067 -0.13052619222007938 0
    outer loop
      vertex -51.72954076863906 5.527530667371294 0
      vertex -51.72 5.6 7.380909525217808
      vertex -51.72954076863906 5.527530667371294 7.386612204649416
    endloop
  endfacet
  facet normal 0.9914448613738067 0.13052619222007938 0
    outer loop
      vertex -51.72954076863906 5.6724693326287055 0
      vertex -51.72954076863906 5.6724693326287055 7.386612204649416
      vertex -51.72 5.6 7.380909525217808
    endloop
  endfacet
  facet normal 0.9238795325113048 0.38268343236504604 0
    outer loop
      vertex -51.72954076863906 5.6724693326287055 0
      vertex -51.757512886940354 5.739999999999999 7.380909525217808
      vertex -51.72954076863906 5.6724693326287055 7.386612204649416
    endloop
  endfacet
  facet normal 0.7933533402912052 0.6087614290087597 0
    outer loop
      vertex -51.80201010126777 5.797989898732233 0
      vertex -51.80201010126777 5.797989898732233 7.386612204649416
      vertex -51.757512886940354 5.739999999999999 7.380909525217808
    endloop
  endfacet
  facet normal 0.6087614290087392 0.7933533402912211 0
    outer loop
      vertex -51.86 5.842487113059643 0
      vertex -51.86 5.842487113059643 7.380909525217808
      vertex -51.80201010126777 5.797989898732233 7.386612204649416
    endloop
  endfacet
  facet normal 0 0 -1
    outer loop
      vertex 5.329540768639061 51.92753066737129 0
      vertex 5.3575128869403565 52.14 0
      vertex 5.3575128869403565 51.86 0
    endloop
  endfacet
  facet normal 0 0 -1
    outer loop
      vertex 5.329540768639061 51.92753066737129 0
      vertex 5.319999999999999 52 0
      vertex 5.329540768639061 52.07246933262871 0
    endloop
  endfacet
  facet normal 0 0 -1
    outer loop
      vertex 5.329540768639061 51.92753066737129 0
      vertex 5.329540768639061 52.07246933262871 0
      vertex 5.3575128869403565 52.14 0
    endloop
  endfacet
  facet normal 0 0 -1
    outer loop
      vertex 5.402010101267766 51.80201010126777 0
      vertex 5.3575128869403565 51.86 0
      vertex 5.402010101267766 52.19798989873223 0
    endloop
  endfacet
  facet normal 0 0 -1
    outer loop
      vertex 5.402010101267766 51.80201010126777 0
      vertex 5.46 52.242487113059646 0
      vertex 5.46 51.757512886940354 0
    endloop
  endfacet
  facet normal 0 0 -1
    outer loop
      vertex 5.527530667371294 51.72954076863906 0
      vertex 5.46 51.757512886940354 0
      vertex 5.527530667371294 52.27045923136094 0
    endloop
  endfacet
  facet normal 0 0 -1
    outer loop
      vertex 5.3575128869403565 51.86 0
      vertex 5.3575128869403565 52.14 0
      vertex 5.402010101267766 52.19798989873223 0
    endloop
  endfacet
  facet normal 0 0 -1
    outer loop
      vertex 5.402010101267766 51.80201010126777 0
      vertex 5.402010101267766 52.19798989873223 0
      vertex 5.46 52.242487113059646 0
    endloop
  endfacet
  facet normal 0 0 -1
    outer loop
      vertex 5.46 51.757512886940354 0
      vertex 5.46 52.242487113059646 0
      vertex 5.527530667371294 52.27045923136094 0
    endloop
  endfacet
  facet normal 0 0 -1
    outer loop
      vertex 5.527530667371294 51.72954076863906 0
      vertex 5.527530667371294 52.27045923136094 0
      vertex 5.6 52.28 0
    endloop
  endfacet
  facet normal 0 0 -1
    outer loop
      vertex 5.527530667371294 51.72954076863906 0
      vertex 5.6 52.28 0
      vertex 5.6 51.72 0
    endloop
  endfacet
  facet normal 0 0 -1
    outer loop
      vertex 5.6 51.72 0
      vertex 5.6724693326287055 52.27045923136094 0
      vertex 5.6724693326287055 51.72954076863906 0
    endloop
  endfacet
  facet normal 0 0 -1
    outer loop
      vertex 5.6724693326287055 51.72954076863906 0
      vertex 5.739999999999999 52.242487113059646 0
      vertex 5.739999999999999 51.757512886940354 0
    endloop
  endfacet
  facet normal 0 0 -1
    outer loop
      vertex 5.6 51.72 0
      vertex 5.6 52.28 0
      vertex 5.6724693326287055 52.27045923136094 0
    endloop
  endfacet
  facet normal 0 0 -1
    outer loop
      vertex 5.6724693326287055 51.72954076863906 0
      vertex 5.6724693326287055 52.27045923136094 0
      vertex 5.739999999999999 52.242487113059646 0
    endloop
  endfacet
  facet normal 0 0 -1
    outer loop
      vertex 5.739999999999999 51.757512886940354 0
      vertex 5.739999999999999 52.242487113059646 0
      vertex 5.797989898732233 52.19798989873223 0
    endloop
  endfacet
  facet normal 0 0 -1
    outer loop
      vertex 5.739999999999999 51.757512886940354 0
      vertex 5.797989898732233 52.19798989873223 0
      vertex 5.797989898732233 51.80201010126777 0
    endloop
  endfacet
  facet normal 0 0 -1
    outer loop
      vertex 5.797989898732233 51.80201010126777 0
      vertex 5.842487113059643 52.14 0
      vertex 5.842487113059643 51.86 0
    endloop
  endfacet
  facet normal 0 0 -1
    outer loop
      vertex 5.842487113059643 51.86 0
      vertex 5.870459231360939 52.07246933262871 0
      vertex 5.870459231360939 51.92753066737129 0
    endloop
  endfacet
  facet normal 0 0 -1
    outer loop
      vertex 5.842487113059643 51.86 0
      vertex 5.842487113059643 52.14 0
      vertex 5.870459231360939 52.07246933262871 0
    endloop
  endfacet
  facet normal 0 0 -1
    outer loop
      vertex 5.797989898732233 51.80201010126777 0
      vertex 5.797989898732233 52.19798989873223 0
      vertex 5.842487113059643 52.14 0
    endloop
  endfacet
  facet normal 0 0 -1
    outer loop
      vertex 5.870459231360939 51.92753066737129 0
      vertex 5.870459231360939 52.07246933262871 0
      vertex 5.88 52 0
    endloop
  endfacet
  facet normal -0.7933533402912211 -0.6087614290087392 0
    outer loop
      vertex 5.402010101267766 51.80201010126777 0
      vertex 5.3575128869403565 51.86 7.380909525217808
      vertex 5.3575128869403565 51.86 0
    endloop
  endfacet
  facet normal -0.6087614290087596 -0.7933533402912052 0
    outer loop
      vertex 5.402010101267766 51.80201010126777 0
      vertex 5.46 51.757512886940354 0
      vertex 5.46 51.757512886940354 7.380909525217808
    endloop
  endfacet
  facet normal -0.38268343236504604 -0.923879532511305 0
    outer loop
      vertex 5.527530667371294 51.72954076863906 0
      vertex 5.46 51.757512886940354 7.380909525217808
      vertex 5.46 51.757512886940354 0
    endloop
  endfacet
  facet normal -0.13052619222007938 -0.9914448613738067 0
    outer loop
      vertex 5.527530667371294 51.72954076863906 0
      vertex 5.6 51.72 0
      vertex 5.6 51.72 7.380909525217808
    endloop
  endfacet
  facet normal 0.13052619222007938 -0.9914448613738067 0
    outer loop
      vertex 5.6 51.72 0
      vertex 5.6724693326287055 51.72954076863906 0
      vertex 5.6 51.72 7.380909525217808
    endloop
  endfacet
  facet normal 0.38268343236504604 -0.923879532511305 0
    outer loop
      vertex 5.6724693326287055 51.72954076863906 0
      vertex 5.739999999999999 51.757512886940354 0
      vertex 5.739999999999999 51.757512886940354 7.380909525217808
    endloop
  endfacet
  facet normal 0.6087614290087596 -0.7933533402912052 0
    outer loop
      vertex 5.739999999999999 51.757512886940354 0
      vertex 5.797989898732233 51.80201010126777 0
      vertex 5.739999999999999 51.757512886940354 7.380909525217808
    endloop
  endfacet
  facet normal -0.9238795325112876 -0.3826834323650875 0
    outer loop
      vertex 5.329540768639061 51.92753066737129 0
      vertex 5.3575128869403565 51.86 0
      vertex 5.329540768639061 51.92753066737129 7.386612204649415
    endloop
  endfacet
  facet normal -0.99144486137381 -0.13052619222005393 0
    outer loop
      vertex 5.329540768639061 51.92753066737129 0
      vertex 5.319999999999999 52 7.380909525217808
      vertex 5.319999999999999 52 0
    endloop
  endfacet
  facet normal -0.99144486137381 0.13052619222005393 0
    outer loop
      vertex 5.319999999999999 52 0
      vertex 5.329540768639061 52.07246933262871 7.386612204649415
      vertex 5.329540768639061 52.07246933262871 0
    endloop
  endfacet
  facet normal -0.9238795325112876 0.3826834323650875 0
    outer loop
      vertex 5.329540768639061 52.07246933262871 0
      vertex 5.3575128869403565 52.14 7.380909525217808
      vertex 5.3575128869403565 52.14 0
    endloop
  endfacet
  facet normal -0.7933533402912211 0.6087614290087391 0
    outer loop
      vertex 5.3575128869403565 52.14 0
      vertex 5.402010101267766 52.19798989873223 7.386612204649416
      vertex 5.402010101267766 52.19798989873223 0
    endloop
  endfacet
  facet normal -0.6087614290087596 0.7933533402912052 0
    outer loop
      vertex 5.402010101267766 52.19798989873223 0
      vertex 5.46 52.242487113059646 7.380909525217808
      vertex 5.46 52.242487113059646 0
    endloop
  endfacet
  facet normal -0.38268343236504604 0.923879532511305 0
    outer loop
      vertex 5.46 52.242487113059646 0
      vertex 5.46 52.242487113059646 7.380909525217808
      vertex 5.527530667371294 52.27045923136094 0
    endloop
  endfacet
  facet normal 0.38268343236504604 0.923879532511305 0
    outer loop
      vertex 5.739999999999999 52.242487113059646 0
      vertex 5.6724693326287055 52.27045923136094 0
      vertex 5.739999999999999 52.242487113059646 7.380909525217808
    endloop
  endfacet
  facet normal 0.6087614290087596 0.7933533402912052 0
    outer loop
      vertex 5.739999999999999 52.242487113059646 0
      vertex 5.739999999999999 52.242487113059646 7.380909525217808
      vertex 5.797989898732233 52.19798989873223 0
    endloop
  endfacet
  facet normal -0.13052619222007938 0.9914448613738067 0
    outer loop
      vertex 5.527530667371294 52.27045923136094 0
      vertex 5.6 52.28 7.380909525217808
      vertex 5.6 52.28 0
    endloop
  endfacet
  facet normal 0.13052619222007938 0.9914448613738067 0
    outer loop
      vertex 5.6 52.28 0
      vertex 5.6 52.28 7.380909525217808
      vertex 5.6724693326287055 52.27045923136094 0
    endloop
  endfacet
  facet normal 0.7933533402912211 -0.6087614290087391 0
    outer loop
      vertex 5.797989898732233 51.80201010126777 0
      vertex 5.842487113059643 51.86 0
      vertex 5.797989898732233 51.80201010126777 7.386612204649416
    endloop
  endfacet
  facet normal 0.9238795325112876 -0.3826834323650875 0
    outer loop
      vertex 5.842487113059643 51.86 0
      vertex 5.870459231360939 51.92753066737129 0
      vertex 5.842487113059643 51.86 7.380909525217808
    endloop
  endfacet
  facet normal 0.99144486137381 -0.13052619222005393 0
    outer loop
      vertex 5.870459231360939 51.92753066737129 0
      vertex 5.88 52 0
      vertex 5.870459231360939 51.92753066737129 7.386612204649415
    endloop
  endfacet
  facet normal 0.99144486137381 0.13052619222005393 0
    outer loop
      vertex 5.88 52 0
      vertex 5.870459231360939 52.07246933262871 0
      vertex 5.88 52 7.380909525217808
    endloop
  endfacet
  facet normal 0.7933533402912211 0.6087614290087392 0
    outer loop
      vertex 5.842487113059643 52.14 0
      vertex 5.797989898732233 52.19798989873223 0
      vertex 5.842487113059643 52.14 7.380909525217808
    endloop
  endfacet
  facet normal 0.9238795325112876 0.3826834323650875 0
    outer loop
      vertex 5.842487113059643 52.14 0
      vertex 5.870459231360939 52.07246933262871 7.386612204649415
      vertex 5.870459231360939 52.07246933262871 0
    endloop
  endfacet
  facet normal -0.7933533402912211 -0.6087614290087391 0
    outer loop
      vertex 5.402010101267766 51.80201010126777 0
      vertex 5.402010101267766 51.80201010126777 7.386612204649416
      vertex 5.3575128869403565 51.86 7.380909525217808
    endloop
  endfacet
  facet normal -0.6087614290087597 -0.7933533402912052 0
    outer loop
      vertex 5.402010101267766 51.80201010126777 0
      vertex 5.46 51.757512886940354 7.380909525217808
      vertex 5.402010101267766 51.80201010126777 7.386612204649416
    endloop
  endfacet
  facet normal -0.38268343236504604 -0.9238795325113048 0
    outer loop
      vertex 5.527530667371294 51.72954076863906 0
      vertex 5.527530667371294 51.72954076863906 7.386612204649416
      vertex 5.46 51.757512886940354 7.380909525217808
    endloop
  endfacet
  facet normal -0.13052619222007938 -0.9914448613738067 0
    outer loop
      vertex 5.527530667371294 51.72954076863906 0
      vertex 5.6 51.72 7.380909525217808
      vertex 5.527530667371294 51.72954076863906 7.386612204649416
    endloop
  endfacet
  facet normal 0.13052619222007938 -0.9914448613738067 0
    outer loop
      vertex 5.6724693326287055 51.72954076863906 0
      vertex 5.6724693326287055 51.72954076863906 7.386612204649416
      vertex 5.6 51.72 7.380909525217808
    endloop
  endfacet
  facet normal 0.38268343236504604 -0.9238795325113048 0
    outer loop
      vertex 5.6724693326287055 51.72954076863906 0
      vertex 5.739999999999999 51.757512886940354 7.380909525217808
      vertex 5.6724693326287055 51.72954076863906 7.386612204649416
    endloop
  endfacet
  facet normal -0.99144486137381 -0.13052619222005393 0
    outer loop
      vertex 5.329540768639061 51.92753066737129 0
      vertex 5.329540768639061 51.92753066737129 7.386612204649415
      vertex 5.319999999999999 52 7.380909525217808
    endloop
  endfacet
  facet normal -0.9238795325112876 -0.3826834323650875 0
    outer loop
      vertex 5.3575128869403565 51.86 0
      vertex 5.3575128869403565 51.86 7.380909525217808
      vertex 5.329540768639061 51.92753066737129 7.386612204649415
    endloop
  endfacet
  facet normal -0.99144486137381 0.13052619222005393 0
    outer loop
      vertex 5.319999999999999 52 0
      vertex 5.319999999999999 52 7.380909525217808
      vertex 5.329540768639061 52.07246933262871 7.386612204649415
    endloop
  endfacet
  facet normal -0.9238795325112876 0.3826834323650875 0
    outer loop
      vertex 5.329540768639061 52.07246933262871 0
      vertex 5.329540768639061 52.07246933262871 7.386612204649415
      vertex 5.3575128869403565 52.14 7.380909525217808
    endloop
  endfacet
  facet normal -0.7933533402912211 0.6087614290087392 0
    outer loop
      vertex 5.3575128869403565 52.14 0
      vertex 5.3575128869403565 52.14 7.380909525217808
      vertex 5.402010101267766 52.19798989873223 7.386612204649416
    endloop
  endfacet
  facet normal -0.6087614290087597 0.7933533402912052 0
    outer loop
      vertex 5.402010101267766 52.19798989873223 0
      vertex 5.402010101267766 52.19798989873223 7.386612204649416
      vertex 5.46 52.242487113059646 7.380909525217808
    endloop
  endfacet
  facet normal -0.38268343236504604 0.9238795325113048 0
    outer loop
      vertex 5.527530667371294 52.27045923136094 0
      vertex 5.46 52.242487113059646 7.380909525217808
      vertex 5.527530667371294 52.27045923136094 7.386612204649416
    endloop
  endfacet
  facet normal 0.38268343236504604 0.9238795325113048 0
    outer loop
      vertex 5.6724693326287055 52.27045923136094 0
      vertex 5.6724693326287055 52.27045923136094 7.386612204649416
      vertex 5.739999999999999 52.242487113059646 7.380909525217808
    endloop
  endfacet
  facet normal -0.13052619222007938 0.9914448613738067 0
    outer loop
      vertex 5.527530667371294 52.27045923136094 0
      vertex 5.527530667371294 52.27045923136094 7.386612204649416
      vertex 5.6 52.28 7.380909525217808
    endloop
  endfacet
  facet normal 0.13052619222007938 0.9914448613738067 0
    outer loop
      vertex 5.6724693326287055 52.27045923136094 0
      vertex 5.6 52.28 7.380909525217808
      vertex 5.6724693326287055 52.27045923136094 7.386612204649416
    endloop
  endfacet
  facet normal 0.6087614290087597 -0.7933533402912052 0
    outer loop
      vertex 5.797989898732233 51.80201010126777 0
      vertex 5.797989898732233 51.80201010126777 7.386612204649416
      vertex 5.739999999999999 51.757512886940354 7.380909525217808
    endloop
  endfacet
  facet normal 0.7933533402912211 -0.6087614290087392 0
    outer loop
      vertex 5.842487113059643 51.86 0
      vertex 5.842487113059643 51.86 7.380909525217808
      vertex 5.797989898732233 51.80201010126777 7.386612204649416
    endloop
  endfacet
  facet normal 0.9238795325112876 -0.3826834323650875 0
    outer loop
      vertex 5.870459231360939 51.92753066737129 0
      vertex 5.870459231360939 51.92753066737129 7.386612204649415
      vertex 5.842487113059643 51.86 7.380909525217808
    endloop
  endfacet
  facet normal 0.99144486137381 -0.13052619222005393 0
    outer loop
      vertex 5.88 52 0
      vertex 5.88 52 7.380909525217808
      vertex 5.870459231360939 51.92753066737129 7.386612204649415
    endloop
  endfacet
  facet normal 0.99144486137381 0.13052619222005393 0
    outer loop
      vertex 5.870459231360939 52.07246933262871 0
      vertex 5.870459231360939 52.07246933262871 7.386612204649415
      vertex 5.88 52 7.380909525217808
    endloop
  endfacet
  facet normal 0.9238795325112876 0.3826834323650875 0
    outer loop
      vertex 5.842487113059643 52.14 0
      vertex 5.842487113059643 52.14 7.380909525217808
      vertex 5.870459231360939 52.07246933262871 7.386612204649415
    endloop
  endfacet
  facet normal 0.6087614290087597 0.7933533402912052 0
    outer loop
      vertex 5.797989898732233 52.19798989873223 0
      vertex 5.739999999999999 52.242487113059646 7.380909525217808
      vertex 5.797989898732233 52.19798989873223 7.386612204649416
    endloop
  endfacet
  facet normal 0.7933533402912211 0.6087614290087391 0
    outer loop
      vertex 5.797989898732233 52.19798989873223 0
      vertex 5.797989898732233 52.19798989873223 7.386612204649416
      vertex 5.842487113059643 52.14 7.380909525217808
    endloop
  endfacet
  facet normal -0.36278404373895645 -0.3627840437389886 -0.8583562635740469
    outer loop
      vertex 51.80201010126777 -5.797989898732233 7.386612204649416
      vertex 51.57133929501294 -5.847487373415292 7.505025253169417
      vertex 51.757512886940354 -5.739999999999999 7.380909525217808
    endloop
  endfacet
  facet normal -0.36278404373898443 -0.36278404373896594 -0.8583562635740446
    outer loop
      vertex 51.80201010126777 -5.797989898732233 7.386612204649416
      vertex 51.86 -5.842487113059643 7.380909525217808
      vertex 51.75251262658471 -6.028660704987056 7.505025253169417
    endloop
  endfacet
  facet normal -0.13278817609611607 -0.49557221983507677 -0.8583562635740483
    outer loop
      vertex 51.92753066737129 -5.870459231360939 7.386612204649415
      vertex 51.75251262658471 -6.028660704987056 7.505025253169417
      vertex 51.86 -5.842487113059643 7.380909525217808
    endloop
  endfacet
  facet normal -0.49557221983508903 -0.13278817609608395 -0.8583562635740463
    outer loop
      vertex 51.72954076863906 -5.6724693326287055 7.386612204649416
      vertex 51.757512886940354 -5.739999999999999 7.380909525217808
      vertex 51.57133929501294 -5.847487373415292 7.505025253169417
    endloop
  endfacet
  facet normal -0.4955722198350751 0.13278817609612262 -0.8583562635740484
    outer loop
      vertex 51.72 -5.6 7.380909525217808
      vertex 51.505025253169414 -5.6 7.505025253169417
      vertex 51.72954076863906 -5.527530667371294 7.386612204649416
    endloop
  endfacet
  facet normal -0.4955722198350751 -0.13278817609612262 -0.8583562635740484
    outer loop
      vertex 51.72954076863906 -5.6724693326287055 7.386612204649416
      vertex 51.505025253169414 -5.6 7.505025253169417
      vertex 51.72 -5.6 7.380909525217808
    endloop
  endfacet
  facet normal -0.4955722198350659 0.13278817609607313 -0.8583562635740614
    outer loop
      vertex 51.72954076863906 -5.527530667371294 7.386612204649416
      vertex 51.505025253169414 -5.6 7.505025253169417
      vertex 51.757512886940354 -5.46 7.380909525217808
    endloop
  endfacet
  facet normal -0.36278404373895645 0.3627840437389886 -0.8583562635740469
    outer loop
      vertex 51.757512886940354 -5.46 7.380909525217808
      vertex 51.57133929501294 -5.352512626584708 7.505025253169417
      vertex 51.80201010126777 -5.402010101267766 7.386612204649416
    endloop
  endfacet
  facet normal -0.36278404373898443 0.36278404373896594 -0.8583562635740446
    outer loop
      vertex 51.80201010126777 -5.402010101267766 7.386612204649416
      vertex 51.75251262658471 -5.1713392950129435 7.505025253169417
      vertex 51.86 -5.3575128869403565 7.380909525217808
    endloop
  endfacet
  facet normal -0.13278817609611607 0.49557221983507677 -0.8583562635740483
    outer loop
      vertex 51.86 -5.3575128869403565 7.380909525217808
      vertex 51.75251262658471 -5.1713392950129435 7.505025253169417
      vertex 51.92753066737129 -5.329540768639061 7.386612204649415
    endloop
  endfacet
  facet normal -0.13278817609609897 -0.4955722198350797 -0.8583562635740493
    outer loop
      vertex 51.92753066737129 -5.870459231360939 7.386612204649415
      vertex 52 -5.88 7.380909525217808
      vertex 52 -6.094974746830583 7.505025253169417
    endloop
  endfacet
  facet normal 0.132788176096099 -0.4955722198350798 -0.8583562635740493
    outer loop
      vertex 52 -5.88 7.380909525217808
      vertex 52.07246933262871 -5.870459231360939 7.386612204649415
      vertex 52 -6.094974746830583 7.505025253169417
    endloop
  endfacet
  facet normal 0.13278817609611607 -0.49557221983507677 -0.8583562635740483
    outer loop
      vertex 52.07246933262871 -5.870459231360939 7.386612204649415
      vertex 52.14 -5.842487113059643 7.380909525217808
      vertex 52.24748737341529 -6.028660704987056 7.505025253169417
    endloop
  endfacet
  facet normal 0.36278404373898443 -0.36278404373896583 -0.8583562635740445
    outer loop
      vertex 52.14 -5.842487113059643 7.380909525217808
      vertex 52.19798989873223 -5.797989898732233 7.386612204649416
      vertex 52.24748737341529 -6.028660704987056 7.505025253169417
    endloop
  endfacet
  facet normal 0.36278404373895645 -0.3627840437389886 -0.8583562635740469
    outer loop
      vertex 52.19798989873223 -5.797989898732233 7.386612204649416
      vertex 52.242487113059646 -5.739999999999999 7.380909525217808
      vertex 52.42866070498706 -5.847487373415292 7.505025253169417
    endloop
  endfacet
  facet normal -0.13278817609609897 0.4955722198350797 -0.8583562635740493
    outer loop
      vertex 51.92753066737129 -5.329540768639061 7.386612204649415
      vertex 52 -5.1050252531694165 7.505025253169417
      vertex 52 -5.319999999999999 7.380909525217808
    endloop
  endfacet
  facet normal 0.132788176096099 0.4955722198350798 -0.8583562635740493
    outer loop
      vertex 52 -5.319999999999999 7.380909525217808
      vertex 52 -5.1050252531694165 7.505025253169417
      vertex 52.07246933262871 -5.329540768639061 7.386612204649415
    endloop
  endfacet
  facet normal 0.13278817609611607 0.49557221983507677 -0.8583562635740483
    outer loop
      vertex 52.14 -5.3575128869403565 7.380909525217808
      vertex 52.07246933262871 -5.329540768639061 7.386612204649415
      vertex 52.24748737341529 -5.1713392950129435 7.505025253169417
    endloop
  endfacet
  facet normal 0.36278404373898443 0.36278404373896583 -0.8583562635740445
    outer loop
      vertex 52.14 -5.3575128869403565 7.380909525217808
      vertex 52.24748737341529 -5.1713392950129435 7.505025253169417
      vertex 52.19798989873223 -5.402010101267766 7.386612204649416
    endloop
  endfacet
  facet normal 0.49557221983508903 -0.13278817609608395 -0.8583562635740463
    outer loop
      vertex 52.242487113059646 -5.739999999999999 7.380909525217808
      vertex 52.27045923136094 -5.6724693326287055 7.386612204649416
      vertex 52.42866070498706 -5.847487373415292 7.505025253169417
    endloop
  endfacet
  facet normal 0.4955722198350751 0.13278817609612262 -0.8583562635740484
    outer loop
      vertex 52.28 -5.6 7.380909525217808
      vertex 52.27045923136094 -5.527530667371294 7.386612204649416
      vertex 52.494974746830586 -5.6 7.505025253169417
    endloop
  endfacet
  facet normal 0.4955722198350751 -0.13278817609612262 -0.8583562635740484
    outer loop
      vertex 52.27045923136094 -5.6724693326287055 7.386612204649416
      vertex 52.28 -5.6 7.380909525217808
      vertex 52.494974746830586 -5.6 7.505025253169417
    endloop
  endfacet
  facet normal 0.36278404373895645 0.3627840437389886 -0.8583562635740469
    outer loop
      vertex 52.242487113059646 -5.46 7.380909525217808
      vertex 52.19798989873223 -5.402010101267766 7.386612204649416
      vertex 52.42866070498706 -5.352512626584708 7.505025253169417
    endloop
  endfacet
  facet normal 0.49557221983508903 0.13278817609608395 -0.8583562635740463
    outer loop
      vertex 52.242487113059646 -5.46 7.380909525217808
      vertex 52.42866070498706 -5.352512626584708 7.505025253169417
      vertex 52.27045923136094 -5.527530667371294 7.386612204649416
    endloop
  endfacet
  facet normal -0.36278404373896156 -0.36278404373897405 -0.8583562635740508
    outer loop
      vertex 51.80201010126777 -5.797989898732233 7.386612204649416
      vertex 51.75251262658471 -6.028660704987056 7.505025253169417
      vertex 51.57133929501294 -5.847487373415292 7.505025253169417
    endloop
  endfacet
  facet normal -0.4955722198350717 -0.1327881760961042 -0.8583562635740531
    outer loop
      vertex 51.72954076863906 -5.6724693326287055 7.386612204649416
      vertex 51.57133929501294 -5.847487373415292 7.505025253169417
      vertex 51.505025253169414 -5.6 7.505025253169417
    endloop
  endfacet
  facet normal -0.4955722198350782 0.13278817609610594 -0.8583562635740491
    outer loop
      vertex 51.757512886940354 -5.46 7.380909525217808
      vertex 51.505025253169414 -5.6 7.505025253169417
      vertex 51.57133929501294 -5.352512626584708 7.505025253169417
    endloop
  endfacet
  facet normal -0.36278404373896156 0.36278404373897405 -0.8583562635740508
    outer loop
      vertex 51.80201010126777 -5.402010101267766 7.386612204649416
      vertex 51.57133929501294 -5.352512626584708 7.505025253169417
      vertex 51.75251262658471 -5.1713392950129435 7.505025253169417
    endloop
  endfacet
  facet normal -0.13278817609611016 -0.49557221983508176 -0.8583562635740464
    outer loop
      vertex 51.92753066737129 -5.870459231360939 7.386612204649415
      vertex 52 -6.094974746830583 7.505025253169417
      vertex 51.75251262658471 -6.028660704987056 7.505025253169417
    endloop
  endfacet
  facet normal 0.13278817609611016 -0.49557221983508176 -0.8583562635740464
    outer loop
      vertex 52.07246933262871 -5.870459231360939 7.386612204649415
      vertex 52.24748737341529 -6.028660704987056 7.505025253169417
      vertex 52 -6.094974746830583 7.505025253169417
    endloop
  endfacet
  facet normal 0.36278404373896156 -0.36278404373897405 -0.8583562635740508
    outer loop
      vertex 52.19798989873223 -5.797989898732233 7.386612204649416
      vertex 52.42866070498706 -5.847487373415292 7.505025253169417
      vertex 52.24748737341529 -6.028660704987056 7.505025253169417
    endloop
  endfacet
  facet normal -0.13278817609611016 0.49557221983508176 -0.8583562635740464
    outer loop
      vertex 51.92753066737129 -5.329540768639061 7.386612204649415
      vertex 51.75251262658471 -5.1713392950129435 7.505025253169417
      vertex 52 -5.1050252531694165 7.505025253169417
    endloop
  endfacet
  facet normal 0.13278817609611016 0.49557221983508176 -0.8583562635740464
    outer loop
      vertex 52.07246933262871 -5.329540768639061 7.386612204649415
      vertex 52 -5.1050252531694165 7.505025253169417
      vertex 52.24748737341529 -5.1713392950129435 7.505025253169417
    endloop
  endfacet
  facet normal 0.4955722198350717 -0.1327881760961042 -0.8583562635740531
    outer loop
      vertex 52.27045923136094 -5.6724693326287055 7.386612204649416
      vertex 52.494974746830586 -5.6 7.505025253169417
      vertex 52.42866070498706 -5.847487373415292 7.505025253169417
    endloop
  endfacet
  facet normal 0.4955722198350717 0.1327881760961042 -0.8583562635740531
    outer loop
      vertex 52.27045923136094 -5.527530667371294 7.386612204649416
      vertex 52.42866070498706 -5.352512626584708 7.505025253169417
      vertex 52.494974746830586 -5.6 7.505025253169417
    endloop
  endfacet
  facet normal 0.36278404373896156 0.36278404373897405 -0.8583562635740508
    outer loop
      vertex 52.19798989873223 -5.402010101267766 7.386612204649416
      vertex 52.24748737341529 -5.1713392950129435 7.505025253169417
      vertex 52.42866070498706 -5.352512626584708 7.505025253169417
    endloop
  endfacet
  facet normal -0.6175653985824818 -0.6175653985825031 -0.48705847384815554
    outer loop
      vertex 51.57133929501294 -5.847487373415292 7.505025253169417
      vertex 51.75251262658471 -6.028660704987056 7.505025253169417
      vertex 51.661925960798825 -6.185561412616465 7.818826668428235
    endloop
  endfacet
  facet normal -0.843610022961954 -0.2260446243794639 -0.4870584738481391
    outer loop
      vertex 51.57133929501294 -5.847487373415292 7.505025253169417
      vertex 51.414438587383536 -5.938074039201173 7.818826668428235
      vertex 51.32385192159765 -5.6 7.818826668428235
    endloop
  endfacet
  facet normal -0.6175653985825016 -0.6175653985824949 -0.48705847384814116
    outer loop
      vertex 51.57133929501294 -5.847487373415292 7.505025253169417
      vertex 51.661925960798825 -6.185561412616465 7.818826668428235
      vertex 51.414438587383536 -5.938074039201173 7.818826668428235
    endloop
  endfacet
  facet normal -0.22604462437945538 -0.8436100229619494 -0.4870584738481512
    outer loop
      vertex 51.75251262658471 -6.028660704987056 7.505025253169417
      vertex 52 -6.276148078402348 7.818826668428235
      vertex 51.661925960798825 -6.185561412616465 7.818826668428235
    endloop
  endfacet
  facet normal -0.8436100229619526 -0.2260446243794526 -0.48705847384814693
    outer loop
      vertex 51.57133929501294 -5.847487373415292 7.505025253169417
      vertex 51.32385192159765 -5.6 7.818826668428235
      vertex 51.505025253169414 -5.6 7.505025253169417
    endloop
  endfacet
  facet normal -0.8436100229619526 0.2260446243794526 -0.48705847384814693
    outer loop
      vertex 51.505025253169414 -5.6 7.505025253169417
      vertex 51.32385192159765 -5.6 7.818826668428235
      vertex 51.57133929501294 -5.352512626584708 7.505025253169417
    endloop
  endfacet
  facet normal -0.6175653985824818 0.6175653985825031 -0.48705847384815554
    outer loop
      vertex 51.57133929501294 -5.352512626584708 7.505025253169417
      vertex 51.661925960798825 -5.014438587383534 7.818826668428235
      vertex 51.75251262658471 -5.1713392950129435 7.505025253169417
    endloop
  endfacet
  facet normal -0.843610022961954 0.2260446243794639 -0.4870584738481391
    outer loop
      vertex 51.57133929501294 -5.352512626584708 7.505025253169417
      vertex 51.32385192159765 -5.6 7.818826668428235
      vertex 51.414438587383536 -5.261925960798826 7.818826668428235
    endloop
  endfacet
  facet normal -0.6175653985825016 0.6175653985824949 -0.48705847384814116
    outer loop
      vertex 51.57133929501294 -5.352512626584708 7.505025253169417
      vertex 51.414438587383536 -5.261925960798826 7.818826668428235
      vertex 51.661925960798825 -5.014438587383534 7.818826668428235
    endloop
  endfacet
  facet normal -0.22604462437945538 0.8436100229619494 -0.4870584738481512
    outer loop
      vertex 51.75251262658471 -5.1713392950129435 7.505025253169417
      vertex 51.661925960798825 -5.014438587383534 7.818826668428235
      vertex 52 -4.9238519215976515 7.818826668428235
    endloop
  endfacet
  facet normal -0.22604462437945722 -0.8436100229619495 -0.4870584738481499
    outer loop
      vertex 51.75251262658471 -6.028660704987056 7.505025253169417
      vertex 52 -6.094974746830583 7.505025253169417
      vertex 52 -6.276148078402348 7.818826668428235
    endloop
  endfacet
  facet normal 0.22604462437945722 -0.8436100229619495 -0.4870584738481499
    outer loop
      vertex 52 -6.094974746830583 7.505025253169417
      vertex 52.24748737341529 -6.028660704987056 7.505025253169417
      vertex 52 -6.276148078402348 7.818826668428235
    endloop
  endfacet
  facet normal 0.6175653985824818 -0.6175653985825031 -0.48705847384815554
    outer loop
      vertex 52.24748737341529 -6.028660704987056 7.505025253169417
      vertex 52.42866070498706 -5.847487373415292 7.505025253169417
      vertex 52.338074039201175 -6.185561412616465 7.818826668428235
    endloop
  endfacet
  facet normal 0.22604462437945538 -0.8436100229619494 -0.4870584738481512
    outer loop
      vertex 52.24748737341529 -6.028660704987056 7.505025253169417
      vertex 52.338074039201175 -6.185561412616465 7.818826668428235
      vertex 52 -6.276148078402348 7.818826668428235
    endloop
  endfacet
  facet normal 0.6175653985825016 -0.6175653985824949 -0.48705847384814116
    outer loop
      vertex 52.42866070498706 -5.847487373415292 7.505025253169417
      vertex 52.585561412616464 -5.938074039201173 7.818826668428235
      vertex 52.338074039201175 -6.185561412616465 7.818826668428235
    endloop
  endfacet
  facet normal 0.843610022961954 -0.2260446243794639 -0.4870584738481391
    outer loop
      vertex 52.42866070498706 -5.847487373415292 7.505025253169417
      vertex 52.67614807840235 -5.6 7.818826668428235
      vertex 52.585561412616464 -5.938074039201173 7.818826668428235
    endloop
  endfacet
  facet normal -0.22604462437945722 0.8436100229619495 -0.4870584738481499
    outer loop
      vertex 51.75251262658471 -5.1713392950129435 7.505025253169417
      vertex 52 -4.9238519215976515 7.818826668428235
      vertex 52 -5.1050252531694165 7.505025253169417
    endloop
  endfacet
  facet normal 0.22604462437945722 0.8436100229619495 -0.4870584738481499
    outer loop
      vertex 52 -5.1050252531694165 7.505025253169417
      vertex 52 -4.9238519215976515 7.818826668428235
      vertex 52.24748737341529 -5.1713392950129435 7.505025253169417
    endloop
  endfacet
  facet normal 0.8436100229619526 -0.2260446243794526 -0.48705847384814693
    outer loop
      vertex 52.42866070498706 -5.847487373415292 7.505025253169417
      vertex 52.494974746830586 -5.6 7.505025253169417
      vertex 52.67614807840235 -5.6 7.818826668428235
    endloop
  endfacet
  facet normal 0.8436100229619526 0.2260446243794526 -0.48705847384814693
    outer loop
      vertex 52.42866070498706 -5.352512626584708 7.505025253169417
      vertex 52.67614807840235 -5.6 7.818826668428235
      vertex 52.494974746830586 -5.6 7.505025253169417
    endloop
  endfacet
  facet normal 0.6175653985824818 0.6175653985825031 -0.48705847384815554
    outer loop
      vertex 52.24748737341529 -5.1713392950129435 7.505025253169417
      vertex 52.338074039201175 -5.014438587383534 7.818826668428235
      vertex 52.42866070498706 -5.352512626584708 7.505025253169417
    endloop
  endfacet
  facet normal 0.22604462437945538 0.8436100229619494 -0.4870584738481512
    outer loop
      vertex 52.24748737341529 -5.1713392950129435 7.505025253169417
      vertex 52 -4.9238519215976515 7.818826668428235
      vertex 52.338074039201175 -5.014438587383534 7.818826668428235
    endloop
  endfacet
  facet normal 0.843610022961954 0.2260446243794639 -0.4870584738481391
    outer loop
      vertex 52.42866070498706 -5.352512626584708 7.505025253169417
      vertex 52.585561412616464 -5.261925960798826 7.818826668428235
      vertex 52.67614807840235 -5.6 7.818826668428235
    endloop
  endfacet
  facet normal 0.6175653985825016 0.6175653985824949 -0.48705847384814116
    outer loop
      vertex 52.42866070498706 -5.352512626584708 7.505025253169417
      vertex 52.338074039201175 -5.014438587383534 7.818826668428235
      vertex 52.585561412616464 -5.261925960798826 7.818826668428235
    endloop
  endfacet
  facet normal -0.9659258262890661 -0.25881904510252857 0
    outer loop
      vertex 51.414438587383536 -5.938074039201173 7.818826668428235
      vertex 51.414438587383536 -5.938074039201173 8.181173331571765
      vertex 51.32385192159765 -5.6 7.818826668428235
    endloop
  endfacet
  facet normal -0.25881904510252085 -0.9659258262890682 0
    outer loop
      vertex 51.661925960798825 -6.185561412616465 7.818826668428235
      vertex 52 -6.276148078402348 7.818826668428235
      vertex 51.661925960798825 -6.185561412616465 8.181173331571765
    endloop
  endfacet
  facet normal -0.7071067811865513 -0.7071067811865437 0
    outer loop
      vertex 51.414438587383536 -5.938074039201173 7.818826668428235
      vertex 51.661925960798825 -6.185561412616465 7.818826668428235
      vertex 51.414438587383536 -5.938074039201173 8.181173331571765
    endloop
  endfacet
  facet normal -0.9659258262890661 0.25881904510252857 0
    outer loop
      vertex 51.32385192159765 -5.6 7.818826668428235
      vertex 51.32385192159765 -5.6 8.181173331571765
      vertex 51.414438587383536 -5.261925960798826 7.818826668428235
    endloop
  endfacet
  facet normal -0.7071067811865513 0.7071067811865437 0
    outer loop
      vertex 51.414438587383536 -5.261925960798826 7.818826668428235
      vertex 51.661925960798825 -5.014438587383534 8.181173331571765
      vertex 51.661925960798825 -5.014438587383534 7.818826668428235
    endloop
  endfacet
  facet normal 0.25881904510252085 -0.9659258262890682 0
    outer loop
      vertex 52 -6.276148078402348 7.818826668428235
      vertex 52.338074039201175 -6.185561412616465 7.818826668428235
      vertex 52 -6.276148078402348 8.181173331571765
    endloop
  endfacet
  facet normal 0.7071067811865513 -0.7071067811865437 0
    outer loop
      vertex 52.338074039201175 -6.185561412616465 7.818826668428235
      vertex 52.585561412616464 -5.938074039201173 7.818826668428235
      vertex 52.338074039201175 -6.185561412616465 8.181173331571765
    endloop
  endfacet
  facet normal -0.25881904510252085 0.9659258262890682 0
    outer loop
      vertex 51.661925960798825 -5.014438587383534 7.818826668428235
      vertex 52 -4.9238519215976515 8.181173331571765
      vertex 52 -4.9238519215976515 7.818826668428235
    endloop
  endfacet
  facet normal 0.25881904510252085 0.9659258262890682 0
    outer loop
      vertex 52.338074039201175 -5.014438587383534 7.818826668428235
      vertex 52 -4.9238519215976515 7.818826668428235
      vertex 52.338074039201175 -5.014438587383534 8.181173331571765
    endloop
  endfacet
  facet normal 0.9659258262890661 -0.25881904510252857 0
    outer loop
      vertex 52.585561412616464 -5.938074039201173 7.818826668428235
      vertex 52.67614807840235 -5.6 7.818826668428235
      vertex 52.67614807840235 -5.6 8.181173331571765
    endloop
  endfacet
  facet normal 0.9659258262890661 0.25881904510252857 0
    outer loop
      vertex 52.67614807840235 -5.6 7.818826668428235
      vertex 52.585561412616464 -5.261925960798826 7.818826668428235
      vertex 52.585561412616464 -5.261925960798826 8.181173331571765
    endloop
  endfacet
  facet normal 0.7071067811865513 0.7071067811865437 0
    outer loop
      vertex 52.338074039201175 -5.014438587383534 7.818826668428235
      vertex 52.585561412616464 -5.261925960798826 8.181173331571765
      vertex 52.585561412616464 -5.261925960798826 7.818826668428235
    endloop
  endfacet
  facet normal -0.7071067811865513 -0.7071067811865437 0
    outer loop
      vertex 51.661925960798825 -6.185561412616465 7.818826668428235
      vertex 51.661925960798825 -6.185561412616465 8.181173331571765
      vertex 51.414438587383536 -5.938074039201173 8.181173331571765
    endloop
  endfacet
  facet normal -0.9659258262890661 -0.25881904510252857 0
    outer loop
      vertex 51.32385192159765 -5.6 7.818826668428235
      vertex 51.414438587383536 -5.938074039201173 8.181173331571765
      vertex 51.32385192159765 -5.6 8.181173331571765
    endloop
  endfacet
  facet normal -0.9659258262890661 0.25881904510252857 0
    outer loop
      vertex 51.414438587383536 -5.261925960798826 7.818826668428235
      vertex 51.32385192159765 -5.6 8.181173331571765
      vertex 51.414438587383536 -5.261925960798826 8.181173331571765
    endloop
  endfacet
  facet normal -0.7071067811865513 0.7071067811865437 0
    outer loop
      vertex 51.414438587383536 -5.261925960798826 7.818826668428235
      vertex 51.414438587383536 -5.261925960798826 8.181173331571765
      vertex 51.661925960798825 -5.014438587383534 8.181173331571765
    endloop
  endfacet
  facet normal -0.25881904510252085 0.9659258262890682 0
    outer loop
      vertex 51.661925960798825 -5.014438587383534 7.818826668428235
      vertex 51.661925960798825 -5.014438587383534 8.181173331571765
      vertex 52 -4.9238519215976515 8.181173331571765
    endloop
  endfacet
  facet normal -0.25881904510252085 -0.9659258262890682 0
    outer loop
      vertex 52 -6.276148078402348 7.818826668428235
      vertex 52 -6.276148078402348 8.181173331571765
      vertex 51.661925960798825 -6.185561412616465 8.181173331571765
    endloop
  endfacet
  facet normal 0.25881904510252085 -0.9659258262890682 0
    outer loop
      vertex 52.338074039201175 -6.185561412616465 7.818826668428235
      vertex 52.338074039201175 -6.185561412616465 8.181173331571765
      vertex 52 -6.276148078402348 8.181173331571765
    endloop
  endfacet
  facet normal 0.7071067811865513 -0.7071067811865437 0
    outer loop
      vertex 52.585561412616464 -5.938074039201173 7.818826668428235
      vertex 52.585561412616464 -5.938074039201173 8.181173331571765
      vertex 52.338074039201175 -6.185561412616465 8.181173331571765
    endloop
  endfacet
  facet normal 0.9659258262890661 -0.25881904510252857 0
    outer loop
      vertex 52.585561412616464 -5.938074039201173 7.818826668428235
      vertex 52.67614807840235 -5.6 8.181173331571765
      vertex 52.585561412616464 -5.938074039201173 8.181173331571765
    endloop
  endfacet
  facet normal 0.25881904510252085 0.9659258262890682 0
    outer loop
      vertex 52 -4.9238519215976515 7.818826668428235
      vertex 52 -4.9238519215976515 8.181173331571765
      vertex 52.338074039201175 -5.014438587383534 8.181173331571765
    endloop
  endfacet
  facet normal 0.9659258262890661 0.25881904510252857 0
    outer loop
      vertex 52.67614807840235 -5.6 7.818826668428235
      vertex 52.585561412616464 -5.261925960798826 8.181173331571765
      vertex 52.67614807840235 -5.6 8.181173331571765
    endloop
  endfacet
  facet normal 0.7071067811865513 0.7071067811865437 0
    outer loop
      vertex 52.338074039201175 -5.014438587383534 7.818826668428235
      vertex 52.338074039201175 -5.014438587383534 8.181173331571765
      vertex 52.585561412616464 -5.261925960798826 8.181173331571765
    endloop
  endfacet
  facet normal -0.8436100229619548 -0.22604462437946402 0.48705847384813816
    outer loop
      vertex 51.414438587383536 -5.938074039201173 8.181173331571765
      vertex 51.57133929501294 -5.847487373415292 8.494974746830584
      vertex 51.32385192159765 -5.6 8.181173331571765
    endloop
  endfacet
  facet normal -0.6175653985825019 -0.6175653985824952 0.48705847384814
    outer loop
      vertex 51.414438587383536 -5.938074039201173 8.181173331571765
      vertex 51.661925960798825 -6.185561412616465 8.181173331571765
      vertex 51.57133929501294 -5.847487373415292 8.494974746830584
    endloop
  endfacet
  facet normal -0.22604462437945547 -0.8436100229619499 0.48705847384815015
    outer loop
      vertex 51.661925960798825 -6.185561412616465 8.181173331571765
      vertex 52 -6.276148078402348 8.181173331571765
      vertex 51.75251262658471 -6.028660704987056 8.494974746830584
    endloop
  endfacet
  facet normal -0.6175653985824823 -0.6175653985825035 0.48705847384815454
    outer loop
      vertex 51.661925960798825 -6.185561412616465 8.181173331571765
      vertex 51.75251262658471 -6.028660704987056 8.494974746830584
      vertex 51.57133929501294 -5.847487373415292 8.494974746830584
    endloop
  endfacet
  facet normal -0.8436100229619548 0.22604462437946402 0.4870584738481382
    outer loop
      vertex 51.32385192159765 -5.6 8.181173331571765
      vertex 51.57133929501294 -5.352512626584708 8.494974746830584
      vertex 51.414438587383536 -5.261925960798826 8.181173331571765
    endloop
  endfacet
  facet normal -0.6175653985824971 0.6175653985824904 0.48705847384815226
    outer loop
      vertex 51.414438587383536 -5.261925960798826 8.181173331571765
      vertex 51.75251262658471 -5.1713392950129435 8.494974746830584
      vertex 51.661925960798825 -5.014438587383534 8.181173331571765
    endloop
  endfacet
  facet normal -0.22604462437945547 0.8436100229619499 0.48705847384815015
    outer loop
      vertex 51.661925960798825 -5.014438587383534 8.181173331571765
      vertex 51.75251262658471 -5.1713392950129435 8.494974746830584
      vertex 52 -4.9238519215976515 8.181173331571765
    endloop
  endfacet
  facet normal -0.8436100229619532 -0.2260446243794527 0.4870584738481458
    outer loop
      vertex 51.32385192159765 -5.6 8.181173331571765
      vertex 51.57133929501294 -5.847487373415292 8.494974746830584
      vertex 51.505025253169414 -5.6 8.494974746830584
    endloop
  endfacet
  facet normal -0.8436100229619532 0.2260446243794527 0.4870584738481458
    outer loop
      vertex 51.32385192159765 -5.6 8.181173331571765
      vertex 51.505025253169414 -5.6 8.494974746830584
      vertex 51.57133929501294 -5.352512626584708 8.494974746830584
    endloop
  endfacet
  facet normal -0.6175653985824889 0.61756539858251 0.4870584738481378
    outer loop
      vertex 51.414438587383536 -5.261925960798826 8.181173331571765
      vertex 51.57133929501294 -5.352512626584708 8.494974746830584
      vertex 51.75251262658471 -5.1713392950129435 8.494974746830584
    endloop
  endfacet
  facet normal 0.22604462437945547 -0.8436100229619499 0.48705847384815015
    outer loop
      vertex 52 -6.276148078402348 8.181173331571765
      vertex 52.338074039201175 -6.185561412616465 8.181173331571765
      vertex 52.24748737341529 -6.028660704987056 8.494974746830584
    endloop
  endfacet
  facet normal 0.6175653985825019 -0.6175653985824952 0.48705847384814005
    outer loop
      vertex 52.338074039201175 -6.185561412616465 8.181173331571765
      vertex 52.585561412616464 -5.938074039201173 8.181173331571765
      vertex 52.42866070498706 -5.847487373415292 8.494974746830584
    endloop
  endfacet
  facet normal 0.8436100229619548 -0.22604462437946402 0.48705847384813816
    outer loop
      vertex 52.585561412616464 -5.938074039201173 8.181173331571765
      vertex 52.67614807840235 -5.6 8.181173331571765
      vertex 52.42866070498706 -5.847487373415292 8.494974746830584
    endloop
  endfacet
  facet normal -0.22604462437945744 -0.8436100229619502 0.4870584738481489
    outer loop
      vertex 52 -6.276148078402348 8.181173331571765
      vertex 52 -6.094974746830583 8.494974746830584
      vertex 51.75251262658471 -6.028660704987056 8.494974746830584
    endloop
  endfacet
  facet normal 0.22604462437945744 -0.8436100229619502 0.4870584738481489
    outer loop
      vertex 52 -6.276148078402348 8.181173331571765
      vertex 52.24748737341529 -6.028660704987056 8.494974746830584
      vertex 52 -6.094974746830583 8.494974746830584
    endloop
  endfacet
  facet normal 0.6175653985824823 -0.6175653985825035 0.48705847384815454
    outer loop
      vertex 52.338074039201175 -6.185561412616465 8.181173331571765
      vertex 52.42866070498706 -5.847487373415292 8.494974746830584
      vertex 52.24748737341529 -6.028660704987056 8.494974746830584
    endloop
  endfacet
  facet normal 0.22604462437945547 0.8436100229619499 0.48705847384815015
    outer loop
      vertex 52.338074039201175 -5.014438587383534 8.181173331571765
      vertex 52 -4.9238519215976515 8.181173331571765
      vertex 52.24748737341529 -5.1713392950129435 8.494974746830584
    endloop
  endfacet
  facet normal 0.8436100229619548 0.22604462437946402 0.4870584738481382
    outer loop
      vertex 52.67614807840235 -5.6 8.181173331571765
      vertex 52.585561412616464 -5.261925960798826 8.181173331571765
      vertex 52.42866070498706 -5.352512626584708 8.494974746830584
    endloop
  endfacet
  facet normal 0.6175653985824971 0.6175653985824904 0.48705847384815226
    outer loop
      vertex 52.338074039201175 -5.014438587383534 8.181173331571765
      vertex 52.24748737341529 -5.1713392950129435 8.494974746830584
      vertex 52.585561412616464 -5.261925960798826 8.181173331571765
    endloop
  endfacet
  facet normal -0.22604462437945744 0.8436100229619502 0.4870584738481489
    outer loop
      vertex 52 -4.9238519215976515 8.181173331571765
      vertex 51.75251262658471 -5.1713392950129435 8.494974746830584
      vertex 52 -5.1050252531694165 8.494974746830584
    endloop
  endfacet
  facet normal 0.22604462437945744 0.8436100229619502 0.4870584738481489
    outer loop
      vertex 52 -4.9238519215976515 8.181173331571765
      vertex 52 -5.1050252531694165 8.494974746830584
      vertex 52.24748737341529 -5.1713392950129435 8.494974746830584
    endloop
  endfacet
  facet normal 0.8436100229619532 -0.2260446243794527 0.4870584738481458
    outer loop
      vertex 52.67614807840235 -5.6 8.181173331571765
      vertex 52.494974746830586 -5.6 8.494974746830584
      vertex 52.42866070498706 -5.847487373415292 8.494974746830584
    endloop
  endfacet
  facet normal 0.8436100229619532 0.2260446243794527 0.4870584738481458
    outer loop
      vertex 52.67614807840235 -5.6 8.181173331571765
      vertex 52.42866070498706 -5.352512626584708 8.494974746830584
      vertex 52.494974746830586 -5.6 8.494974746830584
    endloop
  endfacet
  facet normal 0.6175653985824889 0.61756539858251 0.4870584738481378
    outer loop
      vertex 52.585561412616464 -5.261925960798826 8.181173331571765
      vertex 52.24748737341529 -5.1713392950129435 8.494974746830584
      vertex 52.42866070498706 -5.352512626584708 8.494974746830584
    endloop
  endfacet
  facet normal -0.3627840437389642 -0.36278404373897666 0.8583562635740485
    outer loop
      vertex 51.57133929501294 -5.847487373415292 8.494974746830584
      vertex 51.75251262658471 -6.028660704987056 8.494974746830584
      vertex 51.909413334214115 -5.756900707629409 8.676148078402347
    endloop
  endfacet
  facet normal -0.3627840437389691 -0.3627840437389644 0.8583562635740516
    outer loop
      vertex 51.57133929501294 -5.847487373415292 8.494974746830584
      vertex 51.909413334214115 -5.756900707629409 8.676148078402347
      vertex 51.84309929237059 -5.690586665785882 8.676148078402347
    endloop
  endfacet
  facet normal -0.4955722198350712 -0.13278817609610408 0.8583562635740534
    outer loop
      vertex 51.57133929501294 -5.847487373415292 8.494974746830584
      vertex 51.81882666842824 -5.6 8.676148078402347
      vertex 51.505025253169414 -5.6 8.494974746830584
    endloop
  endfacet
  facet normal -0.4955722198350748 0.13278817609610505 0.8583562635740513
    outer loop
      vertex 51.505025253169414 -5.6 8.494974746830584
      vertex 51.84309929237059 -5.509413334214117 8.676148078402347
      vertex 51.57133929501294 -5.352512626584708 8.494974746830584
    endloop
  endfacet
  facet normal -0.3627840437389642 0.36278404373897666 0.8583562635740485
    outer loop
      vertex 51.57133929501294 -5.352512626584708 8.494974746830584
      vertex 51.909413334214115 -5.44309929237059 8.676148078402347
      vertex 51.75251262658471 -5.1713392950129435 8.494974746830584
    endloop
  endfacet
  facet normal -0.4955722198350819 -0.13278817609609048 0.8583562635740494
    outer loop
      vertex 51.57133929501294 -5.847487373415292 8.494974746830584
      vertex 51.84309929237059 -5.690586665785882 8.676148078402347
      vertex 51.81882666842824 -5.6 8.676148078402347
    endloop
  endfacet
  facet normal -0.4955722198350723 0.13278817609608815 0.8583562635740553
    outer loop
      vertex 51.505025253169414 -5.6 8.494974746830584
      vertex 51.81882666842824 -5.6 8.676148078402347
      vertex 51.84309929237059 -5.509413334214117 8.676148078402347
    endloop
  endfacet
  facet normal -0.3627840437389691 0.3627840437389644 0.8583562635740516
    outer loop
      vertex 51.57133929501294 -5.352512626584708 8.494974746830584
      vertex 51.84309929237059 -5.509413334214117 8.676148078402347
      vertex 51.909413334214115 -5.44309929237059 8.676148078402347
    endloop
  endfacet
  facet normal -0.1327881760961086 -0.4955722198350761 0.8583562635740498
    outer loop
      vertex 51.75251262658471 -6.028660704987056 8.494974746830584
      vertex 52 -6.094974746830583 8.494974746830584
      vertex 52 -5.781173331571765 8.676148078402347
    endloop
  endfacet
  facet normal 0.1327881760961086 -0.4955722198350761 0.8583562635740498
    outer loop
      vertex 52 -6.094974746830583 8.494974746830584
      vertex 52.24748737341529 -6.028660704987056 8.494974746830584
      vertex 52 -5.781173331571765 8.676148078402347
    endloop
  endfacet
  facet normal 0.3627840437389642 -0.36278404373897666 0.8583562635740485
    outer loop
      vertex 52.24748737341529 -6.028660704987056 8.494974746830584
      vertex 52.42866070498706 -5.847487373415292 8.494974746830584
      vertex 52.090586665785885 -5.756900707629409 8.676148078402347
    endloop
  endfacet
  facet normal -0.1327881760961055 -0.4955722198350789 0.8583562635740489
    outer loop
      vertex 51.75251262658471 -6.028660704987056 8.494974746830584
      vertex 52 -5.781173331571765 8.676148078402347
      vertex 51.909413334214115 -5.756900707629409 8.676148078402347
    endloop
  endfacet
  facet normal 0.1327881760961055 -0.4955722198350789 0.8583562635740489
    outer loop
      vertex 52.24748737341529 -6.028660704987056 8.494974746830584
      vertex 52.090586665785885 -5.756900707629409 8.676148078402347
      vertex 52 -5.781173331571765 8.676148078402347
    endloop
  endfacet
  facet normal 0.3627840437389691 -0.3627840437389644 0.8583562635740516
    outer loop
      vertex 52.42866070498706 -5.847487373415292 8.494974746830584
      vertex 52.15690070762941 -5.690586665785882 8.676148078402347
      vertex 52.090586665785885 -5.756900707629409 8.676148078402347
    endloop
  endfacet
  facet normal 0 0 1
    outer loop
      vertex 52 -5.781173331571765 8.676148078402347
      vertex 52.090586665785885 -5.756900707629409 8.676148078402347
      vertex 51.909413334214115 -5.756900707629409 8.676148078402347
    endloop
  endfacet
  facet normal -0.1327881760961086 0.4955722198350761 0.8583562635740498
    outer loop
      vertex 51.75251262658471 -5.1713392950129435 8.494974746830584
      vertex 52 -5.418826668428235 8.676148078402347
      vertex 52 -5.1050252531694165 8.494974746830584
    endloop
  endfacet
  facet normal 0.1327881760961086 0.4955722198350761 0.8583562635740498
    outer loop
      vertex 52 -5.1050252531694165 8.494974746830584
      vertex 52 -5.418826668428235 8.676148078402347
      vertex 52.24748737341529 -5.1713392950129435 8.494974746830584
    endloop
  endfacet
  facet normal 0.3627840437389642 0.36278404373897666 0.8583562635740485
    outer loop
      vertex 52.24748737341529 -5.1713392950129435 8.494974746830584
      vertex 52.090586665785885 -5.44309929237059 8.676148078402347
      vertex 52.42866070498706 -5.352512626584708 8.494974746830584
    endloop
  endfacet
  facet normal 0.4955722198350747 -0.13278817609610502 0.8583562635740513
    outer loop
      vertex 52.42866070498706 -5.847487373415292 8.494974746830584
      vertex 52.494974746830586 -5.6 8.494974746830584
      vertex 52.15690070762941 -5.690586665785882 8.676148078402347
    endloop
  endfacet
  facet normal 0.4955722198350747 0.13278817609610502 0.8583562635740513
    outer loop
      vertex 52.42866070498706 -5.352512626584708 8.494974746830584
      vertex 52.15690070762941 -5.509413334214117 8.676148078402347
      vertex 52.494974746830586 -5.6 8.494974746830584
    endloop
  endfacet
  facet normal 0.3627840437389691 0.3627840437389644 0.8583562635740516
    outer loop
      vertex 52.42866070498706 -5.352512626584708 8.494974746830584
      vertex 52.090586665785885 -5.44309929237059 8.676148078402347
      vertex 52.15690070762941 -5.509413334214117 8.676148078402347
    endloop
  endfacet
  facet normal 0 0 1
    outer loop
      vertex 51.84309929237059 -5.690586665785882 8.676148078402347
      vertex 52.18117333157176 -5.6 8.676148078402347
      vertex 51.81882666842824 -5.6 8.676148078402347
    endloop
  endfacet
  facet normal 0 0 1
    outer loop
      vertex 51.84309929237059 -5.690586665785882 8.676148078402347
      vertex 51.909413334214115 -5.756900707629409 8.676148078402347
      vertex 52.15690070762941 -5.690586665785882 8.676148078402347
    endloop
  endfacet
  facet normal 0 0 1
    outer loop
      vertex 51.909413334214115 -5.756900707629409 8.676148078402347
      vertex 52.090586665785885 -5.756900707629409 8.676148078402347
      vertex 52.15690070762941 -5.690586665785882 8.676148078402347
    endloop
  endfacet
  facet normal 0 0 1
    outer loop
      vertex 51.81882666842824 -5.6 8.676148078402347
      vertex 52.18117333157176 -5.6 8.676148078402347
      vertex 52.15690070762941 -5.509413334214117 8.676148078402347
    endloop
  endfacet
  facet normal 0 0 1
    outer loop
      vertex 51.84309929237059 -5.509413334214117 8.676148078402347
      vertex 52.090586665785885 -5.44309929237059 8.676148078402347
      vertex 51.909413334214115 -5.44309929237059 8.676148078402347
    endloop
  endfacet
  facet normal 0 0 1
    outer loop
      vertex 51.81882666842824 -5.6 8.676148078402347
      vertex 52.15690070762941 -5.509413334214117 8.676148078402347
      vertex 51.84309929237059 -5.509413334214117 8.676148078402347
    endloop
  endfacet
  facet normal 0 0 1
    outer loop
      vertex 51.84309929237059 -5.509413334214117 8.676148078402347
      vertex 52.15690070762941 -5.509413334214117 8.676148078402347
      vertex 52.090586665785885 -5.44309929237059 8.676148078402347
    endloop
  endfacet
  facet normal 0 0 1
    outer loop
      vertex 51.909413334214115 -5.44309929237059 8.676148078402347
      vertex 52.090586665785885 -5.44309929237059 8.676148078402347
      vertex 52 -5.418826668428235 8.676148078402347
    endloop
  endfacet
  facet normal 0 0 1
    outer loop
      vertex 51.84309929237059 -5.690586665785882 8.676148078402347
      vertex 52.15690070762941 -5.690586665785882 8.676148078402347
      vertex 52.18117333157176 -5.6 8.676148078402347
    endloop
  endfacet
  facet normal -0.1327881760961055 0.4955722198350789 0.8583562635740489
    outer loop
      vertex 51.75251262658471 -5.1713392950129435 8.494974746830584
      vertex 51.909413334214115 -5.44309929237059 8.676148078402347
      vertex 52 -5.418826668428235 8.676148078402347
    endloop
  endfacet
  facet normal 0.1327881760961055 0.4955722198350789 0.8583562635740489
    outer loop
      vertex 52.24748737341529 -5.1713392950129435 8.494974746830584
      vertex 52 -5.418826668428235 8.676148078402347
      vertex 52.090586665785885 -5.44309929237059 8.676148078402347
    endloop
  endfacet
  facet normal 0.4955722198350723 0.13278817609608815 0.8583562635740553
    outer loop
      vertex 52.494974746830586 -5.6 8.494974746830584
      vertex 52.15690070762941 -5.509413334214117 8.676148078402347
      vertex 52.18117333157176 -5.6 8.676148078402347
    endloop
  endfacet
  facet normal 0.4955722198350723 -0.13278817609608815 0.8583562635740553
    outer loop
      vertex 52.494974746830586 -5.6 8.494974746830584
      vertex 52.18117333157176 -5.6 8.676148078402347
      vertex 52.15690070762941 -5.690586665785882 8.676148078402347
    endloop
  endfacet
  facet normal -0.3627840437389886 -0.36278404373895645 -0.8583562635740469
    outer loop
      vertex -5.797989898732233 -52.19798989873223 7.386612204649416
      vertex -5.739999999999999 -52.242487113059646 7.380909525217808
      vertex -5.847487373415292 -52.42866070498706 7.505025253169417
    endloop
  endfacet
  facet normal -0.36278404373896594 -0.36278404373898443 -0.8583562635740446
    outer loop
      vertex -5.797989898732233 -52.19798989873223 7.386612204649416
      vertex -6.028660704987056 -52.24748737341529 7.505025253169417
      vertex -5.842487113059643 -52.14 7.380909525217808
    endloop
  endfacet
  facet normal -0.49557221983507677 -0.13278817609611607 -0.8583562635740483
    outer loop
      vertex -5.870459231360939 -52.07246933262871 7.386612204649415
      vertex -5.842487113059643 -52.14 7.380909525217808
      vertex -6.028660704987056 -52.24748737341529 7.505025253169417
    endloop
  endfacet
  facet normal -0.4955722198350798 0.132788176096099 -0.8583562635740493
    outer loop
      vertex -5.88 -52 7.380909525217808
      vertex -6.094974746830583 -52 7.505025253169417
      vertex -5.870459231360939 -51.92753066737129 7.386612204649415
    endloop
  endfacet
  facet normal -0.4955722198350797 -0.13278817609609897 -0.8583562635740493
    outer loop
      vertex -5.870459231360939 -52.07246933262871 7.386612204649415
      vertex -6.094974746830583 -52 7.505025253169417
      vertex -5.88 -52 7.380909525217808
    endloop
  endfacet
  facet normal -0.36278404373896583 0.36278404373898443 -0.8583562635740445
    outer loop
      vertex -5.842487113059643 -51.86 7.380909525217808
      vertex -6.028660704987056 -51.75251262658471 7.505025253169417
      vertex -5.797989898732233 -51.80201010126777 7.386612204649416
    endloop
  endfacet
  facet normal -0.49557221983507677 0.13278817609611607 -0.8583562635740483
    outer loop
      vertex -5.870459231360939 -51.92753066737129 7.386612204649415
      vertex -6.028660704987056 -51.75251262658471 7.505025253169417
      vertex -5.842487113059643 -51.86 7.380909525217808
    endloop
  endfacet
  facet normal -0.3627840437389886 0.36278404373895645 -0.8583562635740469
    outer loop
      vertex -5.797989898732233 -51.80201010126777 7.386612204649416
      vertex -5.847487373415292 -51.57133929501294 7.505025253169417
      vertex -5.739999999999999 -51.757512886940354 7.380909525217808
    endloop
  endfacet
  facet normal -0.13278817609608395 -0.49557221983508903 -0.8583562635740463
    outer loop
      vertex -5.6724693326287055 -52.27045923136094 7.386612204649416
      vertex -5.847487373415292 -52.42866070498706 7.505025253169417
      vertex -5.739999999999999 -52.242487113059646 7.380909525217808
    endloop
  endfacet
  facet normal 0.13278817609612262 -0.4955722198350751 -0.8583562635740484
    outer loop
      vertex -5.6 -52.28 7.380909525217808
      vertex -5.527530667371294 -52.27045923136094 7.386612204649416
      vertex -5.6 -52.494974746830586 7.505025253169417
    endloop
  endfacet
  facet normal -0.13278817609612262 -0.4955722198350751 -0.8583562635740484
    outer loop
      vertex -5.6724693326287055 -52.27045923136094 7.386612204649416
      vertex -5.6 -52.28 7.380909525217808
      vertex -5.6 -52.494974746830586 7.505025253169417
    endloop
  endfacet
  facet normal 0.3627840437389886 -0.36278404373895645 -0.8583562635740469
    outer loop
      vertex -5.46 -52.242487113059646 7.380909525217808
      vertex -5.402010101267766 -52.19798989873223 7.386612204649416
      vertex -5.352512626584708 -52.42866070498706 7.505025253169417
    endloop
  endfacet
  facet normal 0.13278817609608395 -0.49557221983508903 -0.8583562635740463
    outer loop
      vertex -5.527530667371294 -52.27045923136094 7.386612204649416
      vertex -5.46 -52.242487113059646 7.380909525217808
      vertex -5.352512626584708 -52.42866070498706 7.505025253169417
    endloop
  endfacet
  facet normal 0.36278404373896594 -0.36278404373898443 -0.8583562635740446
    outer loop
      vertex -5.402010101267766 -52.19798989873223 7.386612204649416
      vertex -5.3575128869403565 -52.14 7.380909525217808
      vertex -5.1713392950129435 -52.24748737341529 7.505025253169417
    endloop
  endfacet
  facet normal 0.49557221983507677 -0.13278817609611607 -0.8583562635740483
    outer loop
      vertex -5.3575128869403565 -52.14 7.380909525217808
      vertex -5.329540768639061 -52.07246933262871 7.386612204649415
      vertex -5.1713392950129435 -52.24748737341529 7.505025253169417
    endloop
  endfacet
  facet normal 0.4955722198350798 0.132788176096099 -0.8583562635740493
    outer loop
      vertex -5.319999999999999 -52 7.380909525217808
      vertex -5.329540768639061 -51.92753066737129 7.386612204649415
      vertex -5.1050252531694165 -52 7.505025253169417
    endloop
  endfacet
  facet normal 0.4955722198350797 -0.13278817609609897 -0.8583562635740493
    outer loop
      vertex -5.329540768639061 -52.07246933262871 7.386612204649415
      vertex -5.319999999999999 -52 7.380909525217808
      vertex -5.1050252531694165 -52 7.505025253169417
    endloop
  endfacet
  facet normal -0.13278817609608395 0.49557221983508903 -0.8583562635740463
    outer loop
      vertex -5.739999999999999 -51.757512886940354 7.380909525217808
      vertex -5.847487373415292 -51.57133929501294 7.505025253169417
      vertex -5.6724693326287055 -51.72954076863906 7.386612204649416
    endloop
  endfacet
  facet normal 0.13278817609612262 0.4955722198350751 -0.8583562635740484
    outer loop
      vertex -5.6 -51.72 7.380909525217808
      vertex -5.6 -51.505025253169414 7.505025253169417
      vertex -5.527530667371294 -51.72954076863906 7.386612204649416
    endloop
  endfacet
  facet normal -0.13278817609612262 0.4955722198350751 -0.8583562635740484
    outer loop
      vertex -5.6724693326287055 -51.72954076863906 7.386612204649416
      vertex -5.6 -51.505025253169414 7.505025253169417
      vertex -5.6 -51.72 7.380909525217808
    endloop
  endfacet
  facet normal 0.13278817609607316 0.49557221983506605 -0.8583562635740611
    outer loop
      vertex -5.46 -51.757512886940354 7.380909525217808
      vertex -5.527530667371294 -51.72954076863906 7.386612204649416
      vertex -5.6 -51.505025253169414 7.505025253169417
    endloop
  endfacet
  facet normal 0.3627840437389886 0.36278404373895645 -0.8583562635740469
    outer loop
      vertex -5.46 -51.757512886940354 7.380909525217808
      vertex -5.352512626584708 -51.57133929501294 7.505025253169417
      vertex -5.402010101267766 -51.80201010126777 7.386612204649416
    endloop
  endfacet
  facet normal 0.36278404373896583 0.36278404373898443 -0.8583562635740445
    outer loop
      vertex -5.3575128869403565 -51.86 7.380909525217808
      vertex -5.402010101267766 -51.80201010126777 7.386612204649416
      vertex -5.1713392950129435 -51.75251262658471 7.505025253169417
    endloop
  endfacet
  facet normal 0.49557221983507677 0.13278817609611607 -0.8583562635740483
    outer loop
      vertex -5.3575128869403565 -51.86 7.380909525217808
      vertex -5.1713392950129435 -51.75251262658471 7.505025253169417
      vertex -5.329540768639061 -51.92753066737129 7.386612204649415
    endloop
  endfacet
  facet normal -0.36278404373897405 -0.36278404373896156 -0.8583562635740508
    outer loop
      vertex -5.797989898732233 -52.19798989873223 7.386612204649416
      vertex -5.847487373415292 -52.42866070498706 7.505025253169417
      vertex -6.028660704987056 -52.24748737341529 7.505025253169417
    endloop
  endfacet
  facet normal -0.49557221983508176 -0.13278817609611016 -0.8583562635740464
    outer loop
      vertex -5.870459231360939 -52.07246933262871 7.386612204649415
      vertex -6.028660704987056 -52.24748737341529 7.505025253169417
      vertex -6.094974746830583 -52 7.505025253169417
    endloop
  endfacet
  facet normal -0.49557221983508176 0.13278817609611016 -0.8583562635740464
    outer loop
      vertex -5.870459231360939 -51.92753066737129 7.386612204649415
      vertex -6.094974746830583 -52 7.505025253169417
      vertex -6.028660704987056 -51.75251262658471 7.505025253169417
    endloop
  endfacet
  facet normal -0.36278404373897405 0.36278404373896156 -0.8583562635740508
    outer loop
      vertex -5.797989898732233 -51.80201010126777 7.386612204649416
      vertex -6.028660704987056 -51.75251262658471 7.505025253169417
      vertex -5.847487373415292 -51.57133929501294 7.505025253169417
    endloop
  endfacet
  facet normal -0.1327881760961042 -0.4955722198350717 -0.8583562635740531
    outer loop
      vertex -5.6724693326287055 -52.27045923136094 7.386612204649416
      vertex -5.6 -52.494974746830586 7.505025253169417
      vertex -5.847487373415292 -52.42866070498706 7.505025253169417
    endloop
  endfacet
  facet normal 0.1327881760961042 -0.4955722198350717 -0.8583562635740531
    outer loop
      vertex -5.527530667371294 -52.27045923136094 7.386612204649416
      vertex -5.352512626584708 -52.42866070498706 7.505025253169417
      vertex -5.6 -52.494974746830586 7.505025253169417
    endloop
  endfacet
  facet normal 0.36278404373897405 -0.36278404373896156 -0.8583562635740508
    outer loop
      vertex -5.402010101267766 -52.19798989873223 7.386612204649416
      vertex -5.1713392950129435 -52.24748737341529 7.505025253169417
      vertex -5.352512626584708 -52.42866070498706 7.505025253169417
    endloop
  endfacet
  facet normal 0.49557221983508176 -0.13278817609611016 -0.8583562635740464
    outer loop
      vertex -5.329540768639061 -52.07246933262871 7.386612204649415
      vertex -5.1050252531694165 -52 7.505025253169417
      vertex -5.1713392950129435 -52.24748737341529 7.505025253169417
    endloop
  endfacet
  facet normal 0.49557221983508176 0.13278817609611016 -0.8583562635740464
    outer loop
      vertex -5.329540768639061 -51.92753066737129 7.386612204649415
      vertex -5.1713392950129435 -51.75251262658471 7.505025253169417
      vertex -5.1050252531694165 -52 7.505025253169417
    endloop
  endfacet
  facet normal -0.1327881760961042 0.4955722198350717 -0.8583562635740531
    outer loop
      vertex -5.6724693326287055 -51.72954076863906 7.386612204649416
      vertex -5.847487373415292 -51.57133929501294 7.505025253169417
      vertex -5.6 -51.505025253169414 7.505025253169417
    endloop
  endfacet
  facet normal 0.13278817609610594 0.4955722198350782 -0.8583562635740491
    outer loop
      vertex -5.46 -51.757512886940354 7.380909525217808
      vertex -5.6 -51.505025253169414 7.505025253169417
      vertex -5.352512626584708 -51.57133929501294 7.505025253169417
    endloop
  endfacet
  facet normal 0.36278404373897405 0.36278404373896156 -0.8583562635740508
    outer loop
      vertex -5.402010101267766 -51.80201010126777 7.386612204649416
      vertex -5.352512626584708 -51.57133929501294 7.505025253169417
      vertex -5.1713392950129435 -51.75251262658471 7.505025253169417
    endloop
  endfacet
  facet normal -0.6175653985825031 -0.6175653985824818 -0.48705847384815554
    outer loop
      vertex -5.847487373415292 -52.42866070498706 7.505025253169417
      vertex -6.185561412616465 -52.338074039201175 7.818826668428235
      vertex -6.028660704987056 -52.24748737341529 7.505025253169417
    endloop
  endfacet
  facet normal -0.8436100229619495 -0.22604462437945722 -0.4870584738481499
    outer loop
      vertex -6.028660704987056 -52.24748737341529 7.505025253169417
      vertex -6.276148078402348 -52 7.818826668428235
      vertex -6.094974746830583 -52 7.505025253169417
    endloop
  endfacet
  facet normal -0.8436100229619495 0.22604462437945722 -0.4870584738481499
    outer loop
      vertex -6.094974746830583 -52 7.505025253169417
      vertex -6.276148078402348 -52 7.818826668428235
      vertex -6.028660704987056 -51.75251262658471 7.505025253169417
    endloop
  endfacet
  facet normal -0.6175653985824949 -0.6175653985825016 -0.48705847384814116
    outer loop
      vertex -5.847487373415292 -52.42866070498706 7.505025253169417
      vertex -5.938074039201173 -52.585561412616464 7.818826668428235
      vertex -6.185561412616465 -52.338074039201175 7.818826668428235
    endloop
  endfacet
  facet normal -0.2260446243794639 -0.843610022961954 -0.4870584738481391
    outer loop
      vertex -5.847487373415292 -52.42866070498706 7.505025253169417
      vertex -5.6 -52.67614807840235 7.818826668428235
      vertex -5.938074039201173 -52.585561412616464 7.818826668428235
    endloop
  endfacet
  facet normal -0.8436100229619494 -0.22604462437945538 -0.4870584738481512
    outer loop
      vertex -6.028660704987056 -52.24748737341529 7.505025253169417
      vertex -6.185561412616465 -52.338074039201175 7.818826668428235
      vertex -6.276148078402348 -52 7.818826668428235
    endloop
  endfacet
  facet normal -0.6175653985825031 0.6175653985824818 -0.48705847384815554
    outer loop
      vertex -6.028660704987056 -51.75251262658471 7.505025253169417
      vertex -6.185561412616465 -51.661925960798825 7.818826668428235
      vertex -5.847487373415292 -51.57133929501294 7.505025253169417
    endloop
  endfacet
  facet normal -0.8436100229619494 0.22604462437945538 -0.4870584738481512
    outer loop
      vertex -6.028660704987056 -51.75251262658471 7.505025253169417
      vertex -6.276148078402348 -52 7.818826668428235
      vertex -6.185561412616465 -51.661925960798825 7.818826668428235
    endloop
  endfacet
  facet normal -0.6175653985824949 0.6175653985825016 -0.48705847384814116
    outer loop
      vertex -5.847487373415292 -51.57133929501294 7.505025253169417
      vertex -6.185561412616465 -51.661925960798825 7.818826668428235
      vertex -5.938074039201173 -51.414438587383536 7.818826668428235
    endloop
  endfacet
  facet normal -0.2260446243794639 0.843610022961954 -0.4870584738481391
    outer loop
      vertex -5.847487373415292 -51.57133929501294 7.505025253169417
      vertex -5.938074039201173 -51.414438587383536 7.818826668428235
      vertex -5.6 -51.32385192159765 7.818826668428235
    endloop
  endfacet
  facet normal -0.2260446243794526 -0.8436100229619526 -0.48705847384814693
    outer loop
      vertex -5.847487373415292 -52.42866070498706 7.505025253169417
      vertex -5.6 -52.494974746830586 7.505025253169417
      vertex -5.6 -52.67614807840235 7.818826668428235
    endloop
  endfacet
  facet normal 0.2260446243794526 -0.8436100229619526 -0.48705847384814693
    outer loop
      vertex -5.6 -52.494974746830586 7.505025253169417
      vertex -5.352512626584708 -52.42866070498706 7.505025253169417
      vertex -5.6 -52.67614807840235 7.818826668428235
    endloop
  endfacet
  facet normal 0.6175653985825031 -0.6175653985824818 -0.48705847384815554
    outer loop
      vertex -5.352512626584708 -52.42866070498706 7.505025253169417
      vertex -5.1713392950129435 -52.24748737341529 7.505025253169417
      vertex -5.014438587383534 -52.338074039201175 7.818826668428235
    endloop
  endfacet
  facet normal 0.8436100229619495 -0.22604462437945722 -0.4870584738481499
    outer loop
      vertex -5.1713392950129435 -52.24748737341529 7.505025253169417
      vertex -5.1050252531694165 -52 7.505025253169417
      vertex -4.9238519215976515 -52 7.818826668428235
    endloop
  endfacet
  facet normal 0.8436100229619495 0.22604462437945722 -0.4870584738481499
    outer loop
      vertex -5.1050252531694165 -52 7.505025253169417
      vertex -5.1713392950129435 -51.75251262658471 7.505025253169417
      vertex -4.9238519215976515 -52 7.818826668428235
    endloop
  endfacet
  facet normal 0.2260446243794639 -0.843610022961954 -0.4870584738481391
    outer loop
      vertex -5.352512626584708 -52.42866070498706 7.505025253169417
      vertex -5.261925960798826 -52.585561412616464 7.818826668428235
      vertex -5.6 -52.67614807840235 7.818826668428235
    endloop
  endfacet
  facet normal 0.6175653985824949 -0.6175653985825016 -0.48705847384814116
    outer loop
      vertex -5.352512626584708 -52.42866070498706 7.505025253169417
      vertex -5.014438587383534 -52.338074039201175 7.818826668428235
      vertex -5.261925960798826 -52.585561412616464 7.818826668428235
    endloop
  endfacet
  facet normal 0.8436100229619494 -0.22604462437945538 -0.4870584738481512
    outer loop
      vertex -5.1713392950129435 -52.24748737341529 7.505025253169417
      vertex -4.9238519215976515 -52 7.818826668428235
      vertex -5.014438587383534 -52.338074039201175 7.818826668428235
    endloop
  endfacet
  facet normal -0.2260446243794526 0.8436100229619526 -0.48705847384814693
    outer loop
      vertex -5.847487373415292 -51.57133929501294 7.505025253169417
      vertex -5.6 -51.32385192159765 7.818826668428235
      vertex -5.6 -51.505025253169414 7.505025253169417
    endloop
  endfacet
  facet normal 0.2260446243794526 0.8436100229619526 -0.48705847384814693
    outer loop
      vertex -5.6 -51.505025253169414 7.505025253169417
      vertex -5.6 -51.32385192159765 7.818826668428235
      vertex -5.352512626584708 -51.57133929501294 7.505025253169417
    endloop
  endfacet
  facet normal 0.6175653985825031 0.6175653985824818 -0.48705847384815554
    outer loop
      vertex -5.352512626584708 -51.57133929501294 7.505025253169417
      vertex -5.014438587383534 -51.661925960798825 7.818826668428235
      vertex -5.1713392950129435 -51.75251262658471 7.505025253169417
    endloop
  endfacet
  facet normal 0.2260446243794639 0.843610022961954 -0.4870584738481391
    outer loop
      vertex -5.352512626584708 -51.57133929501294 7.505025253169417
      vertex -5.6 -51.32385192159765 7.818826668428235
      vertex -5.261925960798826 -51.414438587383536 7.818826668428235
    endloop
  endfacet
  facet normal 0.6175653985824949 0.6175653985825016 -0.48705847384814116
    outer loop
      vertex -5.352512626584708 -51.57133929501294 7.505025253169417
      vertex -5.261925960798826 -51.414438587383536 7.818826668428235
      vertex -5.014438587383534 -51.661925960798825 7.818826668428235
    endloop
  endfacet
  facet normal 0.8436100229619494 0.22604462437945538 -0.4870584738481512
    outer loop
      vertex -5.1713392950129435 -51.75251262658471 7.505025253169417
      vertex -5.014438587383534 -51.661925960798825 7.818826668428235
      vertex -4.9238519215976515 -52 7.818826668428235
    endloop
  endfacet
  facet normal -0.9659258262890682 -0.25881904510252085 0
    outer loop
      vertex -6.185561412616465 -52.338074039201175 7.818826668428235
      vertex -6.276148078402348 -52 8.181173331571765
      vertex -6.276148078402348 -52 7.818826668428235
    endloop
  endfacet
  facet normal -0.7071067811865437 -0.7071067811865513 0
    outer loop
      vertex -6.185561412616465 -52.338074039201175 7.818826668428235
      vertex -5.938074039201173 -52.585561412616464 7.818826668428235
      vertex -6.185561412616465 -52.338074039201175 8.181173331571765
    endloop
  endfacet
  facet normal -0.9659258262890682 0.25881904510252085 0
    outer loop
      vertex -6.276148078402348 -52 7.818826668428235
      vertex -6.185561412616465 -51.661925960798825 8.181173331571765
      vertex -6.185561412616465 -51.661925960798825 7.818826668428235
    endloop
  endfacet
  facet normal -0.7071067811865437 0.7071067811865513 0
    outer loop
      vertex -6.185561412616465 -51.661925960798825 7.818826668428235
      vertex -5.938074039201173 -51.414438587383536 8.181173331571765
      vertex -5.938074039201173 -51.414438587383536 7.818826668428235
    endloop
  endfacet
  facet normal -0.25881904510252857 0.9659258262890661 0
    outer loop
      vertex -5.938074039201173 -51.414438587383536 7.818826668428235
      vertex -5.938074039201173 -51.414438587383536 8.181173331571765
      vertex -5.6 -51.32385192159765 7.818826668428235
    endloop
  endfacet
  facet normal -0.25881904510252857 -0.9659258262890661 0
    outer loop
      vertex -5.938074039201173 -52.585561412616464 7.818826668428235
      vertex -5.6 -52.67614807840235 7.818826668428235
      vertex -5.6 -52.67614807840235 8.181173331571765
    endloop
  endfacet
  facet normal 0.25881904510252857 -0.9659258262890661 0
    outer loop
      vertex -5.6 -52.67614807840235 7.818826668428235
      vertex -5.261925960798826 -52.585561412616464 7.818826668428235
      vertex -5.261925960798826 -52.585561412616464 8.181173331571765
    endloop
  endfacet
  facet normal 0.7071067811865437 -0.7071067811865513 0
    outer loop
      vertex -5.261925960798826 -52.585561412616464 7.818826668428235
      vertex -5.014438587383534 -52.338074039201175 7.818826668428235
      vertex -5.261925960798826 -52.585561412616464 8.181173331571765
    endloop
  endfacet
  facet normal 0.9659258262890682 -0.25881904510252085 0
    outer loop
      vertex -5.014438587383534 -52.338074039201175 7.818826668428235
      vertex -4.9238519215976515 -52 7.818826668428235
      vertex -5.014438587383534 -52.338074039201175 8.181173331571765
    endloop
  endfacet
  facet normal 0.9659258262890682 0.25881904510252085 0
    outer loop
      vertex -5.014438587383534 -51.661925960798825 7.818826668428235
      vertex -4.9238519215976515 -52 8.181173331571765
      vertex -4.9238519215976515 -52 7.818826668428235
    endloop
  endfacet
  facet normal 0.25881904510252857 0.9659258262890661 0
    outer loop
      vertex -5.6 -51.32385192159765 7.818826668428235
      vertex -5.6 -51.32385192159765 8.181173331571765
      vertex -5.261925960798826 -51.414438587383536 7.818826668428235
    endloop
  endfacet
  facet normal 0.7071067811865437 0.7071067811865513 0
    outer loop
      vertex -5.014438587383534 -51.661925960798825 7.818826668428235
      vertex -5.261925960798826 -51.414438587383536 7.818826668428235
      vertex -5.014438587383534 -51.661925960798825 8.181173331571765
    endloop
  endfacet
  facet normal -0.9659258262890682 -0.25881904510252085 0
    outer loop
      vertex -6.185561412616465 -52.338074039201175 7.818826668428235
      vertex -6.185561412616465 -52.338074039201175 8.181173331571765
      vertex -6.276148078402348 -52 8.181173331571765
    endloop
  endfacet
  facet normal -0.9659258262890682 0.25881904510252085 0
    outer loop
      vertex -6.276148078402348 -52 7.818826668428235
      vertex -6.276148078402348 -52 8.181173331571765
      vertex -6.185561412616465 -51.661925960798825 8.181173331571765
    endloop
  endfacet
  facet normal -0.7071067811865437 -0.7071067811865513 0
    outer loop
      vertex -5.938074039201173 -52.585561412616464 7.818826668428235
      vertex -5.938074039201173 -52.585561412616464 8.181173331571765
      vertex -6.185561412616465 -52.338074039201175 8.181173331571765
    endloop
  endfacet
  facet normal -0.25881904510252857 -0.9659258262890661 0
    outer loop
      vertex -5.938074039201173 -52.585561412616464 7.818826668428235
      vertex -5.6 -52.67614807840235 8.181173331571765
      vertex -5.938074039201173 -52.585561412616464 8.181173331571765
    endloop
  endfacet
  facet normal -0.7071067811865437 0.7071067811865513 0
    outer loop
      vertex -6.185561412616465 -51.661925960798825 7.818826668428235
      vertex -6.185561412616465 -51.661925960798825 8.181173331571765
      vertex -5.938074039201173 -51.414438587383536 8.181173331571765
    endloop
  endfacet
  facet normal 0.25881904510252857 -0.9659258262890661 0
    outer loop
      vertex -5.6 -52.67614807840235 7.818826668428235
      vertex -5.261925960798826 -52.585561412616464 8.181173331571765
      vertex -5.6 -52.67614807840235 8.181173331571765
    endloop
  endfacet
  facet normal 0.7071067811865437 -0.7071067811865513 0
    outer loop
      vertex -5.014438587383534 -52.338074039201175 7.818826668428235
      vertex -5.014438587383534 -52.338074039201175 8.181173331571765
      vertex -5.261925960798826 -52.585561412616464 8.181173331571765
    endloop
  endfacet
  facet normal 0.9659258262890682 -0.25881904510252085 0
    outer loop
      vertex -4.9238519215976515 -52 7.818826668428235
      vertex -4.9238519215976515 -52 8.181173331571765
      vertex -5.014438587383534 -52.338074039201175 8.181173331571765
    endloop
  endfacet
  facet normal -0.25881904510252857 0.9659258262890661 0
    outer loop
      vertex -5.6 -51.32385192159765 7.818826668428235
      vertex -5.938074039201173 -51.414438587383536 8.181173331571765
      vertex -5.6 -51.32385192159765 8.181173331571765
    endloop
  endfacet
  facet normal 0.25881904510252857 0.9659258262890661 0
    outer loop
      vertex -5.261925960798826 -51.414438587383536 7.818826668428235
      vertex -5.6 -51.32385192159765 8.181173331571765
      vertex -5.261925960798826 -51.414438587383536 8.181173331571765
    endloop
  endfacet
  facet normal 0.7071067811865437 0.7071067811865513 0
    outer loop
      vertex -5.261925960798826 -51.414438587383536 7.818826668428235
      vertex -5.261925960798826 -51.414438587383536 8.181173331571765
      vertex -5.014438587383534 -51.661925960798825 8.181173331571765
    endloop
  endfacet
  facet normal 0.9659258262890682 0.25881904510252085 0
    outer loop
      vertex -5.014438587383534 -51.661925960798825 7.818826668428235
      vertex -5.014438587383534 -51.661925960798825 8.181173331571765
      vertex -4.9238519215976515 -52 8.181173331571765
    endloop
  endfacet
  facet normal -0.6175653985824952 -0.6175653985825019 0.48705847384814005
    outer loop
      vertex -6.185561412616465 -52.338074039201175 8.181173331571765
      vertex -5.938074039201173 -52.585561412616464 8.181173331571765
      vertex -5.847487373415292 -52.42866070498706 8.494974746830584
    endloop
  endfacet
  facet normal -0.22604462437946402 -0.8436100229619548 0.48705847384813816
    outer loop
      vertex -5.938074039201173 -52.585561412616464 8.181173331571765
      vertex -5.6 -52.67614807840235 8.181173331571765
      vertex -5.847487373415292 -52.42866070498706 8.494974746830584
    endloop
  endfacet
  facet normal -0.8436100229619499 -0.22604462437945547 0.48705847384815015
    outer loop
      vertex -6.185561412616465 -52.338074039201175 8.181173331571765
      vertex -6.028660704987056 -52.24748737341529 8.494974746830584
      vertex -6.276148078402348 -52 8.181173331571765
    endloop
  endfacet
  facet normal -0.6175653985825035 -0.6175653985824823 0.48705847384815454
    outer loop
      vertex -6.185561412616465 -52.338074039201175 8.181173331571765
      vertex -5.847487373415292 -52.42866070498706 8.494974746830584
      vertex -6.028660704987056 -52.24748737341529 8.494974746830584
    endloop
  endfacet
  facet normal -0.8436100229619502 -0.22604462437945744 0.4870584738481489
    outer loop
      vertex -6.276148078402348 -52 8.181173331571765
      vertex -6.028660704987056 -52.24748737341529 8.494974746830584
      vertex -6.094974746830583 -52 8.494974746830584
    endloop
  endfacet
  facet normal -0.8436100229619502 0.22604462437945744 0.4870584738481489
    outer loop
      vertex -6.276148078402348 -52 8.181173331571765
      vertex -6.094974746830583 -52 8.494974746830584
      vertex -6.028660704987056 -51.75251262658471 8.494974746830584
    endloop
  endfacet
  facet normal -0.8436100229619499 0.22604462437945547 0.48705847384815015
    outer loop
      vertex -6.276148078402348 -52 8.181173331571765
      vertex -6.028660704987056 -51.75251262658471 8.494974746830584
      vertex -6.185561412616465 -51.661925960798825 8.181173331571765
    endloop
  endfacet
  facet normal -0.6175653985824952 0.6175653985825019 0.48705847384814005
    outer loop
      vertex -6.185561412616465 -51.661925960798825 8.181173331571765
      vertex -5.847487373415292 -51.57133929501294 8.494974746830584
      vertex -5.938074039201173 -51.414438587383536 8.181173331571765
    endloop
  endfacet
  facet normal -0.22604462437946402 0.8436100229619548 0.48705847384813816
    outer loop
      vertex -5.938074039201173 -51.414438587383536 8.181173331571765
      vertex -5.847487373415292 -51.57133929501294 8.494974746830584
      vertex -5.6 -51.32385192159765 8.181173331571765
    endloop
  endfacet
  facet normal -0.6175653985825035 0.6175653985824823 0.48705847384815454
    outer loop
      vertex -6.185561412616465 -51.661925960798825 8.181173331571765
      vertex -6.028660704987056 -51.75251262658471 8.494974746830584
      vertex -5.847487373415292 -51.57133929501294 8.494974746830584
    endloop
  endfacet
  facet normal 0.22604462437946402 -0.8436100229619548 0.4870584738481382
    outer loop
      vertex -5.6 -52.67614807840235 8.181173331571765
      vertex -5.261925960798826 -52.585561412616464 8.181173331571765
      vertex -5.352512626584708 -52.42866070498706 8.494974746830584
    endloop
  endfacet
  facet normal 0.6175653985824904 -0.6175653985824971 0.48705847384815226
    outer loop
      vertex -5.261925960798826 -52.585561412616464 8.181173331571765
      vertex -5.014438587383534 -52.338074039201175 8.181173331571765
      vertex -5.1713392950129435 -52.24748737341529 8.494974746830584
    endloop
  endfacet
  facet normal 0.8436100229619499 -0.22604462437945547 0.48705847384815015
    outer loop
      vertex -5.014438587383534 -52.338074039201175 8.181173331571765
      vertex -4.9238519215976515 -52 8.181173331571765
      vertex -5.1713392950129435 -52.24748737341529 8.494974746830584
    endloop
  endfacet
  facet normal -0.2260446243794527 -0.8436100229619532 0.4870584738481458
    outer loop
      vertex -5.6 -52.67614807840235 8.181173331571765
      vertex -5.6 -52.494974746830586 8.494974746830584
      vertex -5.847487373415292 -52.42866070498706 8.494974746830584
    endloop
  endfacet
  facet normal 0.2260446243794527 -0.8436100229619532 0.4870584738481458
    outer loop
      vertex -5.6 -52.67614807840235 8.181173331571765
      vertex -5.352512626584708 -52.42866070498706 8.494974746830584
      vertex -5.6 -52.494974746830586 8.494974746830584
    endloop
  endfacet
  facet normal 0.61756539858251 -0.6175653985824889 0.4870584738481378
    outer loop
      vertex -5.261925960798826 -52.585561412616464 8.181173331571765
      vertex -5.1713392950129435 -52.24748737341529 8.494974746830584
      vertex -5.352512626584708 -52.42866070498706 8.494974746830584
    endloop
  endfacet
  facet normal 0.8436100229619502 -0.22604462437945744 0.4870584738481489
    outer loop
      vertex -4.9238519215976515 -52 8.181173331571765
      vertex -5.1050252531694165 -52 8.494974746830584
      vertex -5.1713392950129435 -52.24748737341529 8.494974746830584
    endloop
  endfacet
  facet normal 0.8436100229619502 0.22604462437945744 0.4870584738481489
    outer loop
      vertex -4.9238519215976515 -52 8.181173331571765
      vertex -5.1713392950129435 -51.75251262658471 8.494974746830584
      vertex -5.1050252531694165 -52 8.494974746830584
    endloop
  endfacet
  facet normal 0.22604462437946402 0.8436100229619548 0.4870584738481382
    outer loop
      vertex -5.6 -51.32385192159765 8.181173331571765
      vertex -5.352512626584708 -51.57133929501294 8.494974746830584
      vertex -5.261925960798826 -51.414438587383536 8.181173331571765
    endloop
  endfacet
  facet normal 0.6175653985824904 0.6175653985824971 0.48705847384815226
    outer loop
      vertex -5.014438587383534 -51.661925960798825 8.181173331571765
      vertex -5.261925960798826 -51.414438587383536 8.181173331571765
      vertex -5.1713392950129435 -51.75251262658471 8.494974746830584
    endloop
  endfacet
  facet normal 0.8436100229619499 0.22604462437945547 0.48705847384815015
    outer loop
      vertex -5.014438587383534 -51.661925960798825 8.181173331571765
      vertex -5.1713392950129435 -51.75251262658471 8.494974746830584
      vertex -4.9238519215976515 -52 8.181173331571765
    endloop
  endfacet
  facet normal -0.2260446243794527 0.8436100229619532 0.4870584738481458
    outer loop
      vertex -5.6 -51.32385192159765 8.181173331571765
      vertex -5.847487373415292 -51.57133929501294 8.494974746830584
      vertex -5.6 -51.505025253169414 8.494974746830584
    endloop
  endfacet
  facet normal 0.2260446243794527 0.8436100229619532 0.4870584738481458
    outer loop
      vertex -5.6 -51.32385192159765 8.181173331571765
      vertex -5.6 -51.505025253169414 8.494974746830584
      vertex -5.352512626584708 -51.57133929501294 8.494974746830584
    endloop
  endfacet
  facet normal 0.61756539858251 0.6175653985824889 0.4870584738481378
    outer loop
      vertex -5.261925960798826 -51.414438587383536 8.181173331571765
      vertex -5.352512626584708 -51.57133929501294 8.494974746830584
      vertex -5.1713392950129435 -51.75251262658471 8.494974746830584
    endloop
  endfacet
  facet normal -0.4955722198350761 -0.1327881760961086 0.8583562635740498
    outer loop
      vertex -6.028660704987056 -52.24748737341529 8.494974746830584
      vertex -5.781173331571765 -52 8.676148078402347
      vertex -6.094974746830583 -52 8.494974746830584
    endloop
  endfacet
  facet normal -0.4955722198350761 0.1327881760961086 0.8583562635740498
    outer loop
      vertex -6.094974746830583 -52 8.494974746830584
      vertex -5.781173331571765 -52 8.676148078402347
      vertex -6.028660704987056 -51.75251262658471 8.494974746830584
    endloop
  endfacet
  facet normal -0.36278404373897666 -0.3627840437389642 0.8583562635740485
    outer loop
      vertex -5.847487373415292 -52.42866070498706 8.494974746830584
      vertex -5.756900707629409 -52.090586665785885 8.676148078402347
      vertex -6.028660704987056 -52.24748737341529 8.494974746830584
    endloop
  endfacet
  facet normal -0.3627840437389644 -0.3627840437389691 0.8583562635740516
    outer loop
      vertex -5.847487373415292 -52.42866070498706 8.494974746830584
      vertex -5.690586665785882 -52.15690070762941 8.676148078402347
      vertex -5.756900707629409 -52.090586665785885 8.676148078402347
    endloop
  endfacet
  facet normal -0.4955722198350789 -0.1327881760961055 0.8583562635740489
    outer loop
      vertex -6.028660704987056 -52.24748737341529 8.494974746830584
      vertex -5.756900707629409 -52.090586665785885 8.676148078402347
      vertex -5.781173331571765 -52 8.676148078402347
    endloop
  endfacet
  facet normal -0.4955722198350789 0.1327881760961055 0.8583562635740489
    outer loop
      vertex -6.028660704987056 -51.75251262658471 8.494974746830584
      vertex -5.781173331571765 -52 8.676148078402347
      vertex -5.756900707629409 -51.909413334214115 8.676148078402347
    endloop
  endfacet
  facet normal 0 0 1
    outer loop
      vertex -5.781173331571765 -52 8.676148078402347
      vertex -5.756900707629409 -52.090586665785885 8.676148078402347
      vertex -5.756900707629409 -51.909413334214115 8.676148078402347
    endloop
  endfacet
  facet normal -0.36278404373897666 0.3627840437389642 0.8583562635740485
    outer loop
      vertex -6.028660704987056 -51.75251262658471 8.494974746830584
      vertex -5.756900707629409 -51.909413334214115 8.676148078402347
      vertex -5.847487373415292 -51.57133929501294 8.494974746830584
    endloop
  endfacet
  facet normal -0.3627840437389644 0.3627840437389691 0.8583562635740516
    outer loop
      vertex -5.847487373415292 -51.57133929501294 8.494974746830584
      vertex -5.756900707629409 -51.909413334214115 8.676148078402347
      vertex -5.690586665785882 -51.84309929237059 8.676148078402347
    endloop
  endfacet
  facet normal -0.13278817609610502 -0.4955722198350747 0.8583562635740513
    outer loop
      vertex -5.847487373415292 -52.42866070498706 8.494974746830584
      vertex -5.6 -52.494974746830586 8.494974746830584
      vertex -5.690586665785882 -52.15690070762941 8.676148078402347
    endloop
  endfacet
  facet normal 0.13278817609610505 -0.4955722198350748 0.8583562635740513
    outer loop
      vertex -5.6 -52.494974746830586 8.494974746830584
      vertex -5.352512626584708 -52.42866070498706 8.494974746830584
      vertex -5.509413334214117 -52.15690070762941 8.676148078402347
    endloop
  endfacet
  facet normal 0.36278404373897666 -0.3627840437389642 0.8583562635740485
    outer loop
      vertex -5.352512626584708 -52.42866070498706 8.494974746830584
      vertex -5.1713392950129435 -52.24748737341529 8.494974746830584
      vertex -5.44309929237059 -52.090586665785885 8.676148078402347
    endloop
  endfacet
  facet normal 0.4955722198350761 -0.1327881760961086 0.8583562635740498
    outer loop
      vertex -5.1713392950129435 -52.24748737341529 8.494974746830584
      vertex -5.1050252531694165 -52 8.494974746830584
      vertex -5.418826668428235 -52 8.676148078402347
    endloop
  endfacet
  facet normal 0.4955722198350761 0.1327881760961086 0.8583562635740498
    outer loop
      vertex -5.1050252531694165 -52 8.494974746830584
      vertex -5.1713392950129435 -51.75251262658471 8.494974746830584
      vertex -5.418826668428235 -52 8.676148078402347
    endloop
  endfacet
  facet normal 0.13278817609608815 -0.4955722198350723 0.8583562635740553
    outer loop
      vertex -5.6 -52.494974746830586 8.494974746830584
      vertex -5.509413334214117 -52.15690070762941 8.676148078402347
      vertex -5.6 -52.18117333157176 8.676148078402347
    endloop
  endfacet
  facet normal -0.13278817609608815 -0.4955722198350723 0.8583562635740553
    outer loop
      vertex -5.6 -52.494974746830586 8.494974746830584
      vertex -5.6 -52.18117333157176 8.676148078402347
      vertex -5.690586665785882 -52.15690070762941 8.676148078402347
    endloop
  endfacet
  facet normal 0.3627840437389644 -0.3627840437389691 0.8583562635740516
    outer loop
      vertex -5.352512626584708 -52.42866070498706 8.494974746830584
      vertex -5.44309929237059 -52.090586665785885 8.676148078402347
      vertex -5.509413334214117 -52.15690070762941 8.676148078402347
    endloop
  endfacet
  facet normal 0 0 1
    outer loop
      vertex -5.690586665785882 -52.15690070762941 8.676148078402347
      vertex -5.6 -52.18117333157176 8.676148078402347
      vertex -5.690586665785882 -51.84309929237059 8.676148078402347
    endloop
  endfacet
  facet normal 0 0 1
    outer loop
      vertex -5.690586665785882 -52.15690070762941 8.676148078402347
      vertex -5.690586665785882 -51.84309929237059 8.676148078402347
      vertex -5.756900707629409 -51.909413334214115 8.676148078402347
    endloop
  endfacet
  facet normal 0 0 1
    outer loop
      vertex -5.690586665785882 -52.15690070762941 8.676148078402347
      vertex -5.756900707629409 -51.909413334214115 8.676148078402347
      vertex -5.756900707629409 -52.090586665785885 8.676148078402347
    endloop
  endfacet
  facet normal 0 0 1
    outer loop
      vertex -5.6 -52.18117333157176 8.676148078402347
      vertex -5.509413334214117 -52.15690070762941 8.676148078402347
      vertex -5.6 -51.81882666842824 8.676148078402347
    endloop
  endfacet
  facet normal 0 0 1
    outer loop
      vertex -5.6 -52.18117333157176 8.676148078402347
      vertex -5.6 -51.81882666842824 8.676148078402347
      vertex -5.690586665785882 -51.84309929237059 8.676148078402347
    endloop
  endfacet
  facet normal 0 0 1
    outer loop
      vertex -5.509413334214117 -52.15690070762941 8.676148078402347
      vertex -5.44309929237059 -52.090586665785885 8.676148078402347
      vertex -5.509413334214117 -51.84309929237059 8.676148078402347
    endloop
  endfacet
  facet normal 0 0 1
    outer loop
      vertex -5.44309929237059 -52.090586665785885 8.676148078402347
      vertex -5.44309929237059 -51.909413334214115 8.676148078402347
      vertex -5.509413334214117 -51.84309929237059 8.676148078402347
    endloop
  endfacet
  facet normal 0 0 1
    outer loop
      vertex -5.509413334214117 -52.15690070762941 8.676148078402347
      vertex -5.509413334214117 -51.84309929237059 8.676148078402347
      vertex -5.6 -51.81882666842824 8.676148078402347
    endloop
  endfacet
  facet normal 0 0 1
    outer loop
      vertex -5.44309929237059 -52.090586665785885 8.676148078402347
      vertex -5.418826668428235 -52 8.676148078402347
      vertex -5.44309929237059 -51.909413334214115 8.676148078402347
    endloop
  endfacet
  facet normal 0.4955722198350789 -0.1327881760961055 0.8583562635740489
    outer loop
      vertex -5.1713392950129435 -52.24748737341529 8.494974746830584
      vertex -5.418826668428235 -52 8.676148078402347
      vertex -5.44309929237059 -52.090586665785885 8.676148078402347
    endloop
  endfacet
  facet normal 0.4955722198350789 0.1327881760961055 0.8583562635740489
    outer loop
      vertex -5.1713392950129435 -51.75251262658471 8.494974746830584
      vertex -5.44309929237059 -51.909413334214115 8.676148078402347
      vertex -5.418826668428235 -52 8.676148078402347
    endloop
  endfacet
  facet normal -0.13278817609610408 0.4955722198350712 0.8583562635740534
    outer loop
      vertex -5.847487373415292 -51.57133929501294 8.494974746830584
      vertex -5.6 -51.81882666842824 8.676148078402347
      vertex -5.6 -51.505025253169414 8.494974746830584
    endloop
  endfacet
  facet normal 0.13278817609610505 0.4955722198350748 0.8583562635740513
    outer loop
      vertex -5.6 -51.505025253169414 8.494974746830584
      vertex -5.509413334214117 -51.84309929237059 8.676148078402347
      vertex -5.352512626584708 -51.57133929501294 8.494974746830584
    endloop
  endfacet
  facet normal 0.36278404373897666 0.3627840437389642 0.8583562635740485
    outer loop
      vertex -5.352512626584708 -51.57133929501294 8.494974746830584
      vertex -5.44309929237059 -51.909413334214115 8.676148078402347
      vertex -5.1713392950129435 -51.75251262658471 8.494974746830584
    endloop
  endfacet
  facet normal -0.13278817609609048 0.4955722198350819 0.8583562635740494
    outer loop
      vertex -5.847487373415292 -51.57133929501294 8.494974746830584
      vertex -5.690586665785882 -51.84309929237059 8.676148078402347
      vertex -5.6 -51.81882666842824 8.676148078402347
    endloop
  endfacet
  facet normal 0.13278817609608815 0.4955722198350723 0.8583562635740553
    outer loop
      vertex -5.6 -51.505025253169414 8.494974746830584
      vertex -5.6 -51.81882666842824 8.676148078402347
      vertex -5.509413334214117 -51.84309929237059 8.676148078402347
    endloop
  endfacet
  facet normal 0.3627840437389644 0.3627840437389691 0.8583562635740516
    outer loop
      vertex -5.352512626584708 -51.57133929501294 8.494974746830584
      vertex -5.509413334214117 -51.84309929237059 8.676148078402347
      vertex -5.44309929237059 -51.909413334214115 8.676148078402347
    endloop
  endfacet
  facet normal -0.36278404373895645 -0.3627840437389886 -0.8583562635740469
    outer loop
      vertex -52.19798989873223 5.402010101267766 7.386612204649416
      vertex -52.42866070498706 5.352512626584708 7.505025253169417
      vertex -52.242487113059646 5.46 7.380909525217808
    endloop
  endfacet
  facet normal -0.49557221983508903 -0.13278817609608395 -0.8583562635740463
    outer loop
      vertex -52.27045923136094 5.527530667371294 7.386612204649416
      vertex -52.242487113059646 5.46 7.380909525217808
      vertex -52.42866070498706 5.352512626584708 7.505025253169417
    endloop
  endfacet
  facet normal -0.4955722198350751 -0.13278817609612262 -0.8583562635740484
    outer loop
      vertex -52.27045923136094 5.527530667371294 7.386612204649416
      vertex -52.494974746830586 5.6 7.505025253169417
      vertex -52.28 5.6 7.380909525217808
    endloop
  endfacet
  facet normal -0.4955722198350751 0.13278817609612262 -0.8583562635740484
    outer loop
      vertex -52.28 5.6 7.380909525217808
      vertex -52.494974746830586 5.6 7.505025253169417
      vertex -52.27045923136094 5.6724693326287055 7.386612204649416
    endloop
  endfacet
  facet normal -0.49557221983508903 0.13278817609608395 -0.8583562635740463
    outer loop
      vertex -52.27045923136094 5.6724693326287055 7.386612204649416
      vertex -52.42866070498706 5.847487373415292 7.505025253169417
      vertex -52.242487113059646 5.739999999999999 7.380909525217808
    endloop
  endfacet
  facet normal -0.36278404373898443 -0.36278404373896594 -0.8583562635740446
    outer loop
      vertex -52.19798989873223 5.402010101267766 7.386612204649416
      vertex -52.14 5.3575128869403565 7.380909525217808
      vertex -52.24748737341529 5.1713392950129435 7.505025253169417
    endloop
  endfacet
  facet normal -0.13278817609611607 -0.49557221983507677 -0.8583562635740483
    outer loop
      vertex -52.07246933262871 5.329540768639061 7.386612204649415
      vertex -52.24748737341529 5.1713392950129435 7.505025253169417
      vertex -52.14 5.3575128869403565 7.380909525217808
    endloop
  endfacet
  facet normal 0.132788176096099 -0.4955722198350798 -0.8583562635740493
    outer loop
      vertex -52 5.319999999999999 7.380909525217808
      vertex -51.92753066737129 5.329540768639061 7.386612204649415
      vertex -52 5.1050252531694165 7.505025253169417
    endloop
  endfacet
  facet normal -0.13278817609609897 -0.4955722198350797 -0.8583562635740493
    outer loop
      vertex -52.07246933262871 5.329540768639061 7.386612204649415
      vertex -52 5.319999999999999 7.380909525217808
      vertex -52 5.1050252531694165 7.505025253169417
    endloop
  endfacet
  facet normal -0.36278404373895645 0.3627840437389886 -0.8583562635740469
    outer loop
      vertex -52.242487113059646 5.739999999999999 7.380909525217808
      vertex -52.42866070498706 5.847487373415292 7.505025253169417
      vertex -52.19798989873223 5.797989898732233 7.386612204649416
    endloop
  endfacet
  facet normal -0.36278404373898443 0.36278404373896594 -0.8583562635740446
    outer loop
      vertex -52.19798989873223 5.797989898732233 7.386612204649416
      vertex -52.24748737341529 6.028660704987056 7.505025253169417
      vertex -52.14 5.842487113059643 7.380909525217808
    endloop
  endfacet
  facet normal -0.13278817609611607 0.49557221983507677 -0.8583562635740483
    outer loop
      vertex -52.14 5.842487113059643 7.380909525217808
      vertex -52.24748737341529 6.028660704987056 7.505025253169417
      vertex -52.07246933262871 5.870459231360939 7.386612204649415
    endloop
  endfacet
  facet normal 0.132788176096099 0.4955722198350798 -0.8583562635740493
    outer loop
      vertex -52 5.88 7.380909525217808
      vertex -52 6.094974746830583 7.505025253169417
      vertex -51.92753066737129 5.870459231360939 7.386612204649415
    endloop
  endfacet
  facet normal -0.13278817609609897 0.4955722198350797 -0.8583562635740493
    outer loop
      vertex -52.07246933262871 5.870459231360939 7.386612204649415
      vertex -52 6.094974746830583 7.505025253169417
      vertex -52 5.88 7.380909525217808
    endloop
  endfacet
  facet normal 0.36278404373898443 -0.36278404373896583 -0.8583562635740445
    outer loop
      vertex -51.86 5.3575128869403565 7.380909525217808
      vertex -51.80201010126777 5.402010101267766 7.386612204649416
      vertex -51.75251262658471 5.1713392950129435 7.505025253169417
    endloop
  endfacet
  facet normal 0.13278817609611607 -0.49557221983507677 -0.8583562635740483
    outer loop
      vertex -51.92753066737129 5.329540768639061 7.386612204649415
      vertex -51.86 5.3575128869403565 7.380909525217808
      vertex -51.75251262658471 5.1713392950129435 7.505025253169417
    endloop
  endfacet
  facet normal 0.36278404373895645 -0.3627840437389886 -0.8583562635740469
    outer loop
      vertex -51.80201010126777 5.402010101267766 7.386612204649416
      vertex -51.757512886940354 5.46 7.380909525217808
      vertex -51.57133929501294 5.352512626584708 7.505025253169417
    endloop
  endfacet
  facet normal 0.49557221983506605 -0.13278817609607316 -0.8583562635740611
    outer loop
      vertex -51.757512886940354 5.46 7.380909525217808
      vertex -51.72954076863906 5.527530667371294 7.386612204649416
      vertex -51.505025253169414 5.6 7.505025253169417
    endloop
  endfacet
  facet normal 0.4955722198350751 -0.13278817609612262 -0.8583562635740484
    outer loop
      vertex -51.72954076863906 5.527530667371294 7.386612204649416
      vertex -51.72 5.6 7.380909525217808
      vertex -51.505025253169414 5.6 7.505025253169417
    endloop
  endfacet
  facet normal 0.4955722198350751 0.13278817609612262 -0.8583562635740484
    outer loop
      vertex -51.72 5.6 7.380909525217808
      vertex -51.72954076863906 5.6724693326287055 7.386612204649416
      vertex -51.505025253169414 5.6 7.505025253169417
    endloop
  endfacet
  facet normal 0.49557221983508903 0.13278817609608395 -0.8583562635740463
    outer loop
      vertex -51.757512886940354 5.739999999999999 7.380909525217808
      vertex -51.57133929501294 5.847487373415292 7.505025253169417
      vertex -51.72954076863906 5.6724693326287055 7.386612204649416
    endloop
  endfacet
  facet normal 0.36278404373898443 0.36278404373896583 -0.8583562635740445
    outer loop
      vertex -51.86 5.842487113059643 7.380909525217808
      vertex -51.75251262658471 6.028660704987056 7.505025253169417
      vertex -51.80201010126777 5.797989898732233 7.386612204649416
    endloop
  endfacet
  facet normal 0.13278817609611607 0.49557221983507677 -0.8583562635740483
    outer loop
      vertex -51.86 5.842487113059643 7.380909525217808
      vertex -51.92753066737129 5.870459231360939 7.386612204649415
      vertex -51.75251262658471 6.028660704987056 7.505025253169417
    endloop
  endfacet
  facet normal 0.36278404373895645 0.3627840437389886 -0.8583562635740469
    outer loop
      vertex -51.757512886940354 5.739999999999999 7.380909525217808
      vertex -51.80201010126777 5.797989898732233 7.386612204649416
      vertex -51.57133929501294 5.847487373415292 7.505025253169417
    endloop
  endfacet
  facet normal -0.36278404373896156 -0.36278404373897405 -0.8583562635740508
    outer loop
      vertex -52.19798989873223 5.402010101267766 7.386612204649416
      vertex -52.24748737341529 5.1713392950129435 7.505025253169417
      vertex -52.42866070498706 5.352512626584708 7.505025253169417
    endloop
  endfacet
  facet normal -0.4955722198350717 -0.1327881760961042 -0.8583562635740531
    outer loop
      vertex -52.27045923136094 5.527530667371294 7.386612204649416
      vertex -52.42866070498706 5.352512626584708 7.505025253169417
      vertex -52.494974746830586 5.6 7.505025253169417
    endloop
  endfacet
  facet normal -0.4955722198350717 0.1327881760961042 -0.8583562635740531
    outer loop
      vertex -52.27045923136094 5.6724693326287055 7.386612204649416
      vertex -52.494974746830586 5.6 7.505025253169417
      vertex -52.42866070498706 5.847487373415292 7.505025253169417
    endloop
  endfacet
  facet normal -0.13278817609611016 -0.49557221983508176 -0.8583562635740464
    outer loop
      vertex -52.07246933262871 5.329540768639061 7.386612204649415
      vertex -52 5.1050252531694165 7.505025253169417
      vertex -52.24748737341529 5.1713392950129435 7.505025253169417
    endloop
  endfacet
  facet normal 0.13278817609611016 -0.49557221983508176 -0.8583562635740464
    outer loop
      vertex -51.92753066737129 5.329540768639061 7.386612204649415
      vertex -51.75251262658471 5.1713392950129435 7.505025253169417
      vertex -52 5.1050252531694165 7.505025253169417
    endloop
  endfacet
  facet normal -0.36278404373896156 0.36278404373897405 -0.8583562635740508
    outer loop
      vertex -52.19798989873223 5.797989898732233 7.386612204649416
      vertex -52.42866070498706 5.847487373415292 7.505025253169417
      vertex -52.24748737341529 6.028660704987056 7.505025253169417
    endloop
  endfacet
  facet normal -0.13278817609611016 0.49557221983508176 -0.8583562635740464
    outer loop
      vertex -52.07246933262871 5.870459231360939 7.386612204649415
      vertex -52.24748737341529 6.028660704987056 7.505025253169417
      vertex -52 6.094974746830583 7.505025253169417
    endloop
  endfacet
  facet normal 0.13278817609611016 0.49557221983508176 -0.8583562635740464
    outer loop
      vertex -51.92753066737129 5.870459231360939 7.386612204649415
      vertex -52 6.094974746830583 7.505025253169417
      vertex -51.75251262658471 6.028660704987056 7.505025253169417
    endloop
  endfacet
  facet normal 0.36278404373896156 -0.36278404373897405 -0.8583562635740508
    outer loop
      vertex -51.80201010126777 5.402010101267766 7.386612204649416
      vertex -51.57133929501294 5.352512626584708 7.505025253169417
      vertex -51.75251262658471 5.1713392950129435 7.505025253169417
    endloop
  endfacet
  facet normal 0.4955722198350782 -0.13278817609610594 -0.8583562635740491
    outer loop
      vertex -51.757512886940354 5.46 7.380909525217808
      vertex -51.505025253169414 5.6 7.505025253169417
      vertex -51.57133929501294 5.352512626584708 7.505025253169417
    endloop
  endfacet
  facet normal 0.4955722198350717 0.1327881760961042 -0.8583562635740531
    outer loop
      vertex -51.72954076863906 5.6724693326287055 7.386612204649416
      vertex -51.57133929501294 5.847487373415292 7.505025253169417
      vertex -51.505025253169414 5.6 7.505025253169417
    endloop
  endfacet
  facet normal 0.36278404373896156 0.36278404373897405 -0.8583562635740508
    outer loop
      vertex -51.80201010126777 5.797989898732233 7.386612204649416
      vertex -51.75251262658471 6.028660704987056 7.505025253169417
      vertex -51.57133929501294 5.847487373415292 7.505025253169417
    endloop
  endfacet
  facet normal -0.6175653985824818 -0.6175653985825031 -0.48705847384815554
    outer loop
      vertex -52.42866070498706 5.352512626584708 7.505025253169417
      vertex -52.24748737341529 5.1713392950129435 7.505025253169417
      vertex -52.338074039201175 5.014438587383534 7.818826668428235
    endloop
  endfacet
  facet normal -0.8436100229619526 -0.2260446243794526 -0.48705847384814693
    outer loop
      vertex -52.494974746830586 5.6 7.505025253169417
      vertex -52.42866070498706 5.352512626584708 7.505025253169417
      vertex -52.67614807840235 5.6 7.818826668428235
    endloop
  endfacet
  facet normal -0.8436100229619526 0.2260446243794526 -0.48705847384814693
    outer loop
      vertex -52.494974746830586 5.6 7.505025253169417
      vertex -52.67614807840235 5.6 7.818826668428235
      vertex -52.42866070498706 5.847487373415292 7.505025253169417
    endloop
  endfacet
  facet normal -0.22604462437945722 -0.8436100229619495 -0.4870584738481499
    outer loop
      vertex -52.24748737341529 5.1713392950129435 7.505025253169417
      vertex -52 5.1050252531694165 7.505025253169417
      vertex -52 4.9238519215976515 7.818826668428235
    endloop
  endfacet
  facet normal 0.22604462437945722 -0.8436100229619495 -0.4870584738481499
    outer loop
      vertex -52 5.1050252531694165 7.505025253169417
      vertex -51.75251262658471 5.1713392950129435 7.505025253169417
      vertex -52 4.9238519215976515 7.818826668428235
    endloop
  endfacet
  facet normal -0.6175653985825016 -0.6175653985824949 -0.48705847384814116
    outer loop
      vertex -52.42866070498706 5.352512626584708 7.505025253169417
      vertex -52.338074039201175 5.014438587383534 7.818826668428235
      vertex -52.585561412616464 5.261925960798826 7.818826668428235
    endloop
  endfacet
  facet normal -0.843610022961954 -0.2260446243794639 -0.4870584738481391
    outer loop
      vertex -52.42866070498706 5.352512626584708 7.505025253169417
      vertex -52.585561412616464 5.261925960798826 7.818826668428235
      vertex -52.67614807840235 5.6 7.818826668428235
    endloop
  endfacet
  facet normal -0.22604462437945538 -0.8436100229619494 -0.4870584738481512
    outer loop
      vertex -52.24748737341529 5.1713392950129435 7.505025253169417
      vertex -52 4.9238519215976515 7.818826668428235
      vertex -52.338074039201175 5.014438587383534 7.818826668428235
    endloop
  endfacet
  facet normal -0.6175653985824818 0.6175653985825031 -0.48705847384815554
    outer loop
      vertex -52.42866070498706 5.847487373415292 7.505025253169417
      vertex -52.338074039201175 6.185561412616465 7.818826668428235
      vertex -52.24748737341529 6.028660704987056 7.505025253169417
    endloop
  endfacet
  facet normal -0.22604462437945722 0.8436100229619495 -0.4870584738481499
    outer loop
      vertex -52.24748737341529 6.028660704987056 7.505025253169417
      vertex -52 6.276148078402348 7.818826668428235
      vertex -52 6.094974746830583 7.505025253169417
    endloop
  endfacet
  facet normal 0.22604462437945722 0.8436100229619495 -0.4870584738481499
    outer loop
      vertex -52 6.094974746830583 7.505025253169417
      vertex -52 6.276148078402348 7.818826668428235
      vertex -51.75251262658471 6.028660704987056 7.505025253169417
    endloop
  endfacet
  facet normal -0.843610022961954 0.2260446243794639 -0.4870584738481391
    outer loop
      vertex -52.42866070498706 5.847487373415292 7.505025253169417
      vertex -52.67614807840235 5.6 7.818826668428235
      vertex -52.585561412616464 5.938074039201173 7.818826668428235
    endloop
  endfacet
  facet normal -0.6175653985825016 0.6175653985824949 -0.48705847384814116
    outer loop
      vertex -52.42866070498706 5.847487373415292 7.505025253169417
      vertex -52.585561412616464 5.938074039201173 7.818826668428235
      vertex -52.338074039201175 6.185561412616465 7.818826668428235
    endloop
  endfacet
  facet normal -0.22604462437945538 0.8436100229619494 -0.4870584738481512
    outer loop
      vertex -52.24748737341529 6.028660704987056 7.505025253169417
      vertex -52.338074039201175 6.185561412616465 7.818826668428235
      vertex -52 6.276148078402348 7.818826668428235
    endloop
  endfacet
  facet normal 0.6175653985824818 -0.6175653985825031 -0.48705847384815554
    outer loop
      vertex -51.75251262658471 5.1713392950129435 7.505025253169417
      vertex -51.57133929501294 5.352512626584708 7.505025253169417
      vertex -51.661925960798825 5.014438587383534 7.818826668428235
    endloop
  endfacet
  facet normal 0.8436100229619526 -0.2260446243794526 -0.48705847384814693
    outer loop
      vertex -51.57133929501294 5.352512626584708 7.505025253169417
      vertex -51.505025253169414 5.6 7.505025253169417
      vertex -51.32385192159765 5.6 7.818826668428235
    endloop
  endfacet
  facet normal 0.8436100229619526 0.2260446243794526 -0.48705847384814693
    outer loop
      vertex -51.505025253169414 5.6 7.505025253169417
      vertex -51.57133929501294 5.847487373415292 7.505025253169417
      vertex -51.32385192159765 5.6 7.818826668428235
    endloop
  endfacet
  facet normal 0.22604462437945538 -0.8436100229619494 -0.4870584738481512
    outer loop
      vertex -51.75251262658471 5.1713392950129435 7.505025253169417
      vertex -51.661925960798825 5.014438587383534 7.818826668428235
      vertex -52 4.9238519215976515 7.818826668428235
    endloop
  endfacet
  facet normal 0.6175653985825016 -0.6175653985824949 -0.48705847384814116
    outer loop
      vertex -51.57133929501294 5.352512626584708 7.505025253169417
      vertex -51.414438587383536 5.261925960798826 7.818826668428235
      vertex -51.661925960798825 5.014438587383534 7.818826668428235
    endloop
  endfacet
  facet normal 0.843610022961954 -0.2260446243794639 -0.4870584738481391
    outer loop
      vertex -51.57133929501294 5.352512626584708 7.505025253169417
      vertex -51.32385192159765 5.6 7.818826668428235
      vertex -51.414438587383536 5.261925960798826 7.818826668428235
    endloop
  endfacet
  facet normal 0.6175653985824818 0.6175653985825031 -0.48705847384815554
    outer loop
      vertex -51.75251262658471 6.028660704987056 7.505025253169417
      vertex -51.661925960798825 6.185561412616465 7.818826668428235
      vertex -51.57133929501294 5.847487373415292 7.505025253169417
    endloop
  endfacet
  facet normal 0.22604462437945538 0.8436100229619494 -0.4870584738481512
    outer loop
      vertex -51.75251262658471 6.028660704987056 7.505025253169417
      vertex -52 6.276148078402348 7.818826668428235
      vertex -51.661925960798825 6.185561412616465 7.818826668428235
    endloop
  endfacet
  facet normal 0.6175653985825016 0.6175653985824949 -0.48705847384814116
    outer loop
      vertex -51.57133929501294 5.847487373415292 7.505025253169417
      vertex -51.661925960798825 6.185561412616465 7.818826668428235
      vertex -51.414438587383536 5.938074039201173 7.818826668428235
    endloop
  endfacet
  facet normal 0.843610022961954 0.2260446243794639 -0.4870584738481391
    outer loop
      vertex -51.57133929501294 5.847487373415292 7.505025253169417
      vertex -51.414438587383536 5.938074039201173 7.818826668428235
      vertex -51.32385192159765 5.6 7.818826668428235
    endloop
  endfacet
  facet normal -0.7071067811865513 -0.7071067811865437 0
    outer loop
      vertex -52.585561412616464 5.261925960798826 7.818826668428235
      vertex -52.338074039201175 5.014438587383534 7.818826668428235
      vertex -52.585561412616464 5.261925960798826 8.181173331571765
    endloop
  endfacet
  facet normal -0.9659258262890661 -0.25881904510252857 0
    outer loop
      vertex -52.585561412616464 5.261925960798826 7.818826668428235
      vertex -52.585561412616464 5.261925960798826 8.181173331571765
      vertex -52.67614807840235 5.6 7.818826668428235
    endloop
  endfacet
  facet normal -0.9659258262890661 0.25881904510252857 0
    outer loop
      vertex -52.67614807840235 5.6 7.818826668428235
      vertex -52.67614807840235 5.6 8.181173331571765
      vertex -52.585561412616464 5.938074039201173 7.818826668428235
    endloop
  endfacet
  facet normal -0.25881904510252085 -0.9659258262890682 0
    outer loop
      vertex -52 4.9238519215976515 7.818826668428235
      vertex -52.338074039201175 5.014438587383534 8.181173331571765
      vertex -52.338074039201175 5.014438587383534 7.818826668428235
    endloop
  endfacet
  facet normal 0.25881904510252085 -0.9659258262890682 0
    outer loop
      vertex -52 4.9238519215976515 7.818826668428235
      vertex -51.661925960798825 5.014438587383534 7.818826668428235
      vertex -52 4.9238519215976515 8.181173331571765
    endloop
  endfacet
  facet normal -0.7071067811865513 0.7071067811865437 0
    outer loop
      vertex -52.585561412616464 5.938074039201173 7.818826668428235
      vertex -52.338074039201175 6.185561412616465 8.181173331571765
      vertex -52.338074039201175 6.185561412616465 7.818826668428235
    endloop
  endfacet
  facet normal -0.25881904510252085 0.9659258262890682 0
    outer loop
      vertex -52.338074039201175 6.185561412616465 7.818826668428235
      vertex -52 6.276148078402348 8.181173331571765
      vertex -52 6.276148078402348 7.818826668428235
    endloop
  endfacet
  facet normal 0.7071067811865513 -0.7071067811865437 0
    outer loop
      vertex -51.661925960798825 5.014438587383534 7.818826668428235
      vertex -51.414438587383536 5.261925960798826 7.818826668428235
      vertex -51.661925960798825 5.014438587383534 8.181173331571765
    endloop
  endfacet
  facet normal 0.9659258262890661 -0.25881904510252857 0
    outer loop
      vertex -51.414438587383536 5.261925960798826 7.818826668428235
      vertex -51.32385192159765 5.6 7.818826668428235
      vertex -51.32385192159765 5.6 8.181173331571765
    endloop
  endfacet
  facet normal 0.7071067811865513 0.7071067811865437 0
    outer loop
      vertex -51.661925960798825 6.185561412616465 7.818826668428235
      vertex -51.414438587383536 5.938074039201173 8.181173331571765
      vertex -51.414438587383536 5.938074039201173 7.818826668428235
    endloop
  endfacet
  facet normal 0.25881904510252085 0.9659258262890682 0
    outer loop
      vertex -52 6.276148078402348 7.818826668428235
      vertex -51.661925960798825 6.185561412616465 8.181173331571765
      vertex -51.661925960798825 6.185561412616465 7.818826668428235
    endloop
  endfacet
  facet normal 0.9659258262890661 0.25881904510252857 0
    outer loop
      vertex -51.32385192159765 5.6 7.818826668428235
      vertex -51.414438587383536 5.938074039201173 7.818826668428235
      vertex -51.414438587383536 5.938074039201173 8.181173331571765
    endloop
  endfacet
  facet normal -0.7071067811865513 -0.7071067811865437 0
    outer loop
      vertex -52.338074039201175 5.014438587383534 7.818826668428235
      vertex -52.338074039201175 5.014438587383534 8.181173331571765
      vertex -52.585561412616464 5.261925960798826 8.181173331571765
    endloop
  endfacet
  facet normal -0.9659258262890661 -0.25881904510252857 0
    outer loop
      vertex -52.67614807840235 5.6 7.818826668428235
      vertex -52.585561412616464 5.261925960798826 8.181173331571765
      vertex -52.67614807840235 5.6 8.181173331571765
    endloop
  endfacet
  facet normal -0.25881904510252085 -0.9659258262890682 0
    outer loop
      vertex -52 4.9238519215976515 7.818826668428235
      vertex -52 4.9238519215976515 8.181173331571765
      vertex -52.338074039201175 5.014438587383534 8.181173331571765
    endloop
  endfacet
  facet normal -0.9659258262890661 0.25881904510252857 0
    outer loop
      vertex -52.585561412616464 5.938074039201173 7.818826668428235
      vertex -52.67614807840235 5.6 8.181173331571765
      vertex -52.585561412616464 5.938074039201173 8.181173331571765
    endloop
  endfacet
  facet normal -0.7071067811865513 0.7071067811865437 0
    outer loop
      vertex -52.585561412616464 5.938074039201173 7.818826668428235
      vertex -52.585561412616464 5.938074039201173 8.181173331571765
      vertex -52.338074039201175 6.185561412616465 8.181173331571765
    endloop
  endfacet
  facet normal -0.25881904510252085 0.9659258262890682 0
    outer loop
      vertex -52.338074039201175 6.185561412616465 7.818826668428235
      vertex -52.338074039201175 6.185561412616465 8.181173331571765
      vertex -52 6.276148078402348 8.181173331571765
    endloop
  endfacet
  facet normal 0.25881904510252085 0.9659258262890682 0
    outer loop
      vertex -52 6.276148078402348 7.818826668428235
      vertex -52 6.276148078402348 8.181173331571765
      vertex -51.661925960798825 6.185561412616465 8.181173331571765
    endloop
  endfacet
  facet normal 0.25881904510252085 -0.9659258262890682 0
    outer loop
      vertex -51.661925960798825 5.014438587383534 7.818826668428235
      vertex -51.661925960798825 5.014438587383534 8.181173331571765
      vertex -52 4.9238519215976515 8.181173331571765
    endloop
  endfacet
  facet normal 0.7071067811865513 -0.7071067811865437 0
    outer loop
      vertex -51.414438587383536 5.261925960798826 7.818826668428235
      vertex -51.414438587383536 5.261925960798826 8.181173331571765
      vertex -51.661925960798825 5.014438587383534 8.181173331571765
    endloop
  endfacet
  facet normal 0.9659258262890661 -0.25881904510252857 0
    outer loop
      vertex -51.414438587383536 5.261925960798826 7.818826668428235
      vertex -51.32385192159765 5.6 8.181173331571765
      vertex -51.414438587383536 5.261925960798826 8.181173331571765
    endloop
  endfacet
  facet normal 0.9659258262890661 0.25881904510252857 0
    outer loop
      vertex -51.32385192159765 5.6 7.818826668428235
      vertex -51.414438587383536 5.938074039201173 8.181173331571765
      vertex -51.32385192159765 5.6 8.181173331571765
    endloop
  endfacet
  facet normal 0.7071067811865513 0.7071067811865437 0
    outer loop
      vertex -51.661925960798825 6.185561412616465 7.818826668428235
      vertex -51.661925960798825 6.185561412616465 8.181173331571765
      vertex -51.414438587383536 5.938074039201173 8.181173331571765
    endloop
  endfacet
  facet normal -0.6175653985824971 -0.6175653985824904 0.48705847384815226
    outer loop
      vertex -52.585561412616464 5.261925960798826 8.181173331571765
      vertex -52.338074039201175 5.014438587383534 8.181173331571765
      vertex -52.24748737341529 5.1713392950129435 8.494974746830584
    endloop
  endfacet
  facet normal -0.8436100229619548 -0.22604462437946402 0.48705847384813816
    outer loop
      vertex -52.585561412616464 5.261925960798826 8.181173331571765
      vertex -52.42866070498706 5.352512626584708 8.494974746830584
      vertex -52.67614807840235 5.6 8.181173331571765
    endloop
  endfacet
  facet normal -0.22604462437945547 -0.8436100229619499 0.48705847384815015
    outer loop
      vertex -52 4.9238519215976515 8.181173331571765
      vertex -52.24748737341529 5.1713392950129435 8.494974746830584
      vertex -52.338074039201175 5.014438587383534 8.181173331571765
    endloop
  endfacet
  facet normal -0.6175653985824889 -0.61756539858251 0.4870584738481378
    outer loop
      vertex -52.585561412616464 5.261925960798826 8.181173331571765
      vertex -52.24748737341529 5.1713392950129435 8.494974746830584
      vertex -52.42866070498706 5.352512626584708 8.494974746830584
    endloop
  endfacet
  facet normal -0.8436100229619532 -0.2260446243794527 0.4870584738481458
    outer loop
      vertex -52.67614807840235 5.6 8.181173331571765
      vertex -52.42866070498706 5.352512626584708 8.494974746830584
      vertex -52.494974746830586 5.6 8.494974746830584
    endloop
  endfacet
  facet normal -0.8436100229619532 0.2260446243794527 0.4870584738481458
    outer loop
      vertex -52.67614807840235 5.6 8.181173331571765
      vertex -52.494974746830586 5.6 8.494974746830584
      vertex -52.42866070498706 5.847487373415292 8.494974746830584
    endloop
  endfacet
  facet normal -0.22604462437945744 -0.8436100229619502 0.4870584738481489
    outer loop
      vertex -52 4.9238519215976515 8.181173331571765
      vertex -52 5.1050252531694165 8.494974746830584
      vertex -52.24748737341529 5.1713392950129435 8.494974746830584
    endloop
  endfacet
  facet normal 0.22604462437945744 -0.8436100229619502 0.4870584738481489
    outer loop
      vertex -52 4.9238519215976515 8.181173331571765
      vertex -51.75251262658471 5.1713392950129435 8.494974746830584
      vertex -52 5.1050252531694165 8.494974746830584
    endloop
  endfacet
  facet normal -0.8436100229619548 0.22604462437946402 0.4870584738481382
    outer loop
      vertex -52.67614807840235 5.6 8.181173331571765
      vertex -52.42866070498706 5.847487373415292 8.494974746830584
      vertex -52.585561412616464 5.938074039201173 8.181173331571765
    endloop
  endfacet
  facet normal -0.6175653985825019 0.6175653985824952 0.48705847384814
    outer loop
      vertex -52.585561412616464 5.938074039201173 8.181173331571765
      vertex -52.42866070498706 5.847487373415292 8.494974746830584
      vertex -52.338074039201175 6.185561412616465 8.181173331571765
    endloop
  endfacet
  facet normal -0.22604462437945547 0.8436100229619499 0.48705847384815015
    outer loop
      vertex -52.338074039201175 6.185561412616465 8.181173331571765
      vertex -52.24748737341529 6.028660704987056 8.494974746830584
      vertex -52 6.276148078402348 8.181173331571765
    endloop
  endfacet
  facet normal -0.6175653985824823 0.6175653985825035 0.48705847384815454
    outer loop
      vertex -52.338074039201175 6.185561412616465 8.181173331571765
      vertex -52.42866070498706 5.847487373415292 8.494974746830584
      vertex -52.24748737341529 6.028660704987056 8.494974746830584
    endloop
  endfacet
  facet normal -0.22604462437945744 0.8436100229619502 0.4870584738481489
    outer loop
      vertex -52 6.276148078402348 8.181173331571765
      vertex -52.24748737341529 6.028660704987056 8.494974746830584
      vertex -52 6.094974746830583 8.494974746830584
    endloop
  endfacet
  facet normal 0.22604462437945744 0.8436100229619502 0.4870584738481489
    outer loop
      vertex -52 6.276148078402348 8.181173331571765
      vertex -52 6.094974746830583 8.494974746830584
      vertex -51.75251262658471 6.028660704987056 8.494974746830584
    endloop
  endfacet
  facet normal 0.22604462437945547 -0.8436100229619499 0.48705847384815015
    outer loop
      vertex -52 4.9238519215976515 8.181173331571765
      vertex -51.661925960798825 5.014438587383534 8.181173331571765
      vertex -51.75251262658471 5.1713392950129435 8.494974746830584
    endloop
  endfacet
  facet normal 0.6175653985824971 -0.6175653985824904 0.48705847384815226
    outer loop
      vertex -51.661925960798825 5.014438587383534 8.181173331571765
      vertex -51.414438587383536 5.261925960798826 8.181173331571765
      vertex -51.75251262658471 5.1713392950129435 8.494974746830584
    endloop
  endfacet
  facet normal 0.8436100229619548 -0.22604462437946402 0.48705847384813816
    outer loop
      vertex -51.414438587383536 5.261925960798826 8.181173331571765
      vertex -51.32385192159765 5.6 8.181173331571765
      vertex -51.57133929501294 5.352512626584708 8.494974746830584
    endloop
  endfacet
  facet normal 0.6175653985824889 -0.61756539858251 0.4870584738481378
    outer loop
      vertex -51.414438587383536 5.261925960798826 8.181173331571765
      vertex -51.57133929501294 5.352512626584708 8.494974746830584
      vertex -51.75251262658471 5.1713392950129435 8.494974746830584
    endloop
  endfacet
  facet normal 0.8436100229619532 -0.2260446243794527 0.4870584738481458
    outer loop
      vertex -51.32385192159765 5.6 8.181173331571765
      vertex -51.505025253169414 5.6 8.494974746830584
      vertex -51.57133929501294 5.352512626584708 8.494974746830584
    endloop
  endfacet
  facet normal 0.8436100229619532 0.2260446243794527 0.4870584738481458
    outer loop
      vertex -51.32385192159765 5.6 8.181173331571765
      vertex -51.57133929501294 5.847487373415292 8.494974746830584
      vertex -51.505025253169414 5.6 8.494974746830584
    endloop
  endfacet
  facet normal 0.22604462437945547 0.8436100229619499 0.48705847384815015
    outer loop
      vertex -52 6.276148078402348 8.181173331571765
      vertex -51.75251262658471 6.028660704987056 8.494974746830584
      vertex -51.661925960798825 6.185561412616465 8.181173331571765
    endloop
  endfacet
  facet normal 0.6175653985825019 0.6175653985824952 0.48705847384814005
    outer loop
      vertex -51.661925960798825 6.185561412616465 8.181173331571765
      vertex -51.57133929501294 5.847487373415292 8.494974746830584
      vertex -51.414438587383536 5.938074039201173 8.181173331571765
    endloop
  endfacet
  facet normal 0.8436100229619548 0.22604462437946402 0.4870584738481382
    outer loop
      vertex -51.32385192159765 5.6 8.181173331571765
      vertex -51.414438587383536 5.938074039201173 8.181173331571765
      vertex -51.57133929501294 5.847487373415292 8.494974746830584
    endloop
  endfacet
  facet normal 0.6175653985824823 0.6175653985825035 0.48705847384815454
    outer loop
      vertex -51.661925960798825 6.185561412616465 8.181173331571765
      vertex -51.75251262658471 6.028660704987056 8.494974746830584
      vertex -51.57133929501294 5.847487373415292 8.494974746830584
    endloop
  endfacet
  facet normal -0.4955722198350748 -0.13278817609610505 0.8583562635740513
    outer loop
      vertex -52.494974746830586 5.6 8.494974746830584
      vertex -52.42866070498706 5.352512626584708 8.494974746830584
      vertex -52.15690070762941 5.509413334214117 8.676148078402347
    endloop
  endfacet
  facet normal -0.4955722198350748 0.13278817609610505 0.8583562635740513
    outer loop
      vertex -52.494974746830586 5.6 8.494974746830584
      vertex -52.15690070762941 5.690586665785882 8.676148078402347
      vertex -52.42866070498706 5.847487373415292 8.494974746830584
    endloop
  endfacet
  facet normal -0.3627840437389642 -0.36278404373897666 0.8583562635740485
    outer loop
      vertex -52.42866070498706 5.352512626584708 8.494974746830584
      vertex -52.24748737341529 5.1713392950129435 8.494974746830584
      vertex -52.090586665785885 5.44309929237059 8.676148078402347
    endloop
  endfacet
  facet normal -0.1327881760961086 -0.4955722198350761 0.8583562635740498
    outer loop
      vertex -52.24748737341529 5.1713392950129435 8.494974746830584
      vertex -52 5.1050252531694165 8.494974746830584
      vertex -52 5.418826668428235 8.676148078402347
    endloop
  endfacet
  facet normal 0.1327881760961086 -0.4955722198350761 0.8583562635740498
    outer loop
      vertex -52 5.1050252531694165 8.494974746830584
      vertex -51.75251262658471 5.1713392950129435 8.494974746830584
      vertex -52 5.418826668428235 8.676148078402347
    endloop
  endfacet
  facet normal -0.4955722198350723 -0.13278817609608815 0.8583562635740553
    outer loop
      vertex -52.494974746830586 5.6 8.494974746830584
      vertex -52.15690070762941 5.509413334214117 8.676148078402347
      vertex -52.18117333157176 5.6 8.676148078402347
    endloop
  endfacet
  facet normal -0.4955722198350723 0.13278817609608815 0.8583562635740553
    outer loop
      vertex -52.494974746830586 5.6 8.494974746830584
      vertex -52.18117333157176 5.6 8.676148078402347
      vertex -52.15690070762941 5.690586665785882 8.676148078402347
    endloop
  endfacet
  facet normal -0.1327881760961055 -0.4955722198350789 0.8583562635740489
    outer loop
      vertex -52.24748737341529 5.1713392950129435 8.494974746830584
      vertex -52 5.418826668428235 8.676148078402347
      vertex -52.090586665785885 5.44309929237059 8.676148078402347
    endloop
  endfacet
  facet normal 0.1327881760961055 -0.4955722198350789 0.8583562635740489
    outer loop
      vertex -51.75251262658471 5.1713392950129435 8.494974746830584
      vertex -51.909413334214115 5.44309929237059 8.676148078402347
      vertex -52 5.418826668428235 8.676148078402347
    endloop
  endfacet
  facet normal -0.3627840437389691 -0.3627840437389644 0.8583562635740516
    outer loop
      vertex -52.42866070498706 5.352512626584708 8.494974746830584
      vertex -52.090586665785885 5.44309929237059 8.676148078402347
      vertex -52.15690070762941 5.509413334214117 8.676148078402347
    endloop
  endfacet
  facet normal 0 0 1
    outer loop
      vertex -52.18117333157176 5.6 8.676148078402347
      vertex -51.84309929237059 5.690586665785882 8.676148078402347
      vertex -52.15690070762941 5.690586665785882 8.676148078402347
    endloop
  endfacet
  facet normal 0 0 1
    outer loop
      vertex -52.090586665785885 5.44309929237059 8.676148078402347
      vertex -52 5.418826668428235 8.676148078402347
      vertex -51.909413334214115 5.44309929237059 8.676148078402347
    endloop
  endfacet
  facet normal 0 0 1
    outer loop
      vertex -52.090586665785885 5.44309929237059 8.676148078402347
      vertex -51.84309929237059 5.509413334214117 8.676148078402347
      vertex -52.15690070762941 5.509413334214117 8.676148078402347
    endloop
  endfacet
  facet normal 0 0 1
    outer loop
      vertex -52.090586665785885 5.44309929237059 8.676148078402347
      vertex -51.909413334214115 5.44309929237059 8.676148078402347
      vertex -51.84309929237059 5.509413334214117 8.676148078402347
    endloop
  endfacet
  facet normal 0 0 1
    outer loop
      vertex -52.15690070762941 5.509413334214117 8.676148078402347
      vertex -51.84309929237059 5.509413334214117 8.676148078402347
      vertex -51.81882666842824 5.6 8.676148078402347
    endloop
  endfacet
  facet normal 0 0 1
    outer loop
      vertex -52.15690070762941 5.509413334214117 8.676148078402347
      vertex -51.81882666842824 5.6 8.676148078402347
      vertex -52.18117333157176 5.6 8.676148078402347
    endloop
  endfacet
  facet normal 0 0 1
    outer loop
      vertex -52.15690070762941 5.690586665785882 8.676148078402347
      vertex -51.84309929237059 5.690586665785882 8.676148078402347
      vertex -51.909413334214115 5.756900707629409 8.676148078402347
    endloop
  endfacet
  facet normal 0 0 1
    outer loop
      vertex -52.15690070762941 5.690586665785882 8.676148078402347
      vertex -51.909413334214115 5.756900707629409 8.676148078402347
      vertex -52.090586665785885 5.756900707629409 8.676148078402347
    endloop
  endfacet
  facet normal 0 0 1
    outer loop
      vertex -52.18117333157176 5.6 8.676148078402347
      vertex -51.81882666842824 5.6 8.676148078402347
      vertex -51.84309929237059 5.690586665785882 8.676148078402347
    endloop
  endfacet
  facet normal -0.3627840437389642 0.36278404373897666 0.8583562635740485
    outer loop
      vertex -52.42866070498706 5.847487373415292 8.494974746830584
      vertex -52.090586665785885 5.756900707629409 8.676148078402347
      vertex -52.24748737341529 6.028660704987056 8.494974746830584
    endloop
  endfacet
  facet normal -0.1327881760961086 0.4955722198350761 0.8583562635740498
    outer loop
      vertex -52.24748737341529 6.028660704987056 8.494974746830584
      vertex -52 5.781173331571765 8.676148078402347
      vertex -52 6.094974746830583 8.494974746830584
    endloop
  endfacet
  facet normal 0.1327881760961086 0.4955722198350761 0.8583562635740498
    outer loop
      vertex -52 6.094974746830583 8.494974746830584
      vertex -52 5.781173331571765 8.676148078402347
      vertex -51.75251262658471 6.028660704987056 8.494974746830584
    endloop
  endfacet
  facet normal -0.3627840437389691 0.3627840437389644 0.8583562635740516
    outer loop
      vertex -52.42866070498706 5.847487373415292 8.494974746830584
      vertex -52.15690070762941 5.690586665785882 8.676148078402347
      vertex -52.090586665785885 5.756900707629409 8.676148078402347
    endloop
  endfacet
  facet normal -0.1327881760961055 0.4955722198350789 0.8583562635740489
    outer loop
      vertex -52.24748737341529 6.028660704987056 8.494974746830584
      vertex -52.090586665785885 5.756900707629409 8.676148078402347
      vertex -52 5.781173331571765 8.676148078402347
    endloop
  endfacet
  facet normal 0.1327881760961055 0.4955722198350789 0.8583562635740489
    outer loop
      vertex -51.75251262658471 6.028660704987056 8.494974746830584
      vertex -52 5.781173331571765 8.676148078402347
      vertex -51.909413334214115 5.756900707629409 8.676148078402347
    endloop
  endfacet
  facet normal 0 0 1
    outer loop
      vertex -52.090586665785885 5.756900707629409 8.676148078402347
      vertex -51.909413334214115 5.756900707629409 8.676148078402347
      vertex -52 5.781173331571765 8.676148078402347
    endloop
  endfacet
  facet normal 0.3627840437389642 -0.36278404373897666 0.8583562635740485
    outer loop
      vertex -51.75251262658471 5.1713392950129435 8.494974746830584
      vertex -51.57133929501294 5.352512626584708 8.494974746830584
      vertex -51.909413334214115 5.44309929237059 8.676148078402347
    endloop
  endfacet
  facet normal 0.4955722198350747 -0.13278817609610502 0.8583562635740513
    outer loop
      vertex -51.57133929501294 5.352512626584708 8.494974746830584
      vertex -51.505025253169414 5.6 8.494974746830584
      vertex -51.84309929237059 5.509413334214117 8.676148078402347
    endloop
  endfacet
  facet normal 0.4955722198350712 0.13278817609610408 0.8583562635740534
    outer loop
      vertex -51.505025253169414 5.6 8.494974746830584
      vertex -51.57133929501294 5.847487373415292 8.494974746830584
      vertex -51.81882666842824 5.6 8.676148078402347
    endloop
  endfacet
  facet normal 0.3627840437389691 -0.3627840437389644 0.8583562635740516
    outer loop
      vertex -51.57133929501294 5.352512626584708 8.494974746830584
      vertex -51.84309929237059 5.509413334214117 8.676148078402347
      vertex -51.909413334214115 5.44309929237059 8.676148078402347
    endloop
  endfacet
  facet normal 0.4955722198350723 -0.13278817609608815 0.8583562635740553
    outer loop
      vertex -51.505025253169414 5.6 8.494974746830584
      vertex -51.81882666842824 5.6 8.676148078402347
      vertex -51.84309929237059 5.509413334214117 8.676148078402347
    endloop
  endfacet
  facet normal 0.4955722198350819 0.13278817609609048 0.8583562635740494
    outer loop
      vertex -51.57133929501294 5.847487373415292 8.494974746830584
      vertex -51.84309929237059 5.690586665785882 8.676148078402347
      vertex -51.81882666842824 5.6 8.676148078402347
    endloop
  endfacet
  facet normal 0.3627840437389642 0.36278404373897666 0.8583562635740485
    outer loop
      vertex -51.75251262658471 6.028660704987056 8.494974746830584
      vertex -51.909413334214115 5.756900707629409 8.676148078402347
      vertex -51.57133929501294 5.847487373415292 8.494974746830584
    endloop
  endfacet
  facet normal 0.3627840437389691 0.3627840437389644 0.8583562635740516
    outer loop
      vertex -51.57133929501294 5.847487373415292 8.494974746830584
      vertex -51.909413334214115 5.756900707629409 8.676148078402347
      vertex -51.84309929237059 5.690586665785882 8.676148078402347
    endloop
  endfacet
  facet normal -0.36278404373896594 -0.36278404373898443 -0.8583562635740446
    outer loop
      vertex 5.402010101267766 51.80201010126777 7.386612204649416
      vertex 5.1713392950129435 51.75251262658471 7.505025253169417
      vertex 5.3575128869403565 51.86 7.380909525217808
    endloop
  endfacet
  facet normal -0.49557221983507677 -0.13278817609611607 -0.8583562635740483
    outer loop
      vertex 5.329540768639061 51.92753066737129 7.386612204649415
      vertex 5.3575128869403565 51.86 7.380909525217808
      vertex 5.1713392950129435 51.75251262658471 7.505025253169417
    endloop
  endfacet
  facet normal -0.3627840437389886 -0.36278404373895645 -0.8583562635740469
    outer loop
      vertex 5.402010101267766 51.80201010126777 7.386612204649416
      vertex 5.46 51.757512886940354 7.380909525217808
      vertex 5.352512626584708 51.57133929501294 7.505025253169417
    endloop
  endfacet
  facet normal -0.13278817609607313 -0.4955722198350659 -0.8583562635740614
    outer loop
      vertex 5.527530667371294 51.72954076863906 7.386612204649416
      vertex 5.6 51.505025253169414 7.505025253169417
      vertex 5.46 51.757512886940354 7.380909525217808
    endloop
  endfacet
  facet normal -0.13278817609612262 -0.4955722198350751 -0.8583562635740484
    outer loop
      vertex 5.527530667371294 51.72954076863906 7.386612204649416
      vertex 5.6 51.72 7.380909525217808
      vertex 5.6 51.505025253169414 7.505025253169417
    endloop
  endfacet
  facet normal 0.13278817609612262 -0.4955722198350751 -0.8583562635740484
    outer loop
      vertex 5.6 51.72 7.380909525217808
      vertex 5.6724693326287055 51.72954076863906 7.386612204649416
      vertex 5.6 51.505025253169414 7.505025253169417
    endloop
  endfacet
  facet normal 0.13278817609608395 -0.49557221983508903 -0.8583562635740463
    outer loop
      vertex 5.6724693326287055 51.72954076863906 7.386612204649416
      vertex 5.739999999999999 51.757512886940354 7.380909525217808
      vertex 5.847487373415292 51.57133929501294 7.505025253169417
    endloop
  endfacet
  facet normal -0.4955722198350797 -0.13278817609609897 -0.8583562635740493
    outer loop
      vertex 5.329540768639061 51.92753066737129 7.386612204649415
      vertex 5.1050252531694165 52 7.505025253169417
      vertex 5.319999999999999 52 7.380909525217808
    endloop
  endfacet
  facet normal -0.4955722198350798 0.132788176096099 -0.8583562635740493
    outer loop
      vertex 5.319999999999999 52 7.380909525217808
      vertex 5.1050252531694165 52 7.505025253169417
      vertex 5.329540768639061 52.07246933262871 7.386612204649415
    endloop
  endfacet
  facet normal -0.49557221983507677 0.13278817609611607 -0.8583562635740483
    outer loop
      vertex 5.329540768639061 52.07246933262871 7.386612204649415
      vertex 5.1713392950129435 52.24748737341529 7.505025253169417
      vertex 5.3575128869403565 52.14 7.380909525217808
    endloop
  endfacet
  facet normal -0.36278404373896583 0.36278404373898443 -0.8583562635740445
    outer loop
      vertex 5.3575128869403565 52.14 7.380909525217808
      vertex 5.1713392950129435 52.24748737341529 7.505025253169417
      vertex 5.402010101267766 52.19798989873223 7.386612204649416
    endloop
  endfacet
  facet normal -0.3627840437389886 0.36278404373895645 -0.8583562635740469
    outer loop
      vertex 5.402010101267766 52.19798989873223 7.386612204649416
      vertex 5.352512626584708 52.42866070498706 7.505025253169417
      vertex 5.46 52.242487113059646 7.380909525217808
    endloop
  endfacet
  facet normal -0.13278817609608395 0.49557221983508903 -0.8583562635740463
    outer loop
      vertex 5.46 52.242487113059646 7.380909525217808
      vertex 5.352512626584708 52.42866070498706 7.505025253169417
      vertex 5.527530667371294 52.27045923136094 7.386612204649416
    endloop
  endfacet
  facet normal -0.13278817609612262 0.4955722198350751 -0.8583562635740484
    outer loop
      vertex 5.527530667371294 52.27045923136094 7.386612204649416
      vertex 5.6 52.494974746830586 7.505025253169417
      vertex 5.6 52.28 7.380909525217808
    endloop
  endfacet
  facet normal 0.13278817609612262 0.4955722198350751 -0.8583562635740484
    outer loop
      vertex 5.6 52.28 7.380909525217808
      vertex 5.6 52.494974746830586 7.505025253169417
      vertex 5.6724693326287055 52.27045923136094 7.386612204649416
    endloop
  endfacet
  facet normal 0.13278817609608395 0.49557221983508903 -0.8583562635740463
    outer loop
      vertex 5.739999999999999 52.242487113059646 7.380909525217808
      vertex 5.6724693326287055 52.27045923136094 7.386612204649416
      vertex 5.847487373415292 52.42866070498706 7.505025253169417
    endloop
  endfacet
  facet normal 0.3627840437389886 -0.36278404373895645 -0.8583562635740469
    outer loop
      vertex 5.739999999999999 51.757512886940354 7.380909525217808
      vertex 5.797989898732233 51.80201010126777 7.386612204649416
      vertex 5.847487373415292 51.57133929501294 7.505025253169417
    endloop
  endfacet
  facet normal 0.36278404373896594 -0.36278404373898443 -0.8583562635740446
    outer loop
      vertex 5.797989898732233 51.80201010126777 7.386612204649416
      vertex 5.842487113059643 51.86 7.380909525217808
      vertex 6.028660704987056 51.75251262658471 7.505025253169417
    endloop
  endfacet
  facet normal 0.49557221983507677 -0.13278817609611607 -0.8583562635740483
    outer loop
      vertex 5.842487113059643 51.86 7.380909525217808
      vertex 5.870459231360939 51.92753066737129 7.386612204649415
      vertex 6.028660704987056 51.75251262658471 7.505025253169417
    endloop
  endfacet
  facet normal 0.4955722198350797 -0.13278817609609897 -0.8583562635740493
    outer loop
      vertex 5.870459231360939 51.92753066737129 7.386612204649415
      vertex 5.88 52 7.380909525217808
      vertex 6.094974746830583 52 7.505025253169417
    endloop
  endfacet
  facet normal 0.4955722198350798 0.132788176096099 -0.8583562635740493
    outer loop
      vertex 5.88 52 7.380909525217808
      vertex 5.870459231360939 52.07246933262871 7.386612204649415
      vertex 6.094974746830583 52 7.505025253169417
    endloop
  endfacet
  facet normal 0.49557221983507677 0.13278817609611607 -0.8583562635740483
    outer loop
      vertex 5.842487113059643 52.14 7.380909525217808
      vertex 6.028660704987056 52.24748737341529 7.505025253169417
      vertex 5.870459231360939 52.07246933262871 7.386612204649415
    endloop
  endfacet
  facet normal 0.36278404373896583 0.36278404373898443 -0.8583562635740445
    outer loop
      vertex 5.842487113059643 52.14 7.380909525217808
      vertex 5.797989898732233 52.19798989873223 7.386612204649416
      vertex 6.028660704987056 52.24748737341529 7.505025253169417
    endloop
  endfacet
  facet normal 0.3627840437389886 0.36278404373895645 -0.8583562635740469
    outer loop
      vertex 5.739999999999999 52.242487113059646 7.380909525217808
      vertex 5.847487373415292 52.42866070498706 7.505025253169417
      vertex 5.797989898732233 52.19798989873223 7.386612204649416
    endloop
  endfacet
  facet normal -0.36278404373897405 -0.36278404373896156 -0.8583562635740508
    outer loop
      vertex 5.402010101267766 51.80201010126777 7.386612204649416
      vertex 5.352512626584708 51.57133929501294 7.505025253169417
      vertex 5.1713392950129435 51.75251262658471 7.505025253169417
    endloop
  endfacet
  facet normal -0.13278817609610594 -0.4955722198350782 -0.8583562635740491
    outer loop
      vertex 5.46 51.757512886940354 7.380909525217808
      vertex 5.6 51.505025253169414 7.505025253169417
      vertex 5.352512626584708 51.57133929501294 7.505025253169417
    endloop
  endfacet
  facet normal 0.1327881760961042 -0.4955722198350717 -0.8583562635740531
    outer loop
      vertex 5.6724693326287055 51.72954076863906 7.386612204649416
      vertex 5.847487373415292 51.57133929501294 7.505025253169417
      vertex 5.6 51.505025253169414 7.505025253169417
    endloop
  endfacet
  facet normal -0.49557221983508176 -0.13278817609611016 -0.8583562635740464
    outer loop
      vertex 5.329540768639061 51.92753066737129 7.386612204649415
      vertex 5.1713392950129435 51.75251262658471 7.505025253169417
      vertex 5.1050252531694165 52 7.505025253169417
    endloop
  endfacet
  facet normal -0.49557221983508176 0.13278817609611016 -0.8583562635740464
    outer loop
      vertex 5.329540768639061 52.07246933262871 7.386612204649415
      vertex 5.1050252531694165 52 7.505025253169417
      vertex 5.1713392950129435 52.24748737341529 7.505025253169417
    endloop
  endfacet
  facet normal -0.36278404373897405 0.36278404373896156 -0.8583562635740508
    outer loop
      vertex 5.402010101267766 52.19798989873223 7.386612204649416
      vertex 5.1713392950129435 52.24748737341529 7.505025253169417
      vertex 5.352512626584708 52.42866070498706 7.505025253169417
    endloop
  endfacet
  facet normal -0.1327881760961042 0.4955722198350717 -0.8583562635740531
    outer loop
      vertex 5.527530667371294 52.27045923136094 7.386612204649416
      vertex 5.352512626584708 52.42866070498706 7.505025253169417
      vertex 5.6 52.494974746830586 7.505025253169417
    endloop
  endfacet
  facet normal 0.1327881760961042 0.4955722198350717 -0.8583562635740531
    outer loop
      vertex 5.6724693326287055 52.27045923136094 7.386612204649416
      vertex 5.6 52.494974746830586 7.505025253169417
      vertex 5.847487373415292 52.42866070498706 7.505025253169417
    endloop
  endfacet
  facet normal 0.36278404373897405 -0.36278404373896156 -0.8583562635740508
    outer loop
      vertex 5.797989898732233 51.80201010126777 7.386612204649416
      vertex 6.028660704987056 51.75251262658471 7.505025253169417
      vertex 5.847487373415292 51.57133929501294 7.505025253169417
    endloop
  endfacet
  facet normal 0.49557221983508176 -0.13278817609611016 -0.8583562635740464
    outer loop
      vertex 5.870459231360939 51.92753066737129 7.386612204649415
      vertex 6.094974746830583 52 7.505025253169417
      vertex 6.028660704987056 51.75251262658471 7.505025253169417
    endloop
  endfacet
  facet normal 0.49557221983508176 0.13278817609611016 -0.8583562635740464
    outer loop
      vertex 5.870459231360939 52.07246933262871 7.386612204649415
      vertex 6.028660704987056 52.24748737341529 7.505025253169417
      vertex 6.094974746830583 52 7.505025253169417
    endloop
  endfacet
  facet normal 0.36278404373897405 0.36278404373896156 -0.8583562635740508
    outer loop
      vertex 5.797989898732233 52.19798989873223 7.386612204649416
      vertex 5.847487373415292 52.42866070498706 7.505025253169417
      vertex 6.028660704987056 52.24748737341529 7.505025253169417
    endloop
  endfacet
  facet normal -0.6175653985825031 -0.6175653985824818 -0.48705847384815554
    outer loop
      vertex 5.1713392950129435 51.75251262658471 7.505025253169417
      vertex 5.352512626584708 51.57133929501294 7.505025253169417
      vertex 5.014438587383534 51.661925960798825 7.818826668428235
    endloop
  endfacet
  facet normal -0.2260446243794526 -0.8436100229619526 -0.48705847384814693
    outer loop
      vertex 5.352512626584708 51.57133929501294 7.505025253169417
      vertex 5.6 51.505025253169414 7.505025253169417
      vertex 5.6 51.32385192159765 7.818826668428235
    endloop
  endfacet
  facet normal 0.2260446243794526 -0.8436100229619526 -0.48705847384814693
    outer loop
      vertex 5.6 51.505025253169414 7.505025253169417
      vertex 5.847487373415292 51.57133929501294 7.505025253169417
      vertex 5.6 51.32385192159765 7.818826668428235
    endloop
  endfacet
  facet normal -0.8436100229619494 -0.22604462437945538 -0.4870584738481512
    outer loop
      vertex 5.1713392950129435 51.75251262658471 7.505025253169417
      vertex 5.014438587383534 51.661925960798825 7.818826668428235
      vertex 4.9238519215976515 52 7.818826668428235
    endloop
  endfacet
  facet normal -0.6175653985824949 -0.6175653985825016 -0.48705847384814116
    outer loop
      vertex 5.352512626584708 51.57133929501294 7.505025253169417
      vertex 5.261925960798826 51.414438587383536 7.818826668428235
      vertex 5.014438587383534 51.661925960798825 7.818826668428235
    endloop
  endfacet
  facet normal -0.2260446243794639 -0.843610022961954 -0.4870584738481391
    outer loop
      vertex 5.352512626584708 51.57133929501294 7.505025253169417
      vertex 5.6 51.32385192159765 7.818826668428235
      vertex 5.261925960798826 51.414438587383536 7.818826668428235
    endloop
  endfacet
  facet normal -0.8436100229619495 -0.22604462437945722 -0.4870584738481499
    outer loop
      vertex 5.1713392950129435 51.75251262658471 7.505025253169417
      vertex 4.9238519215976515 52 7.818826668428235
      vertex 5.1050252531694165 52 7.505025253169417
    endloop
  endfacet
  facet normal -0.8436100229619495 0.22604462437945722 -0.4870584738481499
    outer loop
      vertex 5.1050252531694165 52 7.505025253169417
      vertex 4.9238519215976515 52 7.818826668428235
      vertex 5.1713392950129435 52.24748737341529 7.505025253169417
    endloop
  endfacet
  facet normal -0.6175653985825031 0.6175653985824818 -0.48705847384815554
    outer loop
      vertex 5.1713392950129435 52.24748737341529 7.505025253169417
      vertex 5.014438587383534 52.338074039201175 7.818826668428235
      vertex 5.352512626584708 52.42866070498706 7.505025253169417
    endloop
  endfacet
  facet normal -0.2260446243794526 0.8436100229619526 -0.48705847384814693
    outer loop
      vertex 5.352512626584708 52.42866070498706 7.505025253169417
      vertex 5.6 52.67614807840235 7.818826668428235
      vertex 5.6 52.494974746830586 7.505025253169417
    endloop
  endfacet
  facet normal 0.2260446243794526 0.8436100229619526 -0.48705847384814693
    outer loop
      vertex 5.6 52.494974746830586 7.505025253169417
      vertex 5.6 52.67614807840235 7.818826668428235
      vertex 5.847487373415292 52.42866070498706 7.505025253169417
    endloop
  endfacet
  facet normal -0.8436100229619494 0.22604462437945538 -0.4870584738481512
    outer loop
      vertex 5.1713392950129435 52.24748737341529 7.505025253169417
      vertex 4.9238519215976515 52 7.818826668428235
      vertex 5.014438587383534 52.338074039201175 7.818826668428235
    endloop
  endfacet
  facet normal -0.6175653985824949 0.6175653985825016 -0.48705847384814116
    outer loop
      vertex 5.352512626584708 52.42866070498706 7.505025253169417
      vertex 5.014438587383534 52.338074039201175 7.818826668428235
      vertex 5.261925960798826 52.585561412616464 7.818826668428235
    endloop
  endfacet
  facet normal -0.2260446243794639 0.843610022961954 -0.4870584738481391
    outer loop
      vertex 5.352512626584708 52.42866070498706 7.505025253169417
      vertex 5.261925960798826 52.585561412616464 7.818826668428235
      vertex 5.6 52.67614807840235 7.818826668428235
    endloop
  endfacet
  facet normal 0.6175653985825031 -0.6175653985824818 -0.48705847384815554
    outer loop
      vertex 5.847487373415292 51.57133929501294 7.505025253169417
      vertex 6.028660704987056 51.75251262658471 7.505025253169417
      vertex 6.185561412616465 51.661925960798825 7.818826668428235
    endloop
  endfacet
  facet normal 0.2260446243794639 -0.843610022961954 -0.4870584738481391
    outer loop
      vertex 5.847487373415292 51.57133929501294 7.505025253169417
      vertex 5.938074039201173 51.414438587383536 7.818826668428235
      vertex 5.6 51.32385192159765 7.818826668428235
    endloop
  endfacet
  facet normal 0.6175653985824949 -0.6175653985825016 -0.48705847384814116
    outer loop
      vertex 5.847487373415292 51.57133929501294 7.505025253169417
      vertex 6.185561412616465 51.661925960798825 7.818826668428235
      vertex 5.938074039201173 51.414438587383536 7.818826668428235
    endloop
  endfacet
  facet normal 0.8436100229619494 -0.22604462437945538 -0.4870584738481512
    outer loop
      vertex 6.028660704987056 51.75251262658471 7.505025253169417
      vertex 6.276148078402348 52 7.818826668428235
      vertex 6.185561412616465 51.661925960798825 7.818826668428235
    endloop
  endfacet
  facet normal 0.8436100229619495 -0.22604462437945722 -0.4870584738481499
    outer loop
      vertex 6.028660704987056 51.75251262658471 7.505025253169417
      vertex 6.094974746830583 52 7.505025253169417
      vertex 6.276148078402348 52 7.818826668428235
    endloop
  endfacet
  facet normal 0.8436100229619495 0.22604462437945722 -0.4870584738481499
    outer loop
      vertex 6.094974746830583 52 7.505025253169417
      vertex 6.028660704987056 52.24748737341529 7.505025253169417
      vertex 6.276148078402348 52 7.818826668428235
    endloop
  endfacet
  facet normal 0.6175653985825031 0.6175653985824818 -0.48705847384815554
    outer loop
      vertex 6.028660704987056 52.24748737341529 7.505025253169417
      vertex 5.847487373415292 52.42866070498706 7.505025253169417
      vertex 6.185561412616465 52.338074039201175 7.818826668428235
    endloop
  endfacet
  facet normal 0.8436100229619494 0.22604462437945538 -0.4870584738481512
    outer loop
      vertex 6.028660704987056 52.24748737341529 7.505025253169417
      vertex 6.185561412616465 52.338074039201175 7.818826668428235
      vertex 6.276148078402348 52 7.818826668428235
    endloop
  endfacet
  facet normal 0.2260446243794639 0.843610022961954 -0.4870584738481391
    outer loop
      vertex 5.847487373415292 52.42866070498706 7.505025253169417
      vertex 5.6 52.67614807840235 7.818826668428235
      vertex 5.938074039201173 52.585561412616464 7.818826668428235
    endloop
  endfacet
  facet normal 0.6175653985824949 0.6175653985825016 -0.48705847384814116
    outer loop
      vertex 5.847487373415292 52.42866070498706 7.505025253169417
      vertex 5.938074039201173 52.585561412616464 7.818826668428235
      vertex 6.185561412616465 52.338074039201175 7.818826668428235
    endloop
  endfacet
  facet normal -0.7071067811865437 -0.7071067811865513 0
    outer loop
      vertex 5.261925960798826 51.414438587383536 7.818826668428235
      vertex 5.014438587383534 51.661925960798825 8.181173331571765
      vertex 5.014438587383534 51.661925960798825 7.818826668428235
    endloop
  endfacet
  facet normal -0.25881904510252857 -0.9659258262890661 0
    outer loop
      vertex 5.261925960798826 51.414438587383536 7.818826668428235
      vertex 5.6 51.32385192159765 7.818826668428235
      vertex 5.6 51.32385192159765 8.181173331571765
    endloop
  endfacet
  facet normal -0.9659258262890682 -0.25881904510252085 0
    outer loop
      vertex 4.9238519215976515 52 7.818826668428235
      vertex 5.014438587383534 51.661925960798825 7.818826668428235
      vertex 4.9238519215976515 52 8.181173331571765
    endloop
  endfacet
  facet normal -0.9659258262890682 0.25881904510252085 0
    outer loop
      vertex 4.9238519215976515 52 7.818826668428235
      vertex 5.014438587383534 52.338074039201175 8.181173331571765
      vertex 5.014438587383534 52.338074039201175 7.818826668428235
    endloop
  endfacet
  facet normal -0.7071067811865437 0.7071067811865513 0
    outer loop
      vertex 5.014438587383534 52.338074039201175 7.818826668428235
      vertex 5.261925960798826 52.585561412616464 8.181173331571765
      vertex 5.261925960798826 52.585561412616464 7.818826668428235
    endloop
  endfacet
  facet normal -0.25881904510252857 0.9659258262890661 0
    outer loop
      vertex 5.261925960798826 52.585561412616464 7.818826668428235
      vertex 5.261925960798826 52.585561412616464 8.181173331571765
      vertex 5.6 52.67614807840235 7.818826668428235
    endloop
  endfacet
  facet normal 0.25881904510252857 0.9659258262890661 0
    outer loop
      vertex 5.6 52.67614807840235 7.818826668428235
      vertex 5.6 52.67614807840235 8.181173331571765
      vertex 5.938074039201173 52.585561412616464 7.818826668428235
    endloop
  endfacet
  facet normal 0.25881904510252857 -0.9659258262890661 0
    outer loop
      vertex 5.6 51.32385192159765 7.818826668428235
      vertex 5.938074039201173 51.414438587383536 7.818826668428235
      vertex 5.938074039201173 51.414438587383536 8.181173331571765
    endloop
  endfacet
  facet normal 0.7071067811865437 -0.7071067811865513 0
    outer loop
      vertex 5.938074039201173 51.414438587383536 7.818826668428235
      vertex 6.185561412616465 51.661925960798825 7.818826668428235
      vertex 5.938074039201173 51.414438587383536 8.181173331571765
    endloop
  endfacet
  facet normal 0.9659258262890682 -0.25881904510252085 0
    outer loop
      vertex 6.185561412616465 51.661925960798825 7.818826668428235
      vertex 6.276148078402348 52 7.818826668428235
      vertex 6.185561412616465 51.661925960798825 8.181173331571765
    endloop
  endfacet
  facet normal 0.7071067811865437 0.7071067811865513 0
    outer loop
      vertex 5.938074039201173 52.585561412616464 7.818826668428235
      vertex 6.185561412616465 52.338074039201175 8.181173331571765
      vertex 6.185561412616465 52.338074039201175 7.818826668428235
    endloop
  endfacet
  facet normal 0.9659258262890682 0.25881904510252085 0
    outer loop
      vertex 6.276148078402348 52 7.818826668428235
      vertex 6.185561412616465 52.338074039201175 7.818826668428235
      vertex 6.276148078402348 52 8.181173331571765
    endloop
  endfacet
  facet normal -0.9659258262890682 -0.25881904510252085 0
    outer loop
      vertex 5.014438587383534 51.661925960798825 7.818826668428235
      vertex 5.014438587383534 51.661925960798825 8.181173331571765
      vertex 4.9238519215976515 52 8.181173331571765
    endloop
  endfacet
  facet normal -0.7071067811865437 -0.7071067811865513 0
    outer loop
      vertex 5.261925960798826 51.414438587383536 7.818826668428235
      vertex 5.261925960798826 51.414438587383536 8.181173331571765
      vertex 5.014438587383534 51.661925960798825 8.181173331571765
    endloop
  endfacet
  facet normal -0.25881904510252857 -0.9659258262890661 0
    outer loop
      vertex 5.261925960798826 51.414438587383536 7.818826668428235
      vertex 5.6 51.32385192159765 8.181173331571765
      vertex 5.261925960798826 51.414438587383536 8.181173331571765
    endloop
  endfacet
  facet normal 0.25881904510252857 -0.9659258262890661 0
    outer loop
      vertex 5.6 51.32385192159765 7.818826668428235
      vertex 5.938074039201173 51.414438587383536 8.181173331571765
      vertex 5.6 51.32385192159765 8.181173331571765
    endloop
  endfacet
  facet normal -0.9659258262890682 0.25881904510252085 0
    outer loop
      vertex 4.9238519215976515 52 7.818826668428235
      vertex 4.9238519215976515 52 8.181173331571765
      vertex 5.014438587383534 52.338074039201175 8.181173331571765
    endloop
  endfacet
  facet normal -0.7071067811865437 0.7071067811865513 0
    outer loop
      vertex 5.014438587383534 52.338074039201175 7.818826668428235
      vertex 5.014438587383534 52.338074039201175 8.181173331571765
      vertex 5.261925960798826 52.585561412616464 8.181173331571765
    endloop
  endfacet
  facet normal -0.25881904510252857 0.9659258262890661 0
    outer loop
      vertex 5.6 52.67614807840235 7.818826668428235
      vertex 5.261925960798826 52.585561412616464 8.181173331571765
      vertex 5.6 52.67614807840235 8.181173331571765
    endloop
  endfacet
  facet normal 0.7071067811865437 -0.7071067811865513 0
    outer loop
      vertex 6.185561412616465 51.661925960798825 7.818826668428235
      vertex 6.185561412616465 51.661925960798825 8.181173331571765
      vertex 5.938074039201173 51.414438587383536 8.181173331571765
    endloop
  endfacet
  facet normal 0.25881904510252857 0.9659258262890661 0
    outer loop
      vertex 5.938074039201173 52.585561412616464 7.818826668428235
      vertex 5.6 52.67614807840235 8.181173331571765
      vertex 5.938074039201173 52.585561412616464 8.181173331571765
    endloop
  endfacet
  facet normal 0.7071067811865437 0.7071067811865513 0
    outer loop
      vertex 5.938074039201173 52.585561412616464 7.818826668428235
      vertex 5.938074039201173 52.585561412616464 8.181173331571765
      vertex 6.185561412616465 52.338074039201175 8.181173331571765
    endloop
  endfacet
  facet normal 0.9659258262890682 -0.25881904510252085 0
    outer loop
      vertex 6.276148078402348 52 7.818826668428235
      vertex 6.276148078402348 52 8.181173331571765
      vertex 6.185561412616465 51.661925960798825 8.181173331571765
    endloop
  endfacet
  facet normal 0.9659258262890682 0.25881904510252085 0
    outer loop
      vertex 6.185561412616465 52.338074039201175 7.818826668428235
      vertex 6.185561412616465 52.338074039201175 8.181173331571765
      vertex 6.276148078402348 52 8.181173331571765
    endloop
  endfacet
  facet normal -0.8436100229619499 -0.22604462437945547 0.48705847384815015
    outer loop
      vertex 4.9238519215976515 52 8.181173331571765
      vertex 5.014438587383534 51.661925960798825 8.181173331571765
      vertex 5.1713392950129435 51.75251262658471 8.494974746830584
    endloop
  endfacet
  facet normal -0.6175653985824904 -0.6175653985824971 0.48705847384815226
    outer loop
      vertex 5.261925960798826 51.414438587383536 8.181173331571765
      vertex 5.1713392950129435 51.75251262658471 8.494974746830584
      vertex 5.014438587383534 51.661925960798825 8.181173331571765
    endloop
  endfacet
  facet normal -0.22604462437946402 -0.8436100229619548 0.48705847384813816
    outer loop
      vertex 5.261925960798826 51.414438587383536 8.181173331571765
      vertex 5.6 51.32385192159765 8.181173331571765
      vertex 5.352512626584708 51.57133929501294 8.494974746830584
    endloop
  endfacet
  facet normal -0.61756539858251 -0.6175653985824889 0.4870584738481378
    outer loop
      vertex 5.261925960798826 51.414438587383536 8.181173331571765
      vertex 5.352512626584708 51.57133929501294 8.494974746830584
      vertex 5.1713392950129435 51.75251262658471 8.494974746830584
    endloop
  endfacet
  facet normal -0.2260446243794527 -0.8436100229619532 0.4870584738481458
    outer loop
      vertex 5.6 51.32385192159765 8.181173331571765
      vertex 5.6 51.505025253169414 8.494974746830584
      vertex 5.352512626584708 51.57133929501294 8.494974746830584
    endloop
  endfacet
  facet normal 0.2260446243794527 -0.8436100229619532 0.4870584738481458
    outer loop
      vertex 5.6 51.32385192159765 8.181173331571765
      vertex 5.847487373415292 51.57133929501294 8.494974746830584
      vertex 5.6 51.505025253169414 8.494974746830584
    endloop
  endfacet
  facet normal -0.8436100229619499 0.22604462437945547 0.48705847384815015
    outer loop
      vertex 4.9238519215976515 52 8.181173331571765
      vertex 5.1713392950129435 52.24748737341529 8.494974746830584
      vertex 5.014438587383534 52.338074039201175 8.181173331571765
    endloop
  endfacet
  facet normal -0.6175653985824904 0.6175653985824971 0.48705847384815226
    outer loop
      vertex 5.014438587383534 52.338074039201175 8.181173331571765
      vertex 5.1713392950129435 52.24748737341529 8.494974746830584
      vertex 5.261925960798826 52.585561412616464 8.181173331571765
    endloop
  endfacet
  facet normal -0.22604462437946402 0.8436100229619548 0.48705847384813816
    outer loop
      vertex 5.261925960798826 52.585561412616464 8.181173331571765
      vertex 5.352512626584708 52.42866070498706 8.494974746830584
      vertex 5.6 52.67614807840235 8.181173331571765
    endloop
  endfacet
  facet normal -0.8436100229619502 -0.22604462437945744 0.4870584738481489
    outer loop
      vertex 4.9238519215976515 52 8.181173331571765
      vertex 5.1713392950129435 51.75251262658471 8.494974746830584
      vertex 5.1050252531694165 52 8.494974746830584
    endloop
  endfacet
  facet normal -0.8436100229619502 0.22604462437945744 0.4870584738481489
    outer loop
      vertex 4.9238519215976515 52 8.181173331571765
      vertex 5.1050252531694165 52 8.494974746830584
      vertex 5.1713392950129435 52.24748737341529 8.494974746830584
    endloop
  endfacet
  facet normal -0.61756539858251 0.6175653985824889 0.4870584738481378
    outer loop
      vertex 5.261925960798826 52.585561412616464 8.181173331571765
      vertex 5.1713392950129435 52.24748737341529 8.494974746830584
      vertex 5.352512626584708 52.42866070498706 8.494974746830584
    endloop
  endfacet
  facet normal -0.2260446243794527 0.8436100229619532 0.4870584738481458
    outer loop
      vertex 5.6 52.67614807840235 8.181173331571765
      vertex 5.352512626584708 52.42866070498706 8.494974746830584
      vertex 5.6 52.494974746830586 8.494974746830584
    endloop
  endfacet
  facet normal 0.2260446243794527 0.8436100229619532 0.4870584738481458
    outer loop
      vertex 5.6 52.67614807840235 8.181173331571765
      vertex 5.6 52.494974746830586 8.494974746830584
      vertex 5.847487373415292 52.42866070498706 8.494974746830584
    endloop
  endfacet
  facet normal 0.22604462437946402 -0.8436100229619548 0.4870584738481382
    outer loop
      vertex 5.6 51.32385192159765 8.181173331571765
      vertex 5.938074039201173 51.414438587383536 8.181173331571765
      vertex 5.847487373415292 51.57133929501294 8.494974746830584
    endloop
  endfacet
  facet normal 0.6175653985824952 -0.6175653985825019 0.48705847384814
    outer loop
      vertex 5.938074039201173 51.414438587383536 8.181173331571765
      vertex 6.185561412616465 51.661925960798825 8.181173331571765
      vertex 5.847487373415292 51.57133929501294 8.494974746830584
    endloop
  endfacet
  facet normal 0.8436100229619499 -0.22604462437945547 0.48705847384815015
    outer loop
      vertex 6.185561412616465 51.661925960798825 8.181173331571765
      vertex 6.276148078402348 52 8.181173331571765
      vertex 6.028660704987056 51.75251262658471 8.494974746830584
    endloop
  endfacet
  facet normal 0.6175653985825035 -0.6175653985824823 0.48705847384815454
    outer loop
      vertex 6.185561412616465 51.661925960798825 8.181173331571765
      vertex 6.028660704987056 51.75251262658471 8.494974746830584
      vertex 5.847487373415292 51.57133929501294 8.494974746830584
    endloop
  endfacet
  facet normal 0.8436100229619499 0.22604462437945547 0.48705847384815015
    outer loop
      vertex 6.276148078402348 52 8.181173331571765
      vertex 6.185561412616465 52.338074039201175 8.181173331571765
      vertex 6.028660704987056 52.24748737341529 8.494974746830584
    endloop
  endfacet
  facet normal 0.22604462437946402 0.8436100229619548 0.4870584738481382
    outer loop
      vertex 5.6 52.67614807840235 8.181173331571765
      vertex 5.847487373415292 52.42866070498706 8.494974746830584
      vertex 5.938074039201173 52.585561412616464 8.181173331571765
    endloop
  endfacet
  facet normal 0.6175653985824952 0.6175653985825019 0.48705847384814
    outer loop
      vertex 5.938074039201173 52.585561412616464 8.181173331571765
      vertex 5.847487373415292 52.42866070498706 8.494974746830584
      vertex 6.185561412616465 52.338074039201175 8.181173331571765
    endloop
  endfacet
  facet normal 0.8436100229619502 -0.22604462437945744 0.4870584738481489
    outer loop
      vertex 6.276148078402348 52 8.181173331571765
      vertex 6.094974746830583 52 8.494974746830584
      vertex 6.028660704987056 51.75251262658471 8.494974746830584
    endloop
  endfacet
  facet normal 0.8436100229619502 0.22604462437945744 0.4870584738481489
    outer loop
      vertex 6.276148078402348 52 8.181173331571765
      vertex 6.028660704987056 52.24748737341529 8.494974746830584
      vertex 6.094974746830583 52 8.494974746830584
    endloop
  endfacet
  facet normal 0.6175653985825035 0.6175653985824823 0.48705847384815454
    outer loop
      vertex 6.185561412616465 52.338074039201175 8.181173331571765
      vertex 5.847487373415292 52.42866070498706 8.494974746830584
      vertex 6.028660704987056 52.24748737341529 8.494974746830584
    endloop
  endfacet
  facet normal -0.36278404373897666 -0.3627840437389642 0.8583562635740485
    outer loop
      vertex 5.1713392950129435 51.75251262658471 8.494974746830584
      vertex 5.352512626584708 51.57133929501294 8.494974746830584
      vertex 5.44309929237059 51.909413334214115 8.676148078402347
    endloop
  endfacet
  facet normal -0.13278817609610502 -0.4955722198350747 0.8583562635740513
    outer loop
      vertex 5.352512626584708 51.57133929501294 8.494974746830584
      vertex 5.6 51.505025253169414 8.494974746830584
      vertex 5.509413334214117 51.84309929237059 8.676148078402347
    endloop
  endfacet
  facet normal 0.13278817609610408 -0.4955722198350712 0.8583562635740534
    outer loop
      vertex 5.6 51.505025253169414 8.494974746830584
      vertex 5.847487373415292 51.57133929501294 8.494974746830584
      vertex 5.6 51.81882666842824 8.676148078402347
    endloop
  endfacet
  facet normal -0.3627840437389644 -0.3627840437389691 0.8583562635740516
    outer loop
      vertex 5.352512626584708 51.57133929501294 8.494974746830584
      vertex 5.509413334214117 51.84309929237059 8.676148078402347
      vertex 5.44309929237059 51.909413334214115 8.676148078402347
    endloop
  endfacet
  facet normal -0.13278817609608815 -0.4955722198350723 0.8583562635740553
    outer loop
      vertex 5.6 51.505025253169414 8.494974746830584
      vertex 5.6 51.81882666842824 8.676148078402347
      vertex 5.509413334214117 51.84309929237059 8.676148078402347
    endloop
  endfacet
  facet normal 0.13278817609609048 -0.4955722198350819 0.8583562635740494
    outer loop
      vertex 5.847487373415292 51.57133929501294 8.494974746830584
      vertex 5.690586665785882 51.84309929237059 8.676148078402347
      vertex 5.6 51.81882666842824 8.676148078402347
    endloop
  endfacet
  facet normal -0.4955722198350761 -0.1327881760961086 0.8583562635740498
    outer loop
      vertex 5.1713392950129435 51.75251262658471 8.494974746830584
      vertex 5.418826668428235 52 8.676148078402347
      vertex 5.1050252531694165 52 8.494974746830584
    endloop
  endfacet
  facet normal -0.4955722198350761 0.1327881760961086 0.8583562635740498
    outer loop
      vertex 5.1050252531694165 52 8.494974746830584
      vertex 5.418826668428235 52 8.676148078402347
      vertex 5.1713392950129435 52.24748737341529 8.494974746830584
    endloop
  endfacet
  facet normal -0.36278404373897666 0.3627840437389642 0.8583562635740485
    outer loop
      vertex 5.1713392950129435 52.24748737341529 8.494974746830584
      vertex 5.44309929237059 52.090586665785885 8.676148078402347
      vertex 5.352512626584708 52.42866070498706 8.494974746830584
    endloop
  endfacet
  facet normal -0.13278817609610502 0.4955722198350747 0.8583562635740513
    outer loop
      vertex 5.352512626584708 52.42866070498706 8.494974746830584
      vertex 5.509413334214117 52.15690070762941 8.676148078402347
      vertex 5.6 52.494974746830586 8.494974746830584
    endloop
  endfacet
  facet normal 0.13278817609610505 0.4955722198350748 0.8583562635740513
    outer loop
      vertex 5.6 52.494974746830586 8.494974746830584
      vertex 5.690586665785882 52.15690070762941 8.676148078402347
      vertex 5.847487373415292 52.42866070498706 8.494974746830584
    endloop
  endfacet
  facet normal -0.4955722198350789 -0.1327881760961055 0.8583562635740489
    outer loop
      vertex 5.1713392950129435 51.75251262658471 8.494974746830584
      vertex 5.44309929237059 51.909413334214115 8.676148078402347
      vertex 5.418826668428235 52 8.676148078402347
    endloop
  endfacet
  facet normal -0.4955722198350789 0.1327881760961055 0.8583562635740489
    outer loop
      vertex 5.1713392950129435 52.24748737341529 8.494974746830584
      vertex 5.418826668428235 52 8.676148078402347
      vertex 5.44309929237059 52.090586665785885 8.676148078402347
    endloop
  endfacet
  facet normal -0.3627840437389644 0.3627840437389691 0.8583562635740516
    outer loop
      vertex 5.352512626584708 52.42866070498706 8.494974746830584
      vertex 5.44309929237059 52.090586665785885 8.676148078402347
      vertex 5.509413334214117 52.15690070762941 8.676148078402347
    endloop
  endfacet
  facet normal 0 0 1
    outer loop
      vertex 5.44309929237059 51.909413334214115 8.676148078402347
      vertex 5.44309929237059 52.090586665785885 8.676148078402347
      vertex 5.418826668428235 52 8.676148078402347
    endloop
  endfacet
  facet normal 0 0 1
    outer loop
      vertex 5.509413334214117 51.84309929237059 8.676148078402347
      vertex 5.44309929237059 52.090586665785885 8.676148078402347
      vertex 5.44309929237059 51.909413334214115 8.676148078402347
    endloop
  endfacet
  facet normal 0 0 1
    outer loop
      vertex 5.509413334214117 51.84309929237059 8.676148078402347
      vertex 5.6 51.81882666842824 8.676148078402347
      vertex 5.509413334214117 52.15690070762941 8.676148078402347
    endloop
  endfacet
  facet normal 0 0 1
    outer loop
      vertex 5.509413334214117 51.84309929237059 8.676148078402347
      vertex 5.509413334214117 52.15690070762941 8.676148078402347
      vertex 5.44309929237059 52.090586665785885 8.676148078402347
    endloop
  endfacet
  facet normal 0 0 1
    outer loop
      vertex 5.6 51.81882666842824 8.676148078402347
      vertex 5.690586665785882 51.84309929237059 8.676148078402347
      vertex 5.6 52.18117333157176 8.676148078402347
    endloop
  endfacet
  facet normal 0 0 1
    outer loop
      vertex 5.6 51.81882666842824 8.676148078402347
      vertex 5.6 52.18117333157176 8.676148078402347
      vertex 5.509413334214117 52.15690070762941 8.676148078402347
    endloop
  endfacet
  facet normal 0 0 1
    outer loop
      vertex 5.690586665785882 51.84309929237059 8.676148078402347
      vertex 5.756900707629409 51.909413334214115 8.676148078402347
      vertex 5.690586665785882 52.15690070762941 8.676148078402347
    endloop
  endfacet
  facet normal 0 0 1
    outer loop
      vertex 5.756900707629409 51.909413334214115 8.676148078402347
      vertex 5.756900707629409 52.090586665785885 8.676148078402347
      vertex 5.690586665785882 52.15690070762941 8.676148078402347
    endloop
  endfacet
  facet normal 0 0 1
    outer loop
      vertex 5.690586665785882 51.84309929237059 8.676148078402347
      vertex 5.690586665785882 52.15690070762941 8.676148078402347
      vertex 5.6 52.18117333157176 8.676148078402347
    endloop
  endfacet
  facet normal -0.13278817609608815 0.4955722198350723 0.8583562635740553
    outer loop
      vertex 5.6 52.494974746830586 8.494974746830584
      vertex 5.509413334214117 52.15690070762941 8.676148078402347
      vertex 5.6 52.18117333157176 8.676148078402347
    endloop
  endfacet
  facet normal 0.13278817609608815 0.4955722198350723 0.8583562635740553
    outer loop
      vertex 5.6 52.494974746830586 8.494974746830584
      vertex 5.6 52.18117333157176 8.676148078402347
      vertex 5.690586665785882 52.15690070762941 8.676148078402347
    endloop
  endfacet
  facet normal 0.36278404373897666 -0.3627840437389642 0.8583562635740485
    outer loop
      vertex 5.847487373415292 51.57133929501294 8.494974746830584
      vertex 6.028660704987056 51.75251262658471 8.494974746830584
      vertex 5.756900707629409 51.909413334214115 8.676148078402347
    endloop
  endfacet
  facet normal 0.3627840437389644 -0.3627840437389691 0.8583562635740516
    outer loop
      vertex 5.847487373415292 51.57133929501294 8.494974746830584
      vertex 5.756900707629409 51.909413334214115 8.676148078402347
      vertex 5.690586665785882 51.84309929237059 8.676148078402347
    endloop
  endfacet
  facet normal 0.36278404373897666 0.3627840437389642 0.8583562635740485
    outer loop
      vertex 6.028660704987056 52.24748737341529 8.494974746830584
      vertex 5.847487373415292 52.42866070498706 8.494974746830584
      vertex 5.756900707629409 52.090586665785885 8.676148078402347
    endloop
  endfacet
  facet normal 0.4955722198350761 -0.1327881760961086 0.8583562635740498
    outer loop
      vertex 6.028660704987056 51.75251262658471 8.494974746830584
      vertex 6.094974746830583 52 8.494974746830584
      vertex 5.781173331571765 52 8.676148078402347
    endloop
  endfacet
  facet normal 0.4955722198350761 0.1327881760961086 0.8583562635740498
    outer loop
      vertex 6.094974746830583 52 8.494974746830584
      vertex 6.028660704987056 52.24748737341529 8.494974746830584
      vertex 5.781173331571765 52 8.676148078402347
    endloop
  endfacet
  facet normal 0.4955722198350789 -0.1327881760961055 0.8583562635740489
    outer loop
      vertex 6.028660704987056 51.75251262658471 8.494974746830584
      vertex 5.781173331571765 52 8.676148078402347
      vertex 5.756900707629409 51.909413334214115 8.676148078402347
    endloop
  endfacet
  facet normal 0.4955722198350789 0.1327881760961055 0.8583562635740489
    outer loop
      vertex 6.028660704987056 52.24748737341529 8.494974746830584
      vertex 5.756900707629409 52.090586665785885 8.676148078402347
      vertex 5.781173331571765 52 8.676148078402347
    endloop
  endfacet
  facet normal 0.3627840437389644 0.3627840437389691 0.8583562635740516
    outer loop
      vertex 5.847487373415292 52.42866070498706 8.494974746830584
      vertex 5.690586665785882 52.15690070762941 8.676148078402347
      vertex 5.756900707629409 52.090586665785885 8.676148078402347
    endloop
  endfacet
  facet normal 0 0 1
    outer loop
      vertex 5.756900707629409 51.909413334214115 8.676148078402347
      vertex 5.781173331571765 52 8.676148078402347
      vertex 5.756900707629409 52.090586665785885 8.676148078402347
    endloop
  endfacet
  facet normal 0 0 -1
    outer loop
      vertex 14 10 0
      vertex 14 12.4 0
      vertex 16.4 12.4 0
    endloop
  endfacet
  facet normal 0 0 -1
    outer loop
      vertex 14 10 0
      vertex 16.4 12.4 0
      vertex 16.4 10 0
    endloop
  endfacet
  facet normal -1 0 0
    outer loop
      vertex 14 10 0
      vertex 14 12.4 2.4
      vertex 14 12.4 0
    endloop
  endfacet
  facet normal 0 1 0
    outer loop
      vertex 14 12.4 0
      vertex 14 12.4 2.4
      vertex 16.4 12.4 0
    endloop
  endfacet
  facet normal 0 -1 0
    outer loop
      vertex 14 10 0
      vertex 16.4 10 0
      vertex 16.4 10 2.4
    endloop
  endfacet
  facet normal 1 0 0
    outer loop
      vertex 16.4 10 0
      vertex 16.4 12.4 0
      vertex 16.4 10 2.4
    endloop
  endfacet
  facet normal 0 -1 0
    outer loop
      vertex 14 10 0
      vertex 16.4 10 2.4
      vertex 14 10 2.4
    endloop
  endfacet
  facet normal -1 0 0
    outer loop
      vertex 14 10 0
      vertex 14 10 2.4
      vertex 14 12.4 2.4
    endloop
  endfacet
  facet normal 0 1 0
    outer loop
      vertex 14 12.4 2.4
      vertex 16.4 12.4 2.4
      vertex 16.4 12.4 0
    endloop
  endfacet
  facet normal 1 0 0
    outer loop
      vertex 16.4 10 2.4
      vertex 16.4 12.4 0
      vertex 16.4 12.4 2.4
    endloop
  endfacet
  facet normal 0 0 1
    outer loop
      vertex 14 10 2.4
      vertex 16.4 10 2.4
      vertex 14 12.4 2.4
    endloop
  endfacet
  facet normal 0 0 1
    outer loop
      vertex 14 12.4 2.4
      vertex 16.4 10 2.4
      vertex 16.4 12.4 2.4
    endloop
  endfacet
  facet normal 0 0 -1
    outer loop
      vertex 16.8 10.4 0
      vertex 18.6 12.200000000000001 0
      vertex 18.6 10.4 0
    endloop
  endfacet
  facet normal 0 0 -1
    outer loop
      vertex 16.8 10.4 0
      vertex 16.8 12.200000000000001 0
      vertex 18.6 12.200000000000001 0
    endloop
  endfacet
  facet normal 0 -1 0
    outer loop
      vertex 16.8 10.4 0
      vertex 18.6 10.4 0
      vertex 18.6 10.4 1.8
    endloop
  endfacet
  facet normal -1 0 0
    outer loop
      vertex 16.8 10.4 0
      vertex 16.8 12.200000000000001 1.8
      vertex 16.8 12.200000000000001 0
    endloop
  endfacet
  facet normal 0 1 0
    outer loop
      vertex 16.8 12.200000000000001 0
      vertex 16.8 12.200000000000001 1.8
      vertex 18.6 12.200000000000001 0
    endloop
  endfacet
  facet normal 1 0 0
    outer loop
      vertex 18.6 10.4 0
      vertex 18.6 12.200000000000001 0
      vertex 18.6 10.4 1.8
    endloop
  endfacet
  facet normal -1 0 0
    outer loop
      vertex 16.8 10.4 0
      vertex 16.8 10.4 1.8
      vertex 16.8 12.200000000000001 1.8
    endloop
  endfacet
  facet normal 0 -1 0
    outer loop
      vertex 16.8 10.4 0
      vertex 18.6 10.4 1.8
      vertex 16.8 10.4 1.8
    endloop
  endfacet
  facet normal 0 1 0
    outer loop
      vertex 18.6 12.200000000000001 0
      vertex 16.8 12.200000000000001 1.8
      vertex 18.6 12.200000000000001 1.8
    endloop
  endfacet
  facet normal 1 0 0
    outer loop
      vertex 18.6 10.4 1.8
      vertex 18.6 12.200000000000001 0
      vertex 18.6 12.200000000000001 1.8
    endloop
  endfacet
  facet normal 0 0 1
    outer loop
      vertex 16.8 10.4 1.8
      vertex 18.6 10.4 1.8
      vertex 16.8 12.200000000000001 1.8
    endloop
  endfacet
  facet normal 0 0 1
    outer loop
      vertex 18.6 10.4 1.8
      vertex 18.6 12.200000000000001 1.8
      vertex 16.8 12.200000000000001 1.8
    endloop
  endfacet
  facet normal 0 -1 0
    outer loop
      vertex 14.6 12.8 0
      vertex 16.2 12.8 0
      vertex 16.2 12.8 1.6
    endloop
  endfacet
  facet normal 0 -1 0
    outer loop
      vertex 14.6 12.8 0
      vertex 16.2 12.8 1.6
      vertex 14.6 12.8 1.6
    endloop
  endfacet
  facet normal 0 0 -1
    outer loop
      vertex 14.6 12.8 0
      vertex 14.6 14.4 0
      vertex 16.2 14.4 0
    endloop
  endfacet
  facet normal 0 0 -1
    outer loop
      vertex 14.6 12.8 0
      vertex 16.2 14.4 0
      vertex 16.2 12.8 0
    endloop
  endfacet
  facet normal -1 0 0
    outer loop
      vertex 14.6 12.8 0
      vertex 14.6 14.4 1.6
      vertex 14.6 14.4 0
    endloop
  endfacet
  facet normal 0 1 0
    outer loop
      vertex 14.6 14.4 0
      vertex 14.6 14.4 1.6
      vertex 16.2 14.4 0
    endloop
  endfacet
  facet normal 1 0 0
    outer loop
      vertex 16.2 12.8 0
      vertex 16.2 14.4 0
      vertex 16.2 12.8 1.6
    endloop
  endfacet
  facet normal -1 0 0
    outer loop
      vertex 14.6 12.8 0
      vertex 14.6 12.8 1.6
      vertex 14.6 14.4 1.6
    endloop
  endfacet
  facet normal 1 0 0
    outer loop
      vertex 16.2 14.4 0
      vertex 16.2 14.4 1.6
      vertex 16.2 12.8 1.6
    endloop
  endfacet
  facet normal 0 1 0
    outer loop
      vertex 16.2 14.4 0
      vertex 14.6 14.4 1.6
      vertex 16.2 14.4 1.6
    endloop
  endfacet
  facet normal 0 0 1
    outer loop
      vertex 14.6 12.8 1.6
      vertex 16.2 12.8 1.6
      vertex 14.6 14.4 1.6
    endloop
  endfacet
  facet normal 0 0 1
    outer loop
      vertex 14.6 14.4 1.6
      vertex 16.2 12.8 1.6
      vertex 16.2 14.4 1.6
    endloop
  endfacet
endsolid OpenSCAD_Model
